Gene	Best_K	F_value	P.anova.nominal	P.empirical.selectedP	N.extreme.selectedP	Shapiro_wilks	N_species	N_permutation	Min_possible_P	adj.P.empirical.selectedP	adj.P.anova.nominal
NPSR1	5	16.2228257151957	7.83546754860923e-08	1.2999987000013e-05	12	0.249027520646588	43	1e+06	9.99999000001e-07	0.000708499291500709	4.46487171299404e-06
AANAT	5	15.4642228469419	1.88561490542566e-07	1.5999984000016e-05	15	0.135491366910603	41	1e+06	9.99999000001e-07	0.000708499291500709	4.46487171299404e-06
PRKAA1	4	17.1318436206424	2.3060067946853e-07	1.7999982000018e-05	17	0.167460022256851	45	1e+06	9.99999000001e-07	0.000708499291500709	4.46487171299404e-06
FBXW11	5	14.5036374364548	2.10806696860121e-07	2.6999973000027e-05	26	0.216600330013465	45	1e+06	9.99999000001e-07	0.000708499291500709	4.46487171299404e-06
ADRB1	4	21.709574714158	2.97786848997101e-07	5.3999946000054e-05	53	0.510886735527484	30	1e+06	9.99999000001e-07	0.000708499291500709	4.46487171299404e-06
HDAC1	3	20.0688619872247	1.01690527824302e-06	5.4999945000055e-05	54	0.178610625725519	42	1e+06	9.99999000001e-07	0.000708499291500709	4.46487171299404e-06
HDAC3	3	22.3843908386863	3.77071445790166e-07	6.1999938000062e-05	61	0.125747305540616	41	1e+06	9.99999000001e-07	0.000708499291500709	4.46487171299404e-06
NLGN1	5	13.4348528280247	4.9942716082157e-07	6.7999932000068e-05	67	0.171638587732896	45	1e+06	9.99999000001e-07	0.000708499291500709	4.46487171299404e-06
USP7	6	11.3128677633466	8.74737434953347e-07	8.5999914000086e-05	85	0.216174428615321	45	1e+06	9.99999000001e-07	0.000708499291500709	4.46487171299404e-06
LGR4	7	10.2431786236865	9.80722224547506e-07	9.2999907000093e-05	92	0.34295565877099	45	1e+06	9.99999000001e-07	0.000708499291500709	4.46487171299404e-06
PER2	4	16.9622501336483	2.91163847282353e-07	9.2999907000093e-05	92	0.219841233343733	44	1e+06	9.99999000001e-07	0.000708499291500709	4.46487171299404e-06
CPT1A	4	16.9622501336483	2.91163847282343e-07	9.3999906000094e-05	93	0.219841233343723	44	1e+06	9.99999000001e-07	0.000708499291500709	4.46487171299404e-06
GFPT1	3	19.7774798168775	8.86700961211506e-07	0.000101999898000102	101	0.129711123558971	45	1e+06	9.99999000001e-07	0.000708499291500709	4.46487171299404e-06
MTTP	3	22.3381784816033	2.74421879560161e-07	0.000101999898000102	101	0.162988207425066	44	1e+06	9.99999000001e-07	0.000708499291500709	4.46487171299404e-06
NKX2-1	4	16.5389906666846	5.5958155975779e-07	0.000103999896000104	103	0.41369470990832	41	1e+06	9.99999000001e-07	0.000708499291500709	4.46487171299404e-06
CIPC	4	15.7482604189798	7.28559957039573e-07	0.000115999884000116	115	0.221813736887752	43	1e+06	9.99999000001e-07	0.000708499291500709	4.46487171299404e-06
NGFR	6	11.2239746714712	1.08858261001294e-06	0.000117999882000118	117	0.249025771229961	44	1e+06	9.99999000001e-07	0.000708499291500709	4.46487171299404e-06
THRAP3	4	14.6928066268676	1.21126300017369e-06	0.000140999859000141	140	0.122297760897046	45	1e+06	9.99999000001e-07	0.000708499291500709	4.46487171299404e-06
NR3C1	3	19.9297508869897	8.98632893259042e-07	0.000141999858000142	141	0.182753401537513	44	1e+06	9.99999000001e-07	0.000708499291500709	4.46487171299404e-06
NR1D2	3	21.5289846936716	5.01654723969594e-07	0.000147999852000148	147	0.110710329636329	42	1e+06	9.99999000001e-07	0.000708499291500709	4.46487171299404e-06
TOP2A	3	19.7774798168775	8.86700961211506e-07	0.000164999835000165	164	0.129711123558968	45	1e+06	9.99999000001e-07	0.000708499291500709	4.46487171299404e-06
DRD2	3	19.7774798168776	8.86700961211496e-07	0.000165999834000166	165	0.129711123558975	45	1e+06	9.99999000001e-07	0.000708499291500709	4.46487171299404e-06
NTRK1	3	19.7774798168776	8.86700961211495e-07	0.000165999834000166	165	0.129711123558975	45	1e+06	9.99999000001e-07	0.000708499291500709	4.46487171299404e-06
MAPK10	3	19.7774798168775	8.86700961211506e-07	0.000166999833000167	166	0.129711123558977	45	1e+06	9.99999000001e-07	0.000708499291500709	4.46487171299404e-06
BTBD9	3	19.7774798168776	8.86700961211482e-07	0.000175999824000176	175	0.129711123558975	45	1e+06	9.99999000001e-07	0.000708499291500709	4.46487171299404e-06
SREBF1	4	14.2638834527989	2.22600019195712e-06	0.000176999823000177	176	0.303118666611645	42	1e+06	9.99999000001e-07	0.000708499291500709	5.58452679736612e-06
AGRP	3	19.7774798168777	8.86700961211449e-07	0.000177999822000178	177	0.129711123558977	45	1e+06	9.99999000001e-07	0.000708499291500709	4.46487171299404e-06
AHR	4	14.6928066268676	1.21126300017373e-06	0.00017999982000018	179	0.122297760897043	45	1e+06	9.99999000001e-07	0.000708499291500709	4.46487171299404e-06
ADCY1	7	10.0874935156239	1.33862711855723e-06	0.000184999815000185	184	0.553654980004721	44	1e+06	9.99999000001e-07	0.000708499291500709	4.55770661794485e-06
KLF10	4	14.5366193678718	1.6587748972354e-06	0.000185999814000186	185	0.532446350456765	43	1e+06	9.99999000001e-07	0.000708499291500709	5.01318415767916e-06
PRKAA2	4	14.6928066268676	1.21126300017369e-06	0.00018999981000019	189	0.122297760897043	45	1e+06	9.99999000001e-07	0.000708499291500709	4.46487171299404e-06
BTRC	3	19.3502190416059	1.20816023491417e-06	0.000190999809000191	190	0.137633469571865	44	1e+06	9.99999000001e-07	0.000708499291500709	4.46487171299404e-06
TPH1	3	19.7248887616317	9.97262963305765e-07	0.000192999807000193	192	0.204445717691348	44	1e+06	9.99999000001e-07	0.000708499291500709	4.46487171299404e-06
USP2	3	18.7499599346523	2.16224555240287e-06	0.000192999807000193	192	0.301448978003666	41	1e+06	9.99999000001e-07	0.000708499291500709	5.58452679736612e-06
EGR1	3	19.3502190416059	1.20816023491418e-06	0.000193999806000194	193	0.137633469571865	44	1e+06	9.99999000001e-07	0.000708499291500709	4.46487171299404e-06
HNRNPU	3	19.3080972549827	1.23463916032407e-06	0.000193999806000194	193	0.126838074346231	44	1e+06	9.99999000001e-07	0.000708499291500709	4.46487171299404e-06
FBXW7	3	19.7774798168776	8.86700961211492e-07	0.000195999804000196	195	0.12971112355898	45	1e+06	9.99999000001e-07	0.000708499291500709	4.46487171299404e-06
TOP1	4	13.9146978546214	2.1166433616392e-06	0.000197999802000198	197	0.0887405858462909	45	1e+06	9.99999000001e-07	0.000708499291500709	5.58452679736612e-06
HEBP1	3	20.6250967768472	6.99377638070156e-07	0.000200999799000201	200	0.165972572932747	43	1e+06	9.99999000001e-07	0.000708499291500709	4.46487171299404e-06
ADIPOQ	4	14.759135033262	1.28013804358571e-06	0.000203999796000204	203	0.172323382834481	44	1e+06	9.99999000001e-07	0.000708499291500709	4.46487171299404e-06
ID3	3	18.8802503548075	1.68274712985035e-06	0.000207999792000208	207	0.132380144783817	43	1e+06	9.99999000001e-07	0.000708499291500709	5.01318415767916e-06
ADORA1	4	13.7463192979641	3.19287008912658e-06	0.000208999791000209	208	0.183462765680608	42	1e+06	9.99999000001e-07	0.000708499291500709	7.35763695995708e-06
NR1H3	4	14.6928066268676	1.21126300017368e-06	0.000213999786000214	213	0.12229776089704	45	1e+06	9.99999000001e-07	0.000708499291500709	4.46487171299404e-06
CHRNB2	3	18.7714503730899	1.94811218241313e-06	0.000217999782000218	217	0.166825631201505	42	1e+06	9.99999000001e-07	0.000708499291500709	5.46235376637408e-06
SLC6A4	4	14.6928066268676	1.21126300017368e-06	0.000230999769000231	230	0.122297760897046	45	1e+06	9.99999000001e-07	0.000732159267840732	4.46487171299404e-06
TNFRSF11A	4	14.6098826905262	1.57672363010792e-06	0.000243999756000244	243	0.26073470753777	43	1e+06	9.99999000001e-07	0.000732159267840732	5.01318415767916e-06
SIK1	5	12.1895193759738	2.03015882111871e-06	0.000250999749000251	250	0.296174389526467	42	1e+06	9.99999000001e-07	0.000732159267840732	5.56667628423872e-06
TYMS	3	18.9804614375513	1.59830771726571e-06	0.000251999748000252	251	0.093833240332237	43	1e+06	9.99999000001e-07	0.000732159267840732	5.01318415767916e-06
NOS2	4	14.6928066268676	1.21126300017367e-06	0.000252999747000253	252	0.122297760897037	45	1e+06	9.99999000001e-07	0.000732159267840732	4.46487171299404e-06
CDK1	4	14.6928066268676	1.21126300017369e-06	0.000255999744000256	255	0.122297760897037	45	1e+06	9.99999000001e-07	0.000732159267840732	4.46487171299404e-06
METTL3	4	13.1779756049499	4.35399817793989e-06	0.000264999735000265	264	0.285533343377225	43	1e+06	9.99999000001e-07	0.000743038472647802	8.41380728980277e-06
SUV39H2	3	18.942841886641	1.62947269109366e-06	0.000277999722000278	277	0.0857125159269484	43	1e+06	9.99999000001e-07	0.000752772832132828	5.01318415767916e-06
CRY2	4	14.3343926800967	1.72509694410482e-06	0.000278999721000279	278	0.124700606573205	44	1e+06	9.99999000001e-07	0.000752772832132828	5.03446659197937e-06
MYBBP1A	3	19.6165396226158	1.2724670987147e-06	0.000295999704000296	295	0.128729454918135	42	1e+06	9.99999000001e-07	0.000777718520527094	4.46487171299404e-06
SIAH2	12	7.32931322720032	4.5190384041377e-06	0.000300999699000301	300	0.0469914805987915	44	1e+06	9.99999000001e-07	0.000777718520527094	8.61629989055588e-06
PPP1CC	3	18.6589906060262	2.06317372772484e-06	0.000308999691000309	308	0.0583999296398006	42	1e+06	9.99999000001e-07	0.000777718520527094	5.56667628423872e-06
NR1D1	3	17.9782896819889	2.47759932557219e-06	0.00030999969000031	309	0.123309331225285	44	1e+06	9.99999000001e-07	0.000777718520527094	6.108563854428e-06
ATF4	5	12.3174755111039	1.6167510328417e-06	0.000321999678000322	321	0.317303961301758	43	1e+06	9.99999000001e-07	0.00079389575782838	5.01318415767916e-06
UBE3A	4	13.5266067035693	2.81197652411844e-06	0.000332999667000333	332	0.196819270531718	45	1e+06	9.99999000001e-07	0.000807100887814367	6.70187738248229e-06
SIRT1	3	21.6349657003368	4.77043190624224e-07	0.000366999633000367	366	0.0664959783887219	42	1e+06	9.99999000001e-07	0.000874682458650875	4.46487171299404e-06
ATOH7	3	18.041608432214	7.16887789269868e-06	0.000380999619000381	380	0.358623827241717	33	1e+06	9.99999000001e-07	0.000893163041263188	1.06786410276657e-05
NFIL3	6	6.34249752334784	0.00031453792346731	0.000517999482000518	517	0.721417828122103	39	1e+06	9.99999000001e-07	0.00116349883650116	0.000338187391397183
MC3R	3	17.1406177505409	6.46275002111481e-06	0.000526999473000527	526	0.656684986598853	38	1e+06	9.99999000001e-07	0.00116349883650116	1.02784015580414e-05
PPP1CB	4	13.5582537366821	2.74719240774709e-06	0.000532999467000533	532	0.0839138819349526	45	1e+06	9.99999000001e-07	0.00116349883650116	6.65844939504803e-06
CRY1	5	11.0415347853915	3.97155249315682e-06	0.000535999464000536	535	0.17719145325731	45	1e+06	9.99999000001e-07	0.00116349883650116	8.23089864523806e-06
DRD4	5	13.0466681225728	3.39583244305712e-06	0.000536999463000537	536	0.491532532849949	34	1e+06	9.99999000001e-07	0.00116349883650116	7.35763695995708e-06
KCNA2	3	17.6171149668153	3.53979234618596e-06	0.00054999945000055	549	0.16813887380408	42	1e+06	9.99999000001e-07	0.0011738794231355	7.55507918663571e-06
SFPQ	4	14.4183998789614	1.80076774118885e-06	0.000578999421000579	578	0.110458625061094	43	1e+06	9.99999000001e-07	0.00121760172357475	5.1501957398001e-06
SIN3A	5	10.7508622174597	5.18472795601841e-06	0.000615999384000616	615	0.122119897124107	45	1e+06	9.99999000001e-07	0.00127269872730127	9.15328515692139e-06
CARTPT	4	12.2721948169033	8.51152252453046e-06	0.000622999377000623	622	0.132405148324172	43	1e+06	9.99999000001e-07	0.00127269872730127	1.22944214243218e-05
PPARG	8	8.63616720394021	3.01099802752081e-06	0.00066999933000067	669	0.450811667343328	45	1e+06	9.99999000001e-07	0.00134943527028304	7.05856914648322e-06
KLF9	3	17.5900732072902	3.30473380569328e-06	0.000704999295000705	704	0.371399610314879	43	1e+06	9.99999000001e-07	0.0014002069331264	7.35763695995708e-06
DYRK1A	3	17.5989111811586	3.28923228153978e-06	0.000717999282000718	717	0.321511517831772	43	1e+06	9.99999000001e-07	0.00140649174419319	7.35763695995708e-06
PPARA	6	10.2006789959431	3.36319352309652e-06	0.000735999264000736	735	0.275776646837875	43	1e+06	9.99999000001e-07	0.00142226884800142	7.35763695995708e-06
SOX14	5	11.5741873320866	4.31472722211806e-06	0.000765999234000766	765	0.367586430972446	40	1e+06	9.99999000001e-07	0.00146050520616146	8.41380728980277e-06
CRTC1	5	10.9696917103201	6.40644481410873e-06	0.000778999221000779	778	0.280930921665733	41	1e+06	9.99999000001e-07	0.00146116520550146	1.02784015580414e-05
FBXL3	3	16.9416630816305	5.06419295113414e-06	0.000788999211000789	788	0.0798575104166463	42	1e+06	9.99999000001e-07	0.00146116520550146	9.14296285970243e-06
CREM	4	12.6534498528489	5.87428544685971e-06	0.000796999203000797	796	0.13232704621355	44	1e+06	9.99999000001e-07	0.00146116520550146	1.02441807183041e-05
HCRTR2	6	9.16096072104997	8.76735660608427e-06	0.000808999191000809	808	0.383226400551474	44	1e+06	9.99999000001e-07	0.00146439094067235	1.25373199467005e-05
EGR3	4	13.0750979406743	4.69316170141924e-06	0.000820999179000821	820	0.122406378895778	43	1e+06	9.99999000001e-07	0.00146753603246397	8.71587173120716e-06
F7	3	17.3235905427271	4.132523499381e-06	0.000840999159000841	840	0.449679645318854	42	1e+06	9.99999000001e-07	0.00148472691033482	8.32325155509131e-06
EP300	3	15.6426255896392	8.94438173960715e-06	0.000926999073000927	926	0.22641509048039	44	1e+06	9.99999000001e-07	0.0015988417746522	1.2663827611523e-05
CRH	3	15.0845014837065	1.74446548110072e-05	0.000927999072000928	927	0.299273464184591	39	1e+06	9.99999000001e-07	0.0015988417746522	2.20759790971154e-05
NOCT	2	27.4136995548347	4.66036923137495e-06	0.000952999047000953	952	0.27258328436181	45	1e+06	9.99999000001e-07	0.00162236742525162	8.71587173120716e-06
KCNH7	3	16.0182572698294	6.75880369452275e-06	0.00103799896200104	1037	0.261117048197653	45	1e+06	9.99999000001e-07	0.00174628060666057	1.02784015580414e-05
OPN5	3	16.0182572698293	6.75880369452297e-06	0.00108099891900108	1080	0.26111704819766	45	1e+06	9.99999000001e-07	0.0017974749467111	1.02784015580414e-05
CREB1	3	16.0182572698293	6.75880369452315e-06	0.00111799888200112	1117	0.261117048197678	45	1e+06	9.99999000001e-07	0.0018376303462777	1.02784015580414e-05
PARP1	3	16.0182572698294	6.7588036945226e-06	0.00114599885400115	1145	0.26111704819766	45	1e+06	9.99999000001e-07	0.00186224813775186	1.02784015580414e-05
ATG7	3	16.0182572698293	6.75880369452281e-06	0.00117099882900117	1170	0.261117048197653	45	1e+06	9.99999000001e-07	0.00188149250052997	1.02784015580414e-05
HDAC2	3	16.0182572698294	6.75880369452275e-06	0.00118999881000119	1189	0.26111704819766	45	1e+06	9.99999000001e-07	0.00189042668100189	1.02784015580414e-05
PPARGC1A	3	16.0182572698293	6.75880369452297e-06	0.0012029987970012	1202	0.261117048197666	45	1e+06	9.99999000001e-07	0.00189042668100189	1.02784015580414e-05
ADORA2A	3	15.8630212534225	1.05922243801762e-05	0.00136999863000137	1369	0.143147560192841	40	1e+06	9.99999000001e-07	0.00212945439228474	1.45727509452474e-05
OPN4	3	14.889302443306	1.56826435775063e-05	0.00148199851800148	1481	0.216601511234919	42	1e+06	9.99999000001e-07	0.00227877191477647	2.02037660503009e-05
CSNK1D	6	8.77575418896596	1.32752347357751e-05	0.00161699838300162	1616	0.0639946825897257	44	1e+06	9.99999000001e-07	0.00245990179541735	1.74161336441821e-05
EZH2	5	9.57460669420418	1.86558793490659e-05	0.00289299710700289	2892	0.651657569514439	43	1e+06	9.99999000001e-07	0.00431084985581681	2.31981804079689e-05
MTA1	3	15.8771779572824	9.72821162414573e-06	0.00289399710600289	2893	0.0808375401176546	41	1e+06	9.99999000001e-07	0.00431084985581681	1.36385711985572e-05
MAGEL2	4	12.3249887242708	2.55164013671568e-05	0.00317099682900317	3170	0.317430394246867	32	1e+06	9.99999000001e-07	0.00463582189479035	3.06625663487683e-05
ARNTL2	2	10.7764633681351	0.00229172848164129	0.00317699682300318	3176	0.450194715476038	38	1e+06	9.99999000001e-07	0.00463582189479035	0.0024275346138867
TP53	3	16.2913784073961	7.77346438132799e-06	0.00354099645900354	3540	0.111491733624401	41	1e+06	9.99999000001e-07	0.00511477266300512	1.14598495518547e-05
TIMELESS	3	16.5315420023906	6.31479672327835e-06	0.00421799578200422	4217	0.437794151205959	42	1e+06	9.99999000001e-07	0.00603173396826603	1.02784015580414e-05
OPN3	2	10.8486208017567	0.00226800957555194	0.0043979956020044	4397	0.27954669422802	37	1e+06	9.99999000001e-07	0.00622686506026365	0.00242033857689498
MAPK9	4	10.587583811001	3.15347535752277e-05	0.00523399476600523	5233	0.434525490408224	43	1e+06	9.99999000001e-07	0.00733785540724263	3.63666916230449e-05
PHLPP1	2	27.692172816987	5.11494425717618e-06	0.0052949947050053	5294	0.542472894338989	42	1e+06	9.99999000001e-07	0.00735130332830832	9.14296285970243e-06
GHRH	3	6.61070960012169	0.00337062755108069	0.00547699452300548	5476	0.190665367073538	42	1e+06	9.99999000001e-07	0.00753086746913253	0.00349275173771404
PER1	2	25.7257552865711	1.05983643238163e-05	0.0057039942960057	5703	0.103462125594719	40	1e+06	9.99999000001e-07	0.00776829699360777	1.45727509452474e-05
MTNR1B	3	7.1505433152	0.0025578452699876	0.00604199395800604	6041	0.0668309729799797	37	1e+06	9.99999000001e-07	0.00815099184900815	0.00268949907064873
MAPK8	4	10.6088237575723	2.71658188758737e-05	0.00681699318300682	6816	0.279337276448077	45	1e+06	9.99999000001e-07	0.00911056098289696	3.23091346906889e-05
DRD3	2	9.93479165073242	0.00298966149934095	0.00707999292000708	7079	0.123055103217396	44	1e+06	9.99999000001e-07	0.00937443507000938	0.00312059557960406
CCAR2	2	26.4389894177164	7.99637784533824e-06	0.00747899252100748	7478	0.103422843050524	41	1e+06	9.99999000001e-07	0.00981188927067953	1.16681839988099e-05
ATF5	2	33.1046436815494	2.2173141547911e-06	0.007996992003008	7996	0.406615399804378	34	1e+06	9.99999000001e-07	0.0103960896039104	5.58452679736612e-06
NPAS2	2	27.5047783128235	5.09177475018379e-06	0.00838899161100839	8388	0.510954757461337	43	1e+06	9.99999000001e-07	0.0108074396430108	9.14296285970243e-06
GNA11	4	10.7293280182695	3.5070896796033e-05	0.00865099134900865	8650	0.366189885068724	40	1e+06	9.99999000001e-07	0.010997068648949	4.01211059346617e-05
NPS	2	27.6006451054806	5.99695425084617e-06	0.00868999131000869	8689	0.207145823813234	40	1e+06	9.99999000001e-07	0.010997068648949	1.02784015580414e-05
OGT	2	23.9236051791041	1.51455959056174e-05	0.0100799899200101	10079	0.314428190571385	44	1e+06	9.99999000001e-07	0.0126441978821179	1.96892746773027e-05
CSNK1E	7	7.4138220212732	2.94406849266556e-05	0.0112089887910112	11208	0.0532130678826766	44	1e+06	9.99999000001e-07	0.0139381338879531	3.45083438074734e-05
CLOCK	2	24.5243541523289	1.18360144710874e-05	0.0117169882830117	11716	0.334143249166887	45	1e+06	9.99999000001e-07	0.0144442183144024	1.57958055267706e-05
HTR7	2	23.5725529745816	1.78515751027269e-05	0.0122379877620122	12237	0.40430942455867	43	1e+06	9.99999000001e-07	0.014957540598015	2.23927652604381e-05
ARNTL	2	27.9871357814714	4.12900923799342e-06	0.0131809868190132	13180	0.405855371737604	44	1e+06	9.99999000001e-07	0.0159735687721939	8.32325155509131e-06
KDM5A	2	24.5243541523288	1.18360144710878e-05	0.0146919853080147	14691	0.334143249166887	45	1e+06	9.99999000001e-07	0.0175222491444175	1.57958055267706e-05
GSK3B	2	24.524354152329	1.18360144710869e-05	0.0147039852960147	14703	0.334143249166902	45	1e+06	9.99999000001e-07	0.0175222491444175	1.57958055267706e-05
GNAQ	11	3.0433302875298	0.0131964156403199	0.0158309841690158	15830	0.395402488717063	34	1e+06	9.99999000001e-07	0.0187093449270187	0.0135761686083866
BHLHE40	5	9.13448209814285	3.08692001431869e-05	0.0161659838340162	16165	0.651593964675666	42	1e+06	9.99999000001e-07	0.0189486531824944	3.58885822802905e-05
CAVIN3	2	24.8139371381477	1.59044140625412e-05	0.0183919816080184	18391	0.127091122806467	38	1e+06	9.99999000001e-07	0.0213825477231433	2.03065286691374e-05
MTNR1A	2	22.9842726572266	2.2759332622306e-05	0.0187059812940187	18705	0.404299078782798	42	1e+06	9.99999000001e-07	0.0215722203632635	2.78169620939295e-05
TH	2	27.3963919088243	6.82830872737014e-06	0.0202709797290203	20270	0.666565844166876	39	1e+06	9.99999000001e-07	0.0231900008099992	1.02784015580414e-05
BHLHE41	2	22.0391833746005	3.60930787598951e-05	0.0229449770550229	22944	0.272800766165116	39	1e+06	9.99999000001e-07	0.026040727927526	4.09627798624206e-05
LEP	2	25.5448361017417	1.19296992789596e-05	0.0251269748730251	25126	0.138207049494541	39	1e+06	9.99999000001e-07	0.0282925780066346	1.57958055267706e-05
HNRNPD	6	8.13123863781944	2.48733710137181e-05	0.0262189737810262	26218	0.262886100454275	45	1e+06	9.99999000001e-07	0.0292915097709902	3.014315300815e-05
PRKCG	4	13.6172736397516	4.29710229601416e-06	0.0273669726330274	27366	0.196494076724218	40	1e+06	9.99999000001e-07	0.0301157698842301	8.41380728980277e-06
SERPINE1	3	17.9098598068132	3.63182865688036e-06	0.0273779726220274	27377	0.195294870828459	40	1e+06	9.99999000001e-07	0.0301157698842301	7.63752202843959e-06
NRIP1	3	17.4325969505354	6.15382895163548e-06	0.0313359686640313	31335	0.831585684050338	37	1e+06	9.99999000001e-07	0.0342064390760037	1.02784015580414e-05
NR2F6	9	6.9396803501212	4.30150568559967e-05	0.0324649675350325	32464	0.188777090988146	38	1e+06	9.99999000001e-07	0.0351703814962852	4.84342766173821e-05
PER3	2	6.43038811415079	0.0153371592287389	0.037964962035038	37964	0.239813686254221	41	1e+06	9.99999000001e-07	0.040819470458725	0.0156658126407833
ID4	3	13.2035894553387	6.12544540348872e-05	0.0383819616180384	38381	0.851669742878937	36	1e+06	9.99999000001e-07	0.0409598545625335	6.84327103671005e-05
GHRL	2	6.25190379701235	0.0168379899164281	0.038978961021039	38978	0.236340056702969	40	1e+06	9.99999000001e-07	0.0412888253778413	0.0170768266528313
PAX4	3	14.1461940389425	2.73384985844291e-05	0.043969956030044	43969	0.109617440431285	40	1e+06	9.99999000001e-07	0.0462331155315904	3.23091346906889e-05
PML	2	23.6020136575687	2.06555928296205e-05	0.0503819496180504	50381	0.310575312020761	40	1e+06	9.99999000001e-07	0.0525884583604467	2.54633601261702e-05
PPP1CA	7	6.07276615492084	0.000196745267805252	0.052040947959052	52040	0.363177190516572	42	1e+06	9.99999000001e-07	0.0539264895517713	0.000213140706789023
ID2	8	6.13162837724021	8.50541188472243e-05	0.0531839468160532	53183	0.0737031638585524	45	1e+06	9.99999000001e-07	0.0547144201057238	9.42847984120393e-05
CLDN4	6	6.91019900801219	0.000164004123303441	0.0653459346540654	65345	0.141831333392078	39	1e+06	9.99999000001e-07	0.0667462046823668	0.000180404535633785
CIART	4	3.45556414759615	0.0286732423771903	0.0733419266580733	73341	0.302841929340911	34	1e+06	9.99999000001e-07	0.0743822376744999	0.0288751666192831
DBP	6	7.14261299125217	0.000166344632323141	0.0863839136160864	86383	0.286353917128343	36	1e+06	9.99999000001e-07	0.086992251035918	0.000181582308566482
SPSB4	7	0.906380821805831	0.505019300307875	0.860850139149861	860850	0.878288224273076	34	1e+06	9.99999000001e-07	0.860850139149861	0.505019300307875
