Gene	Cluster	P_Value
AANAT	14	4.99975001249938e-05
ADCY1	12	0.0648967551622419
ADIPOQ	9	0.0712464376781161
ADORA1	12	0.0404479776011199
ADORA2A	7	0.748512574371281
ADRB1	6	0.48157592120394
AGRP	6	0.370131493425329
AHR	2	1
ARNTL	8	0.292885355732213
ARNTL2	5	0.047847607619619
ATF4	4	0.197890105494725
ATF5	13	0.000249987500624969
ATG7	8	0.248887555622219
ATOH7	11	0.100194990250487
BHLHE40	14	0.0176491175441228
BHLHE41	11	0.0456477176141193
BTBD9	8	0.0416979151042448
BTRC	11	0.0154492275386231
CARTPT	9	0.0702964851757412
CAVIN3	14	0.000999950002499875
CCAR2	10	0.00874956252187391
CDK1	8	0.0417979101044948
CHRNB2	13	0.000899955002249888
CIART	10	0.00504974751262437
CIPC	14	0.00629968501574921
CLDN4	2	0.056047197640118
CLOCK	9	0.0330983450827459
CPT1A	6	0.171241437928104
CREB1	11	0.0674966251687416
CREM	6	0.552522373881306
CRH	10	0.0255487225638718
CRTC1	4	0.778411079446028
CRY1	14	0.0621968901554922
CRY2	11	0.0117494125293735
CSNK1D	3	0.727513624318784
CSNK1E	14	0.023898805059747
DBP	7	0.815459227038648
DRD2	11	0.0613469326533673
DRD3	7	0.0348482575871206
DRD4	9	0.0384980750962452
DYRK1A	10	0.0427478626068697
EGR1	6	0.0382480875956202
EGR3	7	0.6013199340033
EP300	7	0.266286685665717
EZH2	14	0.169841507924604
F7	13	0.0263986800659967
FBXL3	11	0.0255987200639968
FBXW11	3	0.645167741612919
FBXW7	10	0.0215989200539973
GFPT1	11	0.0752462376881156
GHRH	7	0.0527473626318684
GHRL	4	0.373581320933953
GNA11	11	0.0200489975501225
GNAQ	6	0.948452577371132
GSK3B	8	0.0435478226088696
HCRTR2	4	0.820758962051897
HDAC1	2	1
HDAC2	9	0.197690115494225
HDAC3	9	0.0553972301384931
HEBP1	11	0.000999950002499875
HNRNPD	4	0.822908854557272
HNRNPU	11	0.0341482925853707
HTR7	8	0.249637518124094
ID2	8	0.242437878106095
ID3	6	0.247937603119844
ID4	7	0.457177141142943
KCNA2	8	0.00109994500274986
KCNH7	8	0.0422978851057447
KDM5A	8	0.246637668116594
KLF10	2	0.0576471176441178
KLF9	8	0.500824958752062
LEP	2	0.135543222838858
LGR4	13	0.0462476876156192
MAGEL2	8	0.0100494975251237
MAPK10	8	0.247087645617719
MAPK8	13	0.0112994350282486
MAPK9	14	4.99975001249938e-05
MC3R	2	1
METTL3	12	0.0303984800759962
MTA1	6	0.960701964901755
MTNR1A	14	0.000749962501874906
MTNR1B	6	0.0112494375281236
MTTP	7	0.285435728213589
MYBBP1A	7	0.0503474826258687
NFIL3	8	0.0167491625418729
NGFR	5	0.353032348382581
NKX2-1	10	0.0178991050447478
NLGN1	4	0.815909204539773
NOCT	11	0.461976901154942
NOS2	7	0.0367981600919954
NPAS2	6	0.291785410729464
NPS	8	0.0213989300534973
NPSR1	5	0.218189090545473
NR1D1	8	0.517774111294435
NR1D2	7	0.334133293335333
NR1H3	5	0.152392380380981
NR2F6	3	0.750712464376781
NR3C1	10	0.0599470026498675
NRIP1	3	0.656167191640418
NTRK1	9	0.016049197540123
OGT	9	0.0759962001899905
OPN3	10	0.015849207539623
OPN4	9	0.047647617619119
OPN5	10	0.102494875256237
PARP1	13	0.0353482325883706
PAX4	3	0.272686365681716
PER1	8	0.0462976851157442
PER2	5	0.0842457877106145
PER3	12	0.0105994700264987
PHLPP1	9	0.0700964951752412
PML	8	0.0388480575971201
PPARA	3	0.59682015899205
PPARG	4	0.372931353432328
PPARGC1A	10	0.0229988500574971
PPP1CA	13	0.694615269236538
PPP1CB	9	0.167041647917604
PPP1CC	2	0.699865006749663
PRKAA1	2	1
PRKAA2	14	0.0577471126443678
PRKCG	4	0.793810309484526
SERPINE1	10	0.000449977501124944
SFPQ	8	0.0547472626368682
SIAH2	6	0.952202389880506
SIK1	5	0.126243687815609
SIN3A	10	0.0250987450627469
SIRT1	8	0.0626468676566172
SLC6A4	10	0.0951952402379881
SOX14	5	0.154542272886356
SPSB4	6	0.0112494375281236
SREBF1	7	0.0437978101094945
SUV39H2	4	0.229238538073096
TH	14	0.00149992500374981
THRAP3	11	0.0591970401479926
TIMELESS	14	0.0933953302334883
TNFRSF11A	11	0.00039998000099995
TOP1	11	0.0271486425678716
TOP2A	10	0.140792960351982
TP53	8	0.999650017499125
TPH1	11	0.0452977351132443
TYMS	9	0.493825308734563
UBE3A	9	0.0293985300734963
USP2	9	0.0360481975901205
USP7	5	0.594720263986801
