Gene	Cluster	F_value	P.anova	P.kruskal	Shaprio_wilks	adj.P	adj.P_K
AANAT	5	4.50788919774355	0.00319858942216384	0.019513710145899	0.0258515959080832	0.0252512865423287	0.153062708674096
ADCY1	3	5.31700572240897	0.0073494661895374	0.011637862185375	0.269613212768692	0.0252512865423287	0.153062708674096
ADIPOQ	7	3.57524163981011	0.00440902883990208	0.0486965389784651	0.0557897545426748	0.0252512865423287	0.153062708674096
ADORA1	9	2.99478251043441	0.0073527105468039	0.084098197639724	0.0231911439059142	0.0252512865423287	0.153062708674096
ADORA2A	12	2.1543792162282	0.0328318025926655	0.122022019502426	0.0224415328166518	0.0438780165490763	0.153062708674096
ADRB1	9	4.31544442464	0.000964886888136529	0.0541168977988881	0.0052839680582209	0.021421189710993	0.153062708674096
AGRP	11	2.43348970649986	0.0183409208435755	0.0585407551588218	0.00212207409064293	0.0334579396588253	0.153062708674096
AHR	4	3.65933117945015	0.0171299963617895	0.109730767536748	0.171527036434619	0.0331025605369716	0.153062708674096
ARNTL	12	1.77595261915419	0.0815255715110099	0.198745880253546	0.0893082731029894	0.0917965096541293	0.218620468278901
ARNTL2	12	2.26451684259756	0.0256279606832431	0.0687628612855244	0.000852861349857881	0.0396661725660035	0.153062708674096
ATF4	7	3.68696324312347	0.00371130576095389	0.0227144158081462	0.4431045287311	0.0252512865423287	0.153062708674096
ATF5	11	2.76880763441808	0.0113677544059737	0.0731017676557051	0.00893156417244484	0.0290283728581114	0.153062708674096
ATG7	11	2.36953976136252	0.0201221816392591	0.113217220482936	0.0177171274938212	0.0355243453631365	0.153062708674096
ATOH7	6	1.72897878415536	0.146472676249587	0.150304207678959	0.19509110323874	0.156310393311127	0.175812958304486
BHLHE40	10	2.85580895088532	0.00791914784713766	0.0471873576816826	0.0121329698899071	0.0252512865423287	0.153062708674096
BHLHE41	11	3.110661186138	0.00382989123951644	0.0682203620223458	0.00301871003453801	0.0252512865423287	0.153062708674096
BTBD9	10	2.63150887083609	0.012622967949662	0.0959954632868622	0.0214830705598766	0.0300847402800279	0.153062708674096
BTRC	9	3.09918230400363	0.00586145964567556	0.0528262289555884	0.0193502013090955	0.0252512865423287	0.153062708674096
CARTPT	11	2.23507034375632	0.0296845941416044	0.157941824651741	0.0530052249818948	0.0412125918664993	0.180685447401592
CAVIN3	9	2.84647380988714	0.011994802854237	0.0727256275825453	0.0329965434047612	0.0294626963754537	0.153062708674096
CCAR2	8	2.95010948575473	0.0111368060465714	0.0984098555213555	0.0680632216905263	0.0289556957210856	0.153062708674096
CDK1	8	3.15380212704909	0.00662326052735215	0.0568282293956993	0.075036695690762	0.0252512865423287	0.153062708674096
CHRNB2	6	2.82769895504533	0.0238248604659005	0.0812936688797687	0.0451980008684201	0.0388455985808382	0.153062708674096
CIART	7	3.48578330549338	0.00634429765047937	0.0646866354750614	0.058659808239807	0.0252512865423287	0.153062708674096
CIPC	10	2.58157854566727	0.0149631075894409	0.117240975243353	0.02088579369697	0.0307632124442851	0.153062708674096
CLDN4	11	1.3794125180916	0.219818914667074	0.323003723511152	0.00939119335261004	0.227783368097041	0.332298794691329
CLOCK	12	2.1135782498111	0.0340475108515282	0.162550237614548	0.0125142652235002	0.0442734233569255	0.184310387068099
CPT1A	8	3.09720561791141	0.00763350249477241	0.0483926851553092	0.269721294319458	0.0252512865423287	0.153062708674096
CREB1	12	2.50789210887396	0.012155937665397	0.0933409250774137	0.00858360379577195	0.0294626963754537	0.153062708674096
CREM	12	0.878826207679639	0.565763364732165	0.389422076425973	0.0488159167442705	0.565763364732165	0.394945793822086
CRH	4	3.2613547531789	0.0289853610445475	0.0405236007382869	0.447012693399009	0.0410386794987158	0.153062708674096
CRTC1	11	2.53741127741785	0.0144737569659007	0.0519975198368078	0.0186448646127863	0.0307632124442851	0.153062708674096
CRY1	12	2.34841444931517	0.0187177284804617	0.095393120689793	0.0103804802329654	0.0334579396588253	0.153062708674096
CRY2	8	3.32141343981895	0.00484306002611302	0.0694811949284994	0.0408128238768355	0.0252512865423287	0.153062708674096
CSNK1D	12	2.5906705310188	0.0101223811763044	0.058004237292951	0.193174852565891	0.0289500101642306	0.153062708674096
CSNK1E	12	2.81704953249413	0.00562494166820409	0.0437704727396357	0.159112759414414	0.0252512865423287	0.153062708674096
DBP	12	1.91788094861086	0.0636359002515477	0.101226380525486	0.00809347532039248	0.0739832011054579	0.153062708674096
DRD2	10	2.55963395308354	0.0151484404768422	0.116988208013036	0.0328700652205269	0.0307632124442851	0.153062708674096
DRD3	8	3.2481320118879	0.00561839512746145	0.0700990814321212	0.0421278178984828	0.0252512865423287	0.153062708674096
DRD4	6	3.81136758970921	0.00579665019881731	0.0595648797459479	0.298388449282103	0.0252512865423287	0.153062708674096
DYRK1A	12	2.22622368870322	0.0260224599051243	0.140990810727541	0.00989724652637373	0.0396661725660035	0.169425932218809
EGR1	7	3.70089126738144	0.00368039611414133	0.0454217404535537	0.0549232875211185	0.0252512865423287	0.153062708674096
EGR3	9	2.82166875144236	0.0110301256538113	0.0885685866461622	0.0467347647594805	0.0289556957210856	0.153062708674096
EP300	7	2.56749444649352	0.0279501716183376	0.0648812505098306	0.344036354441545	0.0403724701153765	0.153062708674096
EZH2	12	2.18389221066759	0.0293637543149252	0.117811406606886	0.0664783186305818	0.0411668320297481	0.153062708674096
F7	6	2.74293647099403	0.027389709622313	0.0592586898299761	0.401301750032935	0.0400066368464111	0.153062708674096
FBXL3	10	2.21947402166985	0.0349152104044152	0.0829136964960781	0.0105616388202264	0.0445792418556373	0.153062708674096
FBXW11	12	2.23659687735774	0.0253357035750186	0.130447210660353	0.0139201920319233	0.0396661725660035	0.16080992348647
FBXW7	11	2.54866093635851	0.0128596550981258	0.100456408751581	0.0886873982822485	0.030146404574295	0.153062708674096
GFPT1	11	2.33204268603333	0.0223470015853344	0.120371569777445	0.0174395703149166	0.0375955438435626	0.153062708674096
GHRH	3	3.78007613969057	0.0284327533585387	0.0430305577559804	0.55925383524069	0.0406588373027104	0.153062708674096
GHRL	4	4.79445906141146	0.00499021457586674	0.0339745005106935	0.0929631651264135	0.0252512865423287	0.153062708674096
GNA11	12	2.30864004417309	0.02296084499031	0.0420604915590932	0.0118763066260974	0.0381790794606317	0.153062708674096
GNAQ	12	2.02996812848724	0.0501502581133641	0.228633761068545	0.0012205568503589	0.0607753127983989	0.242182428391126
GSK3B	11	2.62649000012382	0.0105822182261561	0.0571988458148489	0.00313831125653738	0.0289556957210856	0.153062708674096
HCRTR2	12	2.31214753311462	0.0208445036525764	0.103092931927997	0.0125914191147622	0.0359128195460051	0.153062708674096
HDAC1	8	2.21057906036141	0.0471721394847508	0.111996094002913	0.291739895066816	0.0581518616062014	0.153062708674096
HDAC2	10	1.84267299337001	0.0805108328292536	0.144398158639825	0.0791158182212321	0.0913734055125656	0.171753695189658
HDAC3	6	3.08039088420688	0.0168235952023495	0.0910238248989983	0.257044877088941	0.0329558097799448	0.153062708674096
HEBP1	7	3.40009391946702	0.00652705044546369	0.0591145653255339	0.0960721291646459	0.0252512865423287	0.153062708674096
HNRNPD	9	1.35091989454042	0.237508448970406	0.276939721305224	0.0446127019722957	0.244343224480346	0.289068468223701
HNRNPU	10	3.66588528232843	0.00123531747971841	0.0415127094216489	0.00494286623933256	0.021421189710993	0.153062708674096
HTR7	12	1.91008134100292	0.0583138957842823	0.151223733366796	0.0156783538120139	0.0683515335832161	0.175812958304486
ID2	5	3.86486866974269	0.0072340344010098	0.039785506653939	0.0691450233208461	0.0252512865423287	0.153062708674096
ID3	11	3.28867589113142	0.00224657234779703	0.0584489957769629	0.0152036954225559	0.0252512865423287	0.153062708674096
ID4	12	2.89633787693143	0.00654438131193522	0.0692979273129159	0.000782798281234036	0.0252512865423287	0.153062708674096
KCNA2	9	2.85289167790144	0.0104731655881307	0.0821371342270107	0.0183717890688357	0.0289556957210856	0.153062708674096
KCNH7	12	2.43431289018913	0.0147458095047408	0.0638824940681062	0.00140010897346411	0.0307632124442851	0.153062708674096
KDM5A	12	2.34659087313516	0.0185568452965145	0.106086558611539	0.0121558157492782	0.0334579396588253	0.153062708674096
KLF10	11	2.30453589678328	0.0247782737783947	0.10888245193775	0.00805803325610307	0.0396661725660035	0.153062708674096
KLF9	11	2.07456308371342	0.0432931523497218	0.107466898183878	0.071681882518054	0.0538340937913932	0.153062708674096
LEP	2	5.62062187736949	0.0214915782978238	0.0371249116532711	0.278072113963758	0.0365868535308191	0.153062708674096
LGR4	12	2.14234190851476	0.0316025802242699	0.136390202283933	0.0429446908104715	0.0427809653163718	0.166699136124806
MAGEL2	4	5.60952957825852	0.00245252093103467	0.00799869067279047	0.417664559128752	0.0252512865423287	0.153062708674096
MAPK10	12	2.24967061294557	0.0239049837420543	0.0767793121942171	0.0076107909561214	0.0388455985808382	0.153062708674096
MAPK8	9	2.10018649813045	0.049951926656881	0.119777656148152	0.0782562942971062	0.0607753127983989	0.153062708674096
MAPK9	5	2.34133170545662	0.0651018399642399	0.0562021846644965	0.401544544935548	0.0750771218942444	0.153062708674096
MC3R	5	3.38262306623653	0.0157247240285072	0.06773712718049	0.271913037851713	0.0312310491121741	0.153062708674096
METTL3	11	2.27965215590087	0.0266471534781109	0.106863881814189	0.0104821970740106	0.0396931557017693	0.153062708674096
MTA1	4	3.31906643511959	0.0260742672811492	0.0347330968225546	0.272327233209508	0.0396661725660035	0.153062708674096
MTNR1A	6	3.88703504582274	0.00448350249053595	0.041005544806744	0.230099839989856	0.0252512865423287	0.153062708674096
MTNR1B	2	7.61378131634625	0.00812279147515467	0.0226547000253943	0.799529659594574	0.0252512865423287	0.153062708674096
MTTP	12	2.34909005590477	0.0186848348307496	0.0712918066807654	0.00261575796216572	0.0334579396588253	0.153062708674096
MYBBP1A	8	2.81539313550581	0.0138547326506148	0.104841805814283	0.030673628461015	0.0307632124442851	0.153062708674096
NFIL3	12	1.72624368557914	0.0965751703249308	0.108256074545705	0.0078882705511098	0.104623101185342	0.153062708674096
NGFR	8	3.09241649790156	0.00803479189874953	0.07173142346883	0.0269894843518921	0.0252512865423287	0.153062708674096
NKX2-1	11	3.79517586377992	0.000781141540146213	0.0253901309933184	0.000714515668487081	0.021421189710993	0.153062708674096
NLGN1	8	2.3905171937092	0.0317117645002476	0.0927399835480764	0.176603373543291	0.0427809653163718	0.153062708674096
NOCT	7	1.30805508904383	0.267565868382825	0.245974550112309	0.142538987061592	0.273299422705314	0.258635004897501
NOS2	8	3.19290986652196	0.00628456002917171	0.0790177243224217	0.0421278178984787	0.0252512865423287	0.153062708674096
NPAS2	11	4.5273250534656	0.00013003386812402	0.011932376860468	0.0137762753523609	0.0185948431417349	0.153062708674096
NPS	5	5.2268638900694	0.00134818676502753	0.0236372317352436	0.113814255857203	0.021421189710993	0.153062708674096
NPSR1	8	3.50491840493526	0.0035279983670517	0.0681307611277724	0.0530408067203077	0.0252512865423287	0.153062708674096
NR1D1	11	2.37197490543232	0.0204884655009531	0.0948159596613321	0.019605592742836	0.0357298849589792	0.153062708674096
NR1D2	11	2.77285889951303	0.00773259103587593	0.0706083636729899	0.0148837619591885	0.0252512865423287	0.153062708674096
NR1H3	6	3.07973743947016	0.0151254969276505	0.0619770077003752	0.262897598636343	0.0307632124442851	0.153062708674096
NR2F6	9	2.94607127819315	0.00904448265090004	0.0404959443582666	0.0617927298967613	0.0263951228383409	0.153062708674096
NR3C1	10	2.61735762697771	0.0132218336905466	0.0942814171569673	0.0128266163585214	0.0304955196410994	0.153062708674096
NRIP1	9	1.84858687787409	0.0914644188713337	0.181445135886659	0.122265703705947	0.0998428389206161	0.201136856060405
NTRK1	12	3.5403780850566	0.000911688867270943	0.0142925383066681	0.002227182619262	0.021421189710993	0.153062708674096
OGT	10	2.6674940505948	0.011747867403509	0.0917180790121834	0.017683528918824	0.0294626963754537	0.153062708674096
OPN3	6	4.29311259683759	0.00256650353835213	0.0280229067597956	0.203172546484754	0.0252512865423287	0.153062708674096
OPN4	12	2.8394038379104	0.0056818197604364	0.0456272445874218	0.00184105107402213	0.0252512865423287	0.153062708674096
OPN5	8	3.06309382026147	0.00807770862303789	0.0547347304875639	0.0886863911679802	0.0252512865423287	0.153062708674096
PARP1	7	2.52543263990557	0.030033894087911	0.0559790705274433	0.25638733811299	0.0412966043708776	0.153062708674096
PAX4	7	2.49346012975607	0.034824482989495	0.17676186686587	0.0622683091148247	0.0445792418556373	0.197476148139214
PER1	12	2.91921823889989	0.00530924959898955	0.0316737054133059	0.000508386592424593	0.0252512865423287	0.153062708674096
PER2	8	2.2913422011202	0.0395885672571737	0.120579519091326	0.207151203209447	0.0500988063519986	0.153062708674096
PER3	9	1.8699508071394	0.0854538282008013	0.209080563361255	0.0213544241125795	0.0949366433234253	0.22823298137908
PHLPP1	10	2.94923631771733	0.00662529537628669	0.0632646408410711	0.0186408787539696	0.0252512865423287	0.153062708674096
PML	3	8.17182195445126	0.000820229793131569	0.0125548615548525	0.412288523366062	0.021421189710993	0.153062708674096
PPARA	8	3.05699008889325	0.00839350675305775	0.0663458664752424	0.08057450029228	0.0255376907593034	0.153062708674096
PPARG	11	1.64746099503414	0.117031305308148	0.217445008652803	0.179433539426557	0.125830651571919	0.233794257423691
PPARGC1A	8	2.15081767462151	0.0516145933037037	0.0862515914170081	0.212101560751476	0.0620242591800809	0.153062708674096
PPP1CA	12	1.51973891605491	0.152779881287844	0.414584666130212	0.0277802668229954	0.161833503882679	0.414584666130212
PPP1CB	12	2.34543326978429	0.0186131556576086	0.0899978519195417	0.00513396010667605	0.0334579396588253	0.153062708674096
PPP1CC	2	6.40359470845999	0.0140767751994667	0.088347759631732	0.198608681726004	0.0307632124442851	0.153062708674096
PRKAA1	9	1.04752280768285	0.411837319849501	0.338605997915493	0.0979105799946644	0.417678983960842	0.345861840727968
PRKAA2	7	3.64753129731418	0.0036970403155386	0.0463991927077171	0.121568183232281	0.0252512865423287	0.153062708674096
PRKCG	11	1.7994460282029	0.0856421467742788	0.226384208316642	0.0257391900168014	0.0949366433234253	0.241589117830446
SERPINE1	3	3.03521039431731	0.0561854508779385	0.103628275188248	0.365490317424814	0.0664009874012	0.153062708674096
SFPQ	12	2.22258488300195	0.0265936567742938	0.115038283327657	0.0335204826604024	0.0396931557017693	0.153062708674096
SIAH2	10	1.00861885212417	0.444329205638509	0.403966652241062	0.033351106115545	0.447458284551456	0.406811487820224
SIK1	8	2.26424535659406	0.0420905356546339	0.121105735865596	0.171104160389624	0.0527977771808126	0.153062708674096
SIN3A	12	2.11347648946054	0.0340564795053273	0.163688245857683	0.0131255180468874	0.0442734233569255	0.184310387068099
SIRT1	7	1.62158812522537	0.159022787606336	0.318856063601971	0.0750758508648258	0.16720778402725	0.330408819529578
SLC6A4	6	2.98199953362206	0.0179332876632278	0.04023118900218	0.307489327915885	0.0334579396588253	0.153062708674096
SOX14	11	3.27085563606746	0.00262777958428101	0.0525610860143504	0.00467335273975932	0.0252512865423287	0.153062708674096
SPSB4	10	1.41525881962677	0.21614824791486	0.140101999922698	0.00352358310722444	0.225614594538868	0.169425932218809
SREBF1	11	3.72649109163169	0.000847479297612419	0.0169394071155815	0.00042503646023701	0.021421189710993	0.153062708674096
SUV39H2	9	3.81037444908664	0.00134422868902439	0.022455026604856	0.00308147306502782	0.021421189710993	0.153062708674096
TH	12	2.74083760337228	0.00781509468047869	0.0756340074346348	0.00106079070755444	0.0252512865423287	0.153062708674096
THRAP3	10	2.5801051359152	0.0144351410150751	0.117488101281474	0.0198016002320736	0.0307632124442851	0.153062708674096
TIMELESS	10	2.57271587317504	0.0152740425422674	0.10027992416408	0.0535964778578742	0.0307632124442851	0.153062708674096
TNFRSF11A	9	2.8100113248209	0.0109914979131167	0.0775874900074599	0.00970454646746745	0.0289556957210856	0.153062708674096
TOP1	11	2.27860551776126	0.02550898966007	0.145330049775864	0.0228878095748309	0.0396661725660035	0.171753695189658
TOP2A	8	2.36571604570747	0.0335892510453853	0.096064990531222	0.103132635273891	0.0442734233569255	0.153062708674096
TP53	11	1.84332890306334	0.0768088553421135	0.212769050639397	0.0180097358176235	0.0878693305113778	0.230499804859347
TPH1	9	2.0524353694092	0.0557382375598977	0.126365618493458	0.0757197570444963	0.0664009874012	0.157132899517952
TYMS	12	2.21068405867361	0.0274171357408971	0.152711677860203	0.00863209667120055	0.0400066368464111	0.176111047854912
UBE3A	12	2.82407027063371	0.00540752516243399	0.0253365557065978	0.00349288002456496	0.0252512865423287	0.153062708674096
USP2	12	2.69047763615318	0.00885882827323549	0.0246002390903196	0.000639572147054002	0.0263919258973474	0.153062708674096
USP7	6	2.01559991675881	0.088736142060577	0.0926611252402435	0.375685318439964	0.0976097562666347	0.153062708674096
