Gene	K	P.K	Lambda	P.Lambda	I	P.I
AANAT	0.795413732517297	9.99900009999e-05	1.14026332034332	9.99900009999e-05	0.0656421210839798	0.0135986401359864
ADCY1	0.395001770889633	0.0010998900109989	1.05314642148623	9.99900009999e-05	0.0691529113876981	0.0240975902409759
ADIPOQ	0.502732918097203	9.99900009999e-05	1.10783011986272	9.99900009999e-05	0.0726111381492842	0.030996900309969
ADORA1	0.561958537938099	0.0001999800019998	0.971918529396424	9.99900009999e-05	0.0147597155025338	0.125887411258874
ADORA2A	0.568416459398069	9.99900009999e-05	0.976317096668756	9.99900009999e-05	0.0661243100051313	0.0428957104289571
ADRB1	0.355318460304125	0.0081991800819918	0.76555480658059	0.0962547768294008	0.123922364549273	0.0038996100389961
AGRP		9.99900009999e-05	0.955866299336955	9.99900009999e-05		9.99900009999e-05
AHR	0.567595145679304	9.99900009999e-05	1.0156078448056	9.99900009999e-05	0.0398573159492448	0.0680931906809319
ARNTL	0.519261601151205	9.99900009999e-05	0.971716961392629	9.99900009999e-05	0.0736656780785996	0.0153984601539846
ARNTL2	0.359630592903944	0.0085991400859914	0.837267344495644	0.23230225699707	0.0262903756419326	0.138486151384862
ATF4	0.660004458258158	9.99900009999e-05	1.01684789989205	9.99900009999e-05	0.083472524826013	0.0173982601739826
ATF5	0.540414958640414	0.0001999800019998	1.55381707321264	9.99900009999e-05	0.0426799095329082	0.1000899910009
ATG7	0.632714107659485	9.99900009999e-05	1.14132206137332	9.99900009999e-05	0.0267253347257898	0.0311968803119688
ATOH7	0.408100875698601	0.0007999200079992	0.89115729275232	0.00586468440149981	0.0342392185386969	0.106489351064894
BHLHE40	0.299301520726902	0.0018998100189981	0.749080778577937	0.0268204607203138	0.0697917688103601	0.0403959604039596
BHLHE41	0.373170746267193	9.99900009999e-05	1.13484817160735	9.99900009999e-05	0.0406400456616895	0.0480951904809519
BTBD9	0.458807514117816	9.99900009999e-05	1.01082787247876	9.99900009999e-05	0.0669267076924134	0.0224977502249775
BTRC	0.51611126188974	9.99900009999e-05	0.9862434844944	9.99900009999e-05	0.0904020945725565	0.0052994700529947
CARTPT	0.00202006258695122	0.348565143485651	1.21641499984055	9.99900009999e-05	0.0251445088316979	0.168183181681832
CAVIN3	0.643758921063761	0.0001999800019998	2.37076989601796	9.99900009999e-05	0.0644633744988487	0.0271972802719728
CCAR2	0.595315973770331	9.99900009999e-05	1.28267529889195	9.99900009999e-05	0.0657849797567792	0.0245975402459754
CDK1	0.23404293894595	0.0002999700029997	0.943424146969762	9.99900009999e-05	0.0682373924543918	0.048995100489951
CHRNB2	0.621231563361373	9.99900009999e-05	0.980077753460111	9.99900009999e-05	0.0395996615674157	0.0413958604139586
CIART	0.453123641064115	0.0005999400059994	1.18406284947558	9.99900009999e-05	0.0693054003912125	0.0506949305069493
CIPC	0.350536013458716	0.000999900009999	0.901893274641271	0.0335634650628656	0.0339743343622368	0.0888911108889111
CLDN4		9.99900009999e-05	1.06965714133658	9.99900009999e-05		9.99900009999e-05
CLOCK	0.500563020277492	9.99900009999e-05	1.08214556496398	9.99900009999e-05	0.108313126608765	0.0128987101289871
CPT1A	0.74356210275301	9.99900009999e-05	1.04341261462143	9.99900009999e-05	0.0370133637991708	0.0490950904909509
CREB1	0.375865819799141	9.99900009999e-05	0.999087300082093	9.99900009999e-05	0.0227457195642397	0.157584241575842
CREM	0.17157493043033	0.0197980201979802	1.04255584598206	9.99900009999e-05	-0.0150721998619653	0.394860513948605
CRH	0.280065288052238	0.0006999300069993	1.10159176804543	9.99900009999e-05	0.0757073227825052	0.0526947305269473
CRTC1	0.519293470981646	0.0010998900109989	0.958538869773314	0.00891978434434638	0.0734495942455326	0.013998600139986
CRY1	4.77399964790016e-12	0.0206979302069793	0.999050732909117	9.99900009999e-05		9.99900009999e-05
CRY2	0.695829595349915	9.99900009999e-05	1.0642582499654	9.99900009999e-05	0.00384695916663893	0.169083091690831
CSNK1D	0.613815682944876	0.0001999800019998	1.04371646783973	9.99900009999e-05	0.0339815132689877	0.0765923407659234
CSNK1E	0.520899010256301	0.0003999600039996	1.02155133241318	9.99900009999e-05	0.0490691403633574	0.0254974502549745
DBP	0.531988773746243	0.0004999500049995	1.3240299111239	9.99900009999e-05	0.0661284463385138	0.0448955104489551
DRD2	0.609422737250833	0.0001999800019998	0.978484452635011	9.99900009999e-05	0.0569476630235148	0.0210978902109789
DRD3	0.600793701012048	9.99900009999e-05	1.00818725074458	9.99900009999e-05	0.0541042814336718	0.0142985701429857
DRD4	0.500560075090858	0.000999900009999	0.926520862006222	0.001443479213733	0.0731209448120545	0.0108989101089891
DYRK1A	0.52454507419342	0.0001999800019998	1.06077814185382	9.99900009999e-05	0.031955315994115	0.128087191280872
EGR1	0.543910640239253	9.99900009999e-05	1.00572576175349	9.99900009999e-05	0.0955774199106694	0.0157984201579842
EGR3	0.00560506476861746	0.306269373062694	1.04029748194134	9.99900009999e-05	0.0715300661883821	0.0500949905009499
EP300	0.574540882495896	9.99900009999e-05	1.00192947594925	9.99900009999e-05	0.0677470917893623	0.0353964603539646
EZH2	0.36957138428499	0.0034996500349965	0.737472722416126	0.023064286655749	0.0285575199363893	0.116688331166883
F7	0.420925150514044	0.0020997900209979	1.0089118498052	0.164955753042919	0.0521971657423962	0.0247975202479752
FBXL3	0.851890282140262	9.99900009999e-05	1.02089993582447	9.99900009999e-05	0.107029417794624	0.0082991700829917
FBXW11	0.380421953401193	9.99900009999e-05	1.0000666294011	9.99900009999e-05	0.0531332479463947	0.0546945305469453
FBXW7	0.0541132317840949	0.0341965803419658	1.05551541222698	9.99900009999e-05	0.0035766693753474	0.288671132886711
GFPT1	0.509237742259473	9.99900009999e-05	1.05903564653774	9.99900009999e-05	0.0723607024736988	0.0205979402059794
GHRH	0.393719203059507	0.0018998100189981	1.02941445324768	9.99900009999e-05	0.07816957177954	0.0332966703329667
GHRL	0.521937787655751	0.0001999800019998	1.01202336766757	9.99900009999e-05	0.0927742967002925	0.014998500149985
GNA11	0.578931802704125	0.0047995200479952	0.949508448214838	0.0110158331501186	0.00716635882589832	0.0893910608939106
GNAQ	0.384394869516248	0.0183981601839816	1.31703887029647	9.99900009999e-05	0.0295596974240368	0.0745925407459254
GSK3B	0.491678618884138	0.0001999800019998	1.10324610579988	9.99900009999e-05	0.0327656355459801	0.0463953604639536
HCRTR2	0.484444040304712	9.99900009999e-05	1.0645089668592	9.99900009999e-05	0.0497875797757215	0.028997100289971
HDAC1	0.627687185756143	0.0075992400759924	1.0459318067908	0.000234931405126918	0.0113220634261968	0.0295970402959704
HDAC2	0.176970876379758	0.0002999700029997	1.08991512906867	9.99900009999e-05	0.0214324676447111	0.125187481251875
HDAC3	0.115836101424334	0.0105989401059894	1.00020300091517	9.99900009999e-05	0.087090506005605	0.0360963903609639
HEBP1	0.0976231938594279	0.0006999300069993	1.00008719395426	9.99900009999e-05	0.0476728555297903	0.0767923207679232
HNRNPD	0.542461815552032	9.99900009999e-05	1.04489450875687	9.99900009999e-05	0.0102047748647155	0.13028697130287
HNRNPU	0.00450117142460065	0.333866613338666	1.08708828942406	9.99900009999e-05	0.0603199871133313	0.0590940905909409
HTR7	0.665931018235956	9.99900009999e-05	1.02209864504022	9.99900009999e-05	0.022825114898764	0.0490950904909509
ID2	0.478169470433415	0.0007999200079992	1.66407453839273	9.99900009999e-05	0.0124407095111502	0.107089291070893
ID3	-6.97641231050712e-13	0.972902709729027	1.00004896838458	9.99900009999e-05		9.99900009999e-05
ID4	0.0682928144304514	0.0295970402959704	1.37806324431226	9.99900009999e-05	0.0649983245497584	0.0770922907709229
KCNA2	0.764980490359589	9.99900009999e-05	1.02609887037468	9.99900009999e-05	0.0993445290985155	0.0134986501349865
KCNH7	0.637130735087392	9.99900009999e-05	0.96260257257879	9.99900009999e-05	0.0431479254129131	0.0346965303469653
KDM5A	0.561226719736967	9.99900009999e-05	1.05956900539688	9.99900009999e-05	0.0495641778145193	0.0334966503349665
KLF10	0.36844926121653	0.0002999700029997	0.967418650217488	9.99900009999e-05	0.113505334886595	0.0077992200779922
KLF9	0.0475951387789663	9.99900009999e-05	1.02506151662229	9.99900009999e-05	0.148730322700005	0.0100989901009899
LEP	0.0807533368106651	0.0004999500049995	1.20738048057154	9.99900009999e-05	0.0621944340000792	0.0886911308869113
LGR4	0.33606749000252	0.0025997400259974	1.2602083267827	9.99900009999e-05	0.0664518820884028	0.0153984601539846
MAGEL2	0.363340818836584	0.0017998200179982	0.906874587474255	0.000160589927834325	0.104964403781742	0.0170982901709829
MAPK10	0.47855527939218	0.0031996800319968	1.0556551959696	9.99900009999e-05	0.00863393198912715	0.158184181581842
MAPK8	0.515343784278152	0.0003999600039996	1.11890015400587	9.99900009999e-05	-0.00762419431012488	0.258474152584742
MAPK9	0.557897543493347	0.0007999200079992	0.900033310414776	0.0070524829792604	0.00933783054242262	0.177482251774823
MC3R	0.766743136479822	9.99900009999e-05	1.02845285165675	9.99900009999e-05	0.0470541340720412	0.0270972902709729
METTL3	0.202172867254387	9.99900009999e-05	1.00029608189452	9.99900009999e-05	0.0380644126475372	0.0826917308269173
MTA1	0.67098465408296	9.99900009999e-05	1.03070447190976	9.99900009999e-05	0.0676870642749439	0.010998900109989
MTNR1A	0.650327027008906	9.99900009999e-05	1.35127057577052	9.99900009999e-05	0.0803159601257728	0.0093990600939906
MTNR1B	0.458130589721937	0.0026997300269973	1.02988323500838	9.99900009999e-05	0.0634777676345012	0.0280971902809719
MTTP	0.592733432977107	9.99900009999e-05	1.02181913570714	9.99900009999e-05	0.0434394562436851	0.0422957704229577
MYBBP1A	0.5346976960751	9.99900009999e-05	1.05573682808709	9.99900009999e-05	0.071646194847859	0.0096990300969903
NFIL3	0.380324968333321	0.0017998200179982	0.768607514888116	0.0687619078705466	0.0634137299083936	0.0398960103989601
NGFR	0.575348674751331	9.99900009999e-05	0.95071606308062	9.99900009999e-05	0.0554276200317622	0.0247975202479752
NKX2-1	0.474659633766659	0.0002999700029997	1.06309577299361	9.99900009999e-05	0.0628313431119315	0.0487951204879512
NLGN1	6.26742662700295e-13	0.022997700229977	1.01942313669914	9.99900009999e-05		9.99900009999e-05
NOCT	0.443179232079522	0.0055994400559944	1.10526888784887	9.99900009999e-05	0.000168794210318258	0.216478352164784
NOS2	0.591563773162337	0.0003999600039996	0.993103383350344	0.000357014382028049	0.00408096532754145	0.155184481551845
NPAS2	0.660262189203978	0.0002999700029997	0.98382538025361	9.99900009999e-05	0.0691404128750896	0.0138986101389861
NPS	-4.89759858903992e-33	0.266773322667733	1.00093020110713	9.99900009999e-05		9.99900009999e-05
NPSR1	0.709607675655423	9.99900009999e-05	1.0288080351691	9.99900009999e-05	0.0556410712647728	0.0138986101389861
NR1D1	0.509827973686351	0.0005999400059994	1.07830726172605	9.99900009999e-05	0.0201639949602796	0.093990600939906
NR1D2	0.592491469494552	9.99900009999e-05	1.01220004862709	9.99900009999e-05	0.0795926052040087	0.0117988201179882
NR1H3	0.579719172845425	0.0001999800019998	1.09687935717506	9.99900009999e-05	0.0562178762203648	0.005999400059994
NR2F6	0.404874150325996	0.0017998200179982	1.03627051770186	9.99900009999e-05	0.108337392339354	0.0153984601539846
NR3C1	0.543940112703606	9.99900009999e-05	1.04873933232137	9.99900009999e-05	0.0879372028002503	0.0182981701829817
NRIP1	0.542390108703365	0.0003999600039996	1.31076127312743	9.99900009999e-05	0.0728026871856469	0.0100989901009899
NTRK1	0.50560466411863	9.99900009999e-05	0.950960460438704	9.99900009999e-05	0.0963918689896891	0.0067993200679932
OGT	0.493595362496781	9.99900009999e-05	1.29427858840844	9.99900009999e-05	0.0564409632115305	0.0367963203679632
OPN3	0.343922028823502	0.0012998700129987	0.924316724518191	0.0287896126574385	0.158062553334225	0.0040995900409959
OPN4	0.591835027183427	0.0001999800019998	1.01659790918435	9.99900009999e-05	0.0122404389263783	0.112988701129887
OPN5	0.452001926563685	9.99900009999e-05	0.973340112109872	9.99900009999e-05	0.058270777428403	0.0333966603339666
PARP1	0.74737396367557	9.99900009999e-05	1.01900161586524	9.99900009999e-05	0.0645729518547059	0.0136986301369863
PAX4	0.153969993877108	0.0025997400259974	1.50896432247857	9.99900009999e-05	0.0672407725325334	0.0542945705429457
PER1	0.752463784592982	9.99900009999e-05	2.03597917746523	9.99900009999e-05	0.0494263517523689	0.0274972502749725
PER2	0.617604905239121	9.99900009999e-05	0.979791382694071	9.99900009999e-05	0.0486317406399723	0.0427957204279572
PER3	1.06149583664888	9.99900009999e-05	1.01372803293225	9.99900009999e-05	0.0222884647559056	0.095990400959904
PHLPP1	0.678757355899612	9.99900009999e-05	1.13397932640197	9.99900009999e-05	0.038030548548234	0.0466953304669533
PML	0.543147594085488	0.0001999800019998	1.29058859973769	9.99900009999e-05	0.0609252042657679	0.0510948905109489
PPARA	0.795626459297194	9.99900009999e-05	1.37545686275756	9.99900009999e-05	0.0608108502777064	0.0228977102289771
PPARG	0.538785207018271	9.99900009999e-05	1.06449241147444	9.99900009999e-05	0.00429535492539268	0.217578242175782
PPARGC1A	0.653825983991984	9.99900009999e-05	1.04045641473382	9.99900009999e-05	0.015137270609112	0.0768923107689231
PPP1CA	0.755645637760925	9.99900009999e-05	1.19647445245506	9.99900009999e-05	0.0832500293121377	0.0166983301669833
PPP1CB	0.395596952694221	0.0150984901509849	0.987733191158806	0.0127371355622451	-0.00309166199973617	0.186781321867813
PPP1CC	0.347863730485748	0.0185981401859814	0.854986225167492	0.104529624010322	-0.00508844227826949	0.228077192280772
PRKAA1	0.400324960730086	0.0018998100189981	1.06037014054878	9.99900009999e-05	0.00991615076888276	0.1996800319968
PRKAA2	0.511081488223929	9.99900009999e-05	1.01688892396743	9.99900009999e-05	0.0787383487082584	0.008999100089991
PRKCG	0.647539274242584	9.99900009999e-05	1.70159505301947	9.99900009999e-05	0.0525565764289682	0.0295970402959704
SERPINE1	0.562203083599974	0.0004999500049995	1.08280098879977	9.99900009999e-05	0.0318303067059494	0.106689331066893
SFPQ	0.529001668884454	0.0005999400059994	1.10695180721423	9.99900009999e-05	0.0823385677949688	0.0064993500649935
SIAH2	0.397488600297625	9.99900009999e-05	1.33999393602378	9.99900009999e-05	0.0421757513887856	0.0857914208579142
SIK1	0.654954342598686	9.99900009999e-05	1.02945787194706	9.99900009999e-05	0.0534691518365688	0.0308969103089691
SIN3A		9.99900009999e-05	1.00005292096107	9.99900009999e-05		9.99900009999e-05
SIRT1	0.461337879780303	0.0003999600039996	1.11310179780552	9.99900009999e-05	0.0572823669477865	0.0223977602239776
SLC6A4	0.699142341868143	9.99900009999e-05	0.996289317155891	9.99900009999e-05	0.0517926589721542	0.0266973302669733
SOX14	0.149978505918722	0.0002999700029997	1.06171393593534	9.99900009999e-05	0.20961977427401	0.0044995500449955
SREBF1	0.589399978133747	9.99900009999e-05	0.951468434120157	9.99900009999e-05	0.0574781260234761	0.0273972602739726
SUV39H2	0.339597786425769	0.0035996400359964	1.02030003629874	9.99900009999e-05	0.00460603970780526	0.217478252174783
TH	0.692701416618801	9.99900009999e-05	1.09518158837318	9.99900009999e-05	0.0438635626252812	0.024997500249975
THRAP3	0.32769374285773	0.0010998900109989	1.70654412578165	9.99900009999e-05	0.0664623723330792	0.0136986301369863
TIMELESS	0.496791018626074	9.99900009999e-05	0.975932360858024	0.000226398574138676	0.018498491173711	0.135886411358864
TNFRSF11A	0.563805694311505	9.99900009999e-05	1.0101905195691	9.99900009999e-05	0.0239419421763127	0.111988801119888
TOP1	0.15341221573879	0.0002999700029997	0.996802759661016	9.99900009999e-05	0.0217182587194354	0.143885611438856
TOP2A	0.462589747185175	0.0001999800019998	1.00646387275455	9.99900009999e-05	0.053489768656932	0.0333966603339666
TP53	0.688174629986347	9.99900009999e-05	1.5123114223875	9.99900009999e-05	0.0774846691999068	0.0125987401259874
TPH1	0.47311249262141	0.0001999800019998	0.942573920746607	9.99900009999e-05	0.0707685758111871	0.0117988201179882
TYMS	0.667183545588724	9.99900009999e-05	1.02667983750177	9.99900009999e-05	0.0530649060259846	0.0267973202679732
UBE3A	0.533341420574591	9.99900009999e-05	0.880903479281577	9.99900009999e-05	0.044445277348809	0.0472952704729527
USP2	0.587065241906994	9.99900009999e-05	1.05212581286086	9.99900009999e-05	0.100066958677716	0.0088991100889911
USP7	0.549720657401906	0.0028997100289971	1.07362540392306	9.99900009999e-05	0.060922378202656	0.0174982501749825
