Gene	Ps	Pi	Theta	TajimasD	Phenotype	dN	dS	dN_dS	Cluster	purity_score	p_value	DiffChange	FDR
AANAT	0.515	0.074	0.123	-1.483	NREM	0.13264164	0.37383645	0.354811950520074	6	0.84375	0.0260061919504644	0.038194444444444	1
ADCY1	0.507	0.078	0.118	-1.277	NREM	0.12710259	0.31560839	0.402722468816498	14	0.912878787878788	0.000107242333652348	0.039801864801865	0.0153356537122858
ADIPOQ	0.321	0.061	0.075	-0.698	NREM	0.11088849	0.35250275	0.314574822465924	2	0.772727272727273	0.478260869565217		1
ADORA1	0.174	0.034	0.041	-0.613	NREM	0.11932224	0.10327847	1.15534476837234	2	0.775	0.476190476190476		1
ADORA2A	0.286	0.065	0.068	-0.15	NREM	0.1435175	0.23026423	0.623273098040456	11	0.9	0.00154798761609907	0.025	0.221362229102167
ADRB1	0.352	0.063	0.091	-1.216	NREM	0.12188983	0.11269693	1.08157187600408	12	0.95	0.004995004995005	0.040909090909091	0.714285714285715
AGRP	0.335	0.06	0.078	-0.855	NREM	0.23976695	0.15656769	1.53139482354246	10	0.875	0.00134607618791224	0.063888888888889	0.19248889487145
AHR	0.463	0.105	0.108	-0.077	NREM	0.20959386	0.18146135	1.15503306902544	2	0.760869565217391	1		1
ARNTL	0.353	0.059	0.082	-1.048	NREM	0.06942902	0.16734743	0.414879511445141	2	0.772727272727273	0.478260869565217		1
ARNTL2	0.473	0.077	0.115	-1.272	NREM	0.12280507	0.29091133	0.422139178972507	14	0.95	0.000411353352529823	0.061111111111111	0.0588235294117647
ATF4	0.413	0.081	0.097	-0.633	NREM	0.19081414	0.11609277	1.64363499983677	12	0.928571428571429	6.73038093956118e-05	0.084821428571429	0.00962444474357249
ATF5	0.194	0.042	0.047	-0.418	NREM	0.14718839	0.09383863	1.5685266291718	11	0.896103896103896	0.00150829562594268	0.041937229437229	0.215686274509803
ATG7	0.396	0.065	0.092	-1.109	NREM	0.10513629	0.21854069	0.481083362553674	5	0.772727272727273	0.478260869565217	0.136363636363637	1
ATOH7	0.302	0.066	0.076	-0.511	NREM	0.16986721	0.18738429	0.906517883649691	12	1	5.14191690662278e-05	0.045454545454545	0.00735294117647058
BHLHE40	0.473	0.054	0.112	-1.965	NREM	0.14092644	0.14107827	0.998923788901012	9	0.84375	0.0123839009287926	0.020220588235294	1
BHLHE41	0.321	0.031	0.077	-2.289	NREM	0.11848334	0.22010392	0.538306360013943	12	0.923076923076923	0.00103199174406605	0.03021978021978	0.147574819401445
BTBD9	0.278	0.041	0.065	-1.354	NREM	0.12034284	0.05140546	2.34105170929314	3	0.760869565217391	1	0.260869565217391	1
BTRC	0.247	0.04	0.058	-1.135	NREM	0.09639233	0.0357783	2.69415623436552	10	0.852941176470588	0.00457665903890161	0.056372549019607	0.65446224256293
CARTPT	0.372	0.027	0.087	-2.61	NREM	0.11581256	0.2160217	0.536115399517734	5	0.785714285714286	0.454545454545454	0.512987012987013	1
CAVIN3	0.264	0.046	0.063	-0.981	NREM	0.150928	0.18804471	0.802617632795945	2	0.761904761904762	1		1
CCAR2	0.334	0.067	0.078	-0.511	NREM	0.10431089	0.19744133	0.528313347565072	2	0.760869565217391	1		1
CDK1	0.32	0.05	0.074	-1.204	NREM	0.02809392	0.37157515	0.0756076395313303	6	0.8	0.093167701863354	0.014285714285714	1
CHRNB2	0.244	0.04	0.058	-1.17	NREM	0.05118656	0.33515325	0.152725835121694	9	0.852941176470588	0.00956937799043063	0.0196078431372549	1
CIART	0.328	0.051	0.08	-1.404	NREM	0.15479394	0.22249804	0.695709229618382	9	0.884615384615385	0.00309597523219815	0.081043956043956	0.442724458204335
CIPC	0.499	0.1	0.117	-0.523	NREM	0.21528258	0.16063982	1.340157004658	12	0.882936507936508	0.000140726146918097	0.054090354090354	0.0201238390092879
CLDN4	0.168	0.034	0.04	-0.586	NREM	0.16781408	0.20403759	0.822466487670238	2	0.805555555555556	0.189473684210526		1
CLOCK	0.36	0.065	0.084	-0.842	NREM	0.10954404	0.08289432	1.32149030235123	2	0.760869565217391	1		1
CPT1A	0.411	0.099	0.096	0.103	NREM	0.12650015	0.34327883	0.368505538194709	12	0.878846153846154	0.000103611558719918	0.0600961538461541	0.0148164528969483
CREB1	0.266	0.041	0.062	-1.229	NREM	0.07190458	0.05454396	1.3182867543904	6	0.8	0.093167701863354	0.027272727272727	1
CREM	0.372	0.051	0.086	-1.534	NREM	0.12946715	0.11424028	1.13328810118463	3	0.760869565217391	1	0.260869565217391	1
CRH	0.425	0.09	0.102	-0.461	NREM	0.1613186	0.29337809	0.54986587444209	13	1	1.32306633854622e-05	0.076923076923077	0.00189198486412109
CRTC1	0.304	0.06	0.072	-0.613	NREM	0.14027586	0.18002846	0.779187135189625	2	0.761904761904762	1		1
CRY1	0.313	0.05	0.073	-1.159	NREM	0.11646913	0.05824401	1.9996756748033	2	0.760869565217391	1		1
CRY2	0.23	0.042	0.054	-0.827	NREM	0.10655845	0.10575344	1.00761214008736	7	0.81578947368421	0.0372670807453416	0.0300751879699239	1
CSNK1D	0.434	0.07	0.101	-1.161	NREM	0.07535776	0.28961182	0.26020263951934	14	0.923076923076923	6.7303809395612e-05	0.05	0.00962444474357252
CSNK1E	0.276	0.05	0.065	-0.866	NREM	0.05774626	0.3101696	0.186176401555794	2	0.785714285714286	0.217391304347826		1
DBP	0.189	0.034	0.046	-1.004	NREM	0.13037665	0.11247232	1.15918876751186	5	0.823529411764706	0.0736842105263158	0.0980392156862739	1
DRD2	0.324	0.048	0.075	-1.362	NREM	0.11535025	0.05920224	1.94841022907241	3	0.760869565217391	1	0.260869565217391	1
DRD3	0.458	0.088	0.107	-0.674	NREM	0.16032824	0.10412176	1.53981492437316	11	0.847222222222222	0.00168871376301717	0.054811507936508	0.241486068111455
DRD4	0.405	0.074	0.101	-1.046	NREM	0.15584187	0.31645101	0.492467601857235	7	0.866666666666667	0.0428921568627451	0.0431372549019611	1
DYRK1A	0.221	0.034	0.052	-1.309	NREM	0.0341148	0.1123337	0.303691590324186	6	0.789473684210526	0.214285714285714	0.244019138755981	1
EGR1	0.451	0.068	0.105	-1.338	NREM	0.07245547	0.26341761	0.275059325001089	5	0.8	0.093167701863354	0.027272727272727	1
EGR3	0.27	0.041	0.063	-1.321	NREM	0.09901359	0.02328848	4.25161238517928	4	0.772727272727273	0.478260869565217	0.261363636363637	1
EP300	0.286	0.055	0.067	-0.646	NREM	0.07482565	0.19673741	0.380332596632232	6	0.81578947368421	0.0372670807453416	0.0300751879699239	1
EZH2	0.13	0.027	0.03	-0.446	NREM	0.09195455	0.15410323	0.596707479784817	9	0.9	0.000703630734590486	0.069642857142857	0.10061919504644
F7	0.483	0.117	0.114	0.096	NREM	0.28767628	0.17608304	1.63375348358365	4	0.775	0.476190476190476	0.2625	1
FBXL3	0.225	0.041	0.053	-0.881	NREM	0.08753544	0.06309054	1.38745745400182	4	0.789473684210526	0.214285714285714	0.244019138755981	1
FBXW11	0.295	0.045	0.068	-1.258	NREM	0.11182012	0.02012825	5.55538211220548	2	0.760869565217391	1		1
FBXW7	0.234	0.031	0.054	-1.57	NREM	0.07923919	0.07236613	1.09497619950107	10	0.833333333333333	0.0137299771167048	0.033333333333333	1
GFPT1	0.299	0.055	0.069	-0.778	NREM	0.13029912	0.02079328	6.2664053001739	12	0.875	0.00134607618791224	0.041666666666667	0.19248889487145
GHRH	0.364	0.047	0.086	-1.725	NREM	0.24654277	0.17930066	1.37502433064106	5	0.777777777777778	0.214285714285714	0.014619883040936	1
GHRL	0.307	0.052	0.073	-1.065	NREM	0.22417263	0.2193511	1.02198087905645	5	0.775	0.476190476190476	0.252272727272727	1
GNA11	0.397	0.05	0.095	-1.807	NREM	0.13200219	0.10726158	1.23065677384204	10	0.866666666666667	0.00812693498452013	0.022916666666667	1
GNAQ	0.21	0.03	0.052	-1.625	NREM	0.06458393	0.03855479	1.67512078265762	11	0.916666666666667	0.00824175824175826	0.05952380952381	1
GSK3B	0.121	0.013	0.028	-1.945	NREM	0.05634032	0.07215974	0.780772214534033	2	0.760869565217391	1		1
HCRTR2	0.287	0.05	0.067	-0.941	NREM	0.16046335	0.07890375	2.03365936346498	2	0.760869565217391	1		1
HDAC1	0.256	0.034	0.061	-1.663	NREM	0.12933808	0.03337175	3.87567568377445	8	0.81578947368421	0.0372670807453417	0.0300751879699239	1
HDAC2	0.366	0.043	0.085	-1.862	NREM	0.09671611	0.07417998	1.30380339816754	10	0.8	0.093167701863354	0.0750000000000001	1
HDAC3	0.208	0.044	0.05	-0.401	NREM	0.03516533	0.23212707	0.151491723907944	3	0.785714285714286	0.454545454545455	0.512987012987013	1
HEBP1	0.256	0.056	0.06	-0.278	NREM	0.19256753	0.14056009	1.37000147054544	3	0.772727272727273	0.478260869565217	0.511857707509882	1
HNRNPD	0.313	0.023	0.073	-2.529	NREM	0.04545134	0.06935376	0.655355095383437	2	0.760869565217391	1		1
HNRNPU	0.305	0.046	0.071	-1.313	NREM	0.06048422	0.14646957	0.412947344625918	10	0.9	0.00033651904697806	0.025	0.0481222237178626
HTR7	0.342	0.057	0.08	-1.098	NREM	0.10267916	0.15596203	0.658359986722409	3	0.761904761904762	1	0.261904761904762	1
ID2	0.22	0.019	0.051	-2.327	NREM	0.10619186	0.05764184	1.84227047575164	4	0.760869565217391	1	0.260869565217391	1
ID3	0.38	0.031	0.089	-2.462	NREM	0.1403805	0.09680128	1.450192600759	14	0.954166666666667	1.54644117492415e-06	0.0450757575757581	0.000221141088014153
ID4	0.159	0.017	0.039	-2.163	NREM	0.09640395	0.10583152	0.910919072125204	12	0.923076923076923	0.000464396284829722	0.03021978021978	0.0664086687306502
KCNA2	0.388	0.073	0.091	-0.74	NREM	0.02069695	0.31658344	0.0653759716553715	13	0.909090909090909	0.000345887342791368	0.0424242424242419	0.0494618900191656
KCNH7	0.274	0.049	0.064	-0.844	NREM	0.08735173	0.12482181	0.699811435197102	5	0.785714285714286	0.217391304347826	0.244047619047619	1
KDM5A	0.284	0.053	0.066	-0.768	NREM	0.08886792	0.16250183	0.546873349057054	6	0.8	0.093167701863354	0.027272727272727	1
KLF10	0.478	0.096	0.112	-0.549	NREM	0.14333354	0.26094459	0.549287264395863	10	0.805555555555556	0.0902255639097742	0.0763888888888891	1
KLF9	0.11	0.016	0.026	-1.449	NREM	0.04071703	0.14735674	0.276316034135934	6	0.805555555555556	0.0902255639097742	0.030555555555556	1
LEP	0.426	0.079	0.101	-0.8	NREM	0.1963109	0.21850523	0.898426550247791	3	0.775	0.476190476190476	0.013095238095238	1
LGR4	0.438	0.08	0.102	-0.81	NREM	0.13732218	0.3196963	0.429539472305435	14	0.855555555555556	0.00134607618791224	0.027430555555556	0.19248889487145
MAGEL2	0.536	0.099	0.135	-1.062	NREM	0.28532823	0.21339733	1.33707497652384	12	0.95	0.000874125874125874	0.066666666666667	0.125
MAPK10	0.345	0.045	0.08	-1.62	NREM	0.09182072	0.04010295	2.2896250774569	3	0.760869565217391	1	0.260869565217391	1
MAPK8	0.309	0.052	0.072	-1.047	NREM	0.07737166	0.09584355	0.807270390130583	10	0.833333333333333	0.0137299771167048	0.0175438596491231	1
MAPK9	0.332	0.068	0.078	-0.506	NREM	0.11198236	0.0867516	1.29083913149729	13	0.866666666666667	0.00190521552750655	0.037606837606838	0.272445820433437
MC3R	0.395	0.086	0.096	-0.39	NREM	0.1077501	0.25813132	0.417423581144667	5	0.794117647058824	0.210526315789474	0.139705882352942	1
METTL3	0.349	0.062	0.082	-0.909	NREM	0.10499232	0.12826019	0.818588526962263	12	0.892857142857143	0.000336519046978059	0.045634920634921	0.0481222237178624
MTA1	0.259	0.035	0.062	-1.624	NREM	0.12056496	0.14552352	0.828491229458991	9	0.822115384615385	0.0075187969924812	0.036401098901099	1
MTNR1A	0.478	0.109	0.113	-0.143	NREM	0.22361375	0.12644623	1.76844932427009	7	0.823529411764706	0.0350877192982456	0.0179738562091499	1
MTNR1B	0.433	0.099	0.106	-0.246	NREM	0.23571025	0.21676742	1.08738780947801	7	0.833333333333333	0.0325077399380805	0.020833333333333	1
MTTP	0.468	0.103	0.109	-0.219	NREM	0.13176918	0.25594588	0.514832198119384	12	0.878846153846154	0.000103611558719918	0.0600961538461541	0.0148164528969483
MYBBP1A	0.451	0.102	0.107	-0.155	NREM	0.22789878	0.24743956	0.921028068430125	4	0.81578947368421	0.171428571428571	0.530075187969924	1
NFIL3	0.359	0.104	0.087	0.791	NREM	0.22833404	0.19429296	1.17520490706405	2	0.789473684210526	0.45		1
NGFR	0.234	0.04	0.055	-1.018	NREM	0.1451599	0.10358266	1.40139189319911	8	0.833333333333333	0.0137299771167048	0.0175438596491231	1
NKX2-1	0.245	0.033	0.058	-1.655	NREM	0.08641397	0.07461842	1.15807826003284	10	0.857142857142857	0.00386996904024768	0.0238095238095239	0.553405572755418
NLGN1	0.328	0.051	0.076	-1.233	NREM	0.06191569	0.1219367	0.507769112990593	3	0.760869565217391	1	0.260869565217391	1
NOCT	0.373	0.058	0.087	-1.251	NREM	0.14700602	0.18589201	0.790814086092242	2	0.772727272727273	0.478260869565217		1
NOS2	0.52	0.098	0.121	-0.697	NREM	0.16262353	0.21242328	0.765563595477859	6	0.8	0.093167701863354	0.014285714285714	1
NPAS2	0.493	0.072	0.116	-1.41	NREM	0.15894957	0.10848301	1.46520243123785	2	0.761904761904762	1		1
NPS	0.599	0.098	0.143	-1.17	NREM	0.20517793	0.18235052	1.1251842330913	2	0.789473684210526	0.45		1
NPSR1	0.483	0.088	0.114	-0.844	NREM	0.14775923	0.15264177	0.968013080561107	10	0.852083333333333	0.00134607618791224	0.028422619047619	0.19248889487145
NR1D1	0.293	0.052	0.068	-0.901	NREM	0.11972509	0.08213369	1.4576855124858	11	0.877622377622378	0.000644193604215142	0.169289044289045	0.0921196854027653
NR1D2	0.38	0.053	0.09	-1.546	NREM	0.09926403	0.13429442	0.739152304317633	11	0.857142857142857	0.00386996904024768	0.0238095238095239	0.553405572755418
NR1H3	0.216	0.038	0.05	-0.901	NREM	0.13529261	0.12115747	1.11666750717063	3	0.760869565217391	1	0.260869565217391	1
NR2F6	0.347	0.05	0.084	-1.534	NREM	0.14242235	0.10623137	1.34068072359417	2	0.805555555555556	0.421052631578948		1
NR3C1	0.373	0.067	0.087	-0.858	NREM	0.12848074	0.07380243	1.74087411484961	3	0.772727272727273	0.478260869565217	0.511857707509882	1
NRIP1	0.49	0.109	0.119	-0.312	NREM	0.14676499	0.22299669	0.658148737544042	7	0.833333333333333	0.0325077399380805	0.039215686274509	1
NTRK1	0.495	0.09	0.115	-0.807	NREM	0.16303801	0.17135466	0.951465282589922	8	0.833333333333333	0.0137299771167048	0.0175438596491231	1
OGT	0.317	0.052	0.074	-1.124	NREM	0.02973592	0.20517144	0.144932062669151	6	0.81578947368421	0.0372670807453416	0.0157894736842099	1
OPN3	0.422	0.062	0.103	-1.514	NREM	0.16343229	0.1087221	1.50321130662487	8	0.8	0.0345022624434389	0.027272727272727	1
OPN4	0.445	0.086	0.105	-0.7	NREM	0.19270567	0.21250102	0.906845858904583	8	0.852941176470588	0.00956937799043063	0.0196078431372549	1
OPN5	0.329	0.06	0.076	-0.818	NREM	0.13274823	0.08795822	1.50921914972813	7	0.752631578947368	0.093167701863354	0.062155388471177	1
PARP1	0.397	0.087	0.092	-0.217	NREM	0.11931009	0.23299384	0.512074010197008	8	0.81578947368421	0.0372670807453417	0.0300751879699239	1
PAX4	0.412	0.082	0.097	-0.583	NREM	0.21334071	0.17418654	1.22478298265756	3	0.785714285714286	0.454545454545454	0.512987012987013	1
PER1	0.363	0.072	0.085	-0.59	NREM	0.12142765	0.17453976	0.695701942067527	4	0.8	0.093167701863354	0.027272727272727	1
PER2	0.523	0.117	0.122	-0.163	NREM	0.24110572	0.27971498	0.861969280300969	6	0.833333333333333	0.0137299771167048	0.033333333333333	1
PER3	0.565	0.099	0.134	-0.988	NREM	0.25800435	0.32154323	0.802393973587937	9	0.847619047619048	0.00281452293836195	0.0523809523809531	0.402476780185759
PHLPP1	0.508	0.079	0.119	-1.27	NREM	0.10355802	0.27373558	0.37831406498198	2	0.785714285714286	0.454545454545455		1
PML	0.498	0.107	0.117	-0.339	NREM	0.2496659	0.25261069	0.988342575684347	3	0.772727272727273	0.478260869565217	0.272727272727273	1
PPARA	0.266	0.062	0.063	-0.025	NREM	0.15223498	0.27935954	0.544942836031302	5	0.763157894736842	0.220779220779221	0.221491228070175	1
PPARG	0.193	0.039	0.045	-0.446	NREM	0.11789543	0.12299555	0.958534109567379	9	0.802521008403361	0.0137299771167048	0.0498894294559931	1
PPARGC1A	0.202	0.03	0.047	-1.334	NREM	0.07855788	0.0640355	1.22678639192323	6	0.8	0.093167701863354	0.014285714285714	1
PPP1CA	0.323	0.03	0.076	-2.284	NREM	0.07749361	0.13923764	0.55655647424073	7	0.833333333333333	0.0287081339712919	0.245833333333333	1
PPP1CB	0.261	0.025	0.061	-2.161	NREM	0.07504794	0.03121019	2.4045973446493	4	0.760869565217391	1	0.260869565217391	1
PPP1CC	0.279	0.032	0.066	-1.94	NREM	0.07757366	0.07579751	1.02343282780661	9	0.833333333333333	0.0631578947368421	0.0175438596491231	1
PRKAA1	0.121	0.014	0.028	-1.879	NREM	0.05992843	0.17089002	0.350684200282732	3	0.772727272727273	0.478260869565217	0.011857707509882	1
PRKAA2	0.268	0.045	0.062	-1.025	NREM	0.12634534	0.04102721	3.07954988896393	7	0.833333333333333	0.0137299771167048	0.033333333333333	1
PRKCG	0.148	0.024	0.035	-1.133	NREM	0.10262141	0.15319824	0.669860241214259	5	0.823529411764706	0.0350877192982456	0.03405572755418	1
SERPINE1	0.37	0.076	0.087	-0.471	NREM	0.15002213	0.26039733	0.576127758299212	2	0.772727272727273	0.478260869565217		1
SFPQ	0.426	0.055	0.1	-1.711	NREM	0.11512788	0.12253769	0.93953036000597	4	0.772727272727273	0.478260869565217	0.25189393939394	1
SIAH2	0.192	0.031	0.045	-1.143	NREM	0.06485041	0.23085741	0.280911104391234	3	0.772727272727273	0.478260869565217	0.272727272727273	1
SIK1	0.19	0.044	0.045	-0.029	NREM	0.1935569	0.38021243	0.509075676458027	14	0.909722222222222	0.000714455822814955	0.037126068376068	0.102167182662539
SIN3A	0.228	0.045	0.053	-0.598	NREM	0.11182092	0.07580376	1.47513685336981	9	0.833333333333333	0.0137299771167048	0.0175438596491231	1
SIRT1	0.391	0.059	0.093	-1.371	NREM	0.07951515	0.19468503	0.408429708231804	12	0.873076923076923	0.000644193604215143	0.020135746606335	0.0921196854027655
SLC6A4	0.383	0.075	0.089	-0.578	NREM	0.12364434	0.16659565	0.742182283871158	3	0.760869565217391	1	0.260869565217391	1
SOX14	0.119	0.021	0.029	-0.929	NREM	0.0337558	0.14741241	0.228988861928246	7	0.84375	0.0260061919504644	0.038194444444444	1
SPSB4	0.334	0.063	0.082	-0.895	NREM	0.07217942	0.16356664	0.441284481970162	4	0.8125	0.0866873065015479	0.018382352941176	1
SREBF1	0.439	0.09	0.104	-0.518	NREM	0.16919182	0.25650897	0.659594165459399	5	0.81578947368421	0.0779220779220779	0.0300751879699239	1
SUV39H2	0.121	0.014	0.029	-1.923	NREM	0.09353149	0.12898765	0.725119730454815	6	0.81578947368421	0.0372670807453416	0.0157894736842099	1
TH	0.407	0.078	0.098	-0.772	NREM	0.13978181	0.29923849	0.467125101453359	10	0.944444444444444	0.000119075970469159	0.052398989898989	0.0170278637770897
THRAP3	0.402	0.07	0.093	-0.938	NREM	0.09521149	0.24400315	0.390205987094839	2	0.760869565217391	1		1
TIMELESS	0.428	0.075	0.101	-0.962	NREM	0.18958171	0.12418945	1.52655245675055	7	0.81578947368421	0.0372670807453417	0.0157894736842099	1
TNFRSF11A	0.577	0.112	0.136	-0.644	NREM	0.2557391	0.25938829	0.985931554581743	5	0.8	0.194805194805195	0.014285714285714	1
TOP1	0.394	0.062	0.092	-1.216	NREM	0.10045125	0.08658765	1.16011059313886	3	0.772727272727273	0.478260869565217	0.011857707509882	1
TOP2A	0.439	0.082	0.102	-0.721	NREM	0.11253686	0.13918286	0.808554013044422	3	0.760869565217391	1	0.260869565217391	1
TP53	0.379	0.074	0.09	-0.661	NREM	0.19759311	0.20131788	0.981498066639684	6	0.81578947368421	0.0779220779220779	0.0380116959064319	1
TPH1	0.291	0.038	0.068	-1.671	NREM	0.09632993	0.16037207	0.600665252995737	7	0.81578947368421	0.0372670807453417	0.0157894736842099	1
TYMS	0.383	0.062	0.09	-1.16	NREM	0.18515422	0.08203645	2.25697503975367	10	0.852941176470588	0.00956937799043063	0.064705882352941	1
UBE3A	0.33	0.054	0.077	-1.108	NREM	0.06094723	0.12428217	0.490393996178213	7	0.81578947368421	0.0372670807453417	0.0300751879699239	1
USP2	0.351	0.057	0.083	-1.18	NREM	0.08157513	0.24566116	0.332063603379549	11	0.923076923076923	0.000464396284829722	0.03021978021978	0.0664086687306502
USP7	0.292	0.058	0.068	-0.573	NREM	0.0767101	0.18403524	0.416822886747125	9	0.852941176470588	0.00457665903890159	0.0672268907563019	0.654462242562927
