Gene	Cluster	purity_score	p_value	Estimate.fisher	P.cochran	Estimate.cochran	DiffChange	FDR
AANAT	14	0.875525210084034	3.62573050479746e-06	28.8649776587939	0.220046608844853	1.22640419320846	0.017227796290931	0.000594619802786783
ADCY1	12	0.796474358974359	0.00114911892032612	12.3151558893327	0.885094062312411	-0.144514683614787	0.029129861366703	0.188455502933484
ADIPOQ	9	0.802325581395349	0.0199129276513743	10.0833386072709	0.215334748255521	-1.23902902791639	0.0965328984685201	1
ADORA1	12	0.841463414634147	0.00121142570194451	19.6027063226129	0.673100903717179	-0.421896035742013	0.00813008130081394	0.1986738151189
ADORA2A	7	0.788888888888889	0.575714285714286	2.64712668591173	0.98082033254551	-0.0240404638422326	0.233333333333333	1
ADRB1	6	0.828125	0.28022759601707	5.25146237113844	0.551501599805471	-0.595511521729869	0.519301470588235	1
AGRP	6	0.782608695652174	0.324214608920491	3.76286361761982	0.518631794910249	-0.645455889352052	0.224407637451116	1
AHR	2	0.28	1	1.25541599242842	0.370570880317543	-0.895404529325727		1
ARNTL	8	0.791666666666667	0.312255139114185	4.03900743099942	0.153137640263213	-1.42853600041726	0.091124661246613	1
ARNTL2	5	0.8125	0.0733159043482172	7.79339476772379	0.0653042226885985	1.84316980041755	0.254807692307692	1
ATF4	4	0.787234042553192	0.577466063348416	2.61715199103487	0.42104419867282	0.804610989193309	0.505984042553192	1
ATF5	13	0.888888888888889	9.13102604684036e-05	33.875057513959	0.0034160164454479	-2.92758866567008	0.056502525252525	0.0149748827168182
ATG7	8	0.791666666666667	0.165327827924942	5.36558129186772	0.0673678918910402	-1.82921175669415	0.129432624113475	1
ATOH7	11	0.838235294117647	0.0136366370058939	13.1814061889254	0.701630892550865	0.38311986314218	0.0356037151702789	1
BHLHE40	14	0.827564102564103	0.00188775540597134	11.0682142971347	0.249552837459401	-1.1514361778847	0.0494633273703039	0.3095918865793
BHLHE41	11	0.842105263157895	0.00269633625001415	17.6380187455588	0.795857348668973	0.258712144351825	0.00877192982456199	0.442199145002321
BTBD9	8	0.811111111111111	0.0175394958968766	10.8328767038454	0.0594830038610143	-1.88460635370677	0.228039010797631	1
BTRC	11	0.8375	0.00123281594289947	18.9294947628892	0.333019410314688	-0.968049977728297	0.00823170731707301	0.202181814635513
CARTPT	9	0.817073170731707	0.0164312533524048	11.2913999587669	0.50773656245766	-0.662366196095888	0.0281842818428181	1
CAVIN3	14	0.857487922705314	1.78219754139807e-05	20.5288270959796	0.018733581109919	2.35079043977402	0.052726017943409	0.00292280396789284
CCAR2	10	0.824324324324324	0.001638790706541	16.909909168214	0.778804370300768	0.280877484786268	0.031641397495056	0.268761675872724
CDK1	8	0.811111111111111	0.0175394958968766	10.8328767038454	0.389939573303557	-0.859726953621096	0.228039010797631	1
CHRNB2	13	0.864864864864865	3.0927642893397e-05	30.8124081756591	0.709183498829988	0.372952900536158	0.018711018711019	0.00507213343451711
CIART	10	0.839285714285714	0.00139281689242351	20.4132982516711	0.213587762795649	1.24376038924033	0.032834101382488	0.228421970357456
CIPC	14	0.871428571428572	8.35254646308529e-06	37.4327134457517	0.678131262557017	-0.415014535306305	0.0103174603174609	0.00136981761994599
CLDN4	2	0.7875	0.171023098050183	5.1589949353027	0.05412791284496	1.92581151725708		1
CLOCK	9	0.811111111111111	0.0175394958968766	10.8328767038454	0.139365200465186	-1.47815909211742	0.092818428184282	1
CPT1A	6	0.797872340425532	0.305267651327585	4.2340916513783	0.114396796088946	-1.57873524907948	0.512158054711246	1
CREB1	11	0.825581395348837	0.00323444079790456	15.5537876374166	0.0811645011663823	-1.74396896775146	0.027709054923305	0.530448290856348
CREM	6	0.699404761904762	0.0860686058693001	4.27052169548586	0.113081909651217	-1.58449152101821	0.0150193798449609	1
CRH	10	0.842857142857143	0.00256980677150023	17.6167566637748	0.334728472406902	0.964633383406468	0.0351648351648349	0.421448310526038
CRTC1	4	0.797872340425532	0.566968325791855	2.84083901837466	0.126314527118152	-1.52879800498308	0.506205673758865	1
CRY1	14	0.829268292682927	0.00139829441196716	17.7309931819309	0.605825157597057	-0.516041882378602	0.033875338753388	0.229320283562614
CRY2	11	0.8375	0.000543315137687987	20.8079977704272	0.00225222817963606	-3.05478379560946	0.0160714285714291	0.0891036825808299
CSNK1D	3	0.785714285714286	0.579100145137881	2.58983288121829	0.154299700676207	-1.42450720574547	0.505714285714286	1
CSNK1E	14	0.85	0.000226200926396048	23.1101984397873	0.0532641834402938	-1.93277287334264	0.008536585365853	0.0370969519289519
DBP	7	0.824324324324324	0.032565911650476	10.1918779210068	0.0110361087399519	-2.54155339721323	0.031641397495056	1
DRD2	11	0.784226190476191	0.0163455753792732	6.74701396991179	0.194343919581386	1.29783534974726	0.0586827122153211	1
DRD3	7	0.80952380952381	0.00885320314087405	12.1639849488416	0.357073642249462	-0.920955535115992	0.140293040293041	1
DRD4	9	0.848484848484848	0.00578833602686485	14.3032219146481	0.040469715144992	2.04892228179601	0.037674037674037	0.949287108405835
DYRK1A	10	0.825581395348837	0.0154548099077818	12.1235856334848	0.521413794425911	0.641167605050602	0.027709054923305	1
EGR1	6	0.804878048780488	0.0193170033971035	10.263802092995	0.667102664999357	0.430127818628199	0.02710027100271	1
EGR3	7	0.777777777777778	0.182923169267707	4.81446535919666	0.442880647966354	-0.767337886903578	0.216588966588967	1
EP300	7	0.791666666666667	0.312255139114185	4.03900743099942	0.379191324172248	-0.879387284443911	0.171099290780142	1
EZH2	14	0.829268292682927	0.00307239222156453	15.9707856459239	0.225131166560157	-1.21299647934869	0.140165728580363	0.503872324336583
F7	13	0.896584440227704	4.38003841293689e-07	35.1260886343158	0.970880189555472	-0.0365043759218671	0.029917773561037	7.1832629972165e-05
FBXL3	11	0.817073170731707	0.00783011731697588	12.8885952698234	0.772427468031879	-0.28920112886989	0.042073170731707	1
FBXW11	3	0.775510204081633	0.59079180777294	2.39570272168749	0.155968740028179	1.41876088459791	0.505510204081633	1
FBXW7	10	0.825581395348837	0.00323444079790456	15.5537876374166	0.0617846980596925	-1.86783769108043	0.027709054923305	0.530448290856348
GFPT1	11	0.813953488372093	0.0081655087381585	12.6123678977952	0.0894849603028584	-1.69812082263383	0.217362579281184	1
GHRH	7	0.804878048780488	0.0193170033971035	10.263802092995	0.380688887469325	0.876627702156599	0.232991601894041	1
GHRL	4	0.773809523809524	0.33806146572104	3.51038622928667	0.11375248999376	1.58154932607673	0.117399267399268	1
GNA11	11	0.858974358974359	0.000717704084526362	20.4213432970702	0.30874672617346	-1.01785530201438	0.033392963625522	0.117703469862323
GNAQ	6	0.794871794871795	0.569616430081547	2.7575215605891	0.0841096164363481	-1.72732330262259	0.507371794871795	1
GSK3B	8	0.811111111111111	0.0175394958968766	10.8328767038454	0.00571028747530782	-2.76396951040227	0.228039010797631	1
HCRTR2	4	0.78125	0.584051908136259	2.50153334550313	0.11676091560215	-1.56851532806609	0.505739795918367	1
HDAC1	2	0.755555555555556	1	2.0574014066516	0.31199247114545	-1.01105005920687		1
HDAC2	9	0.80952380952381	0.00885320314087405	12.1639849488416	0.259221004262899	-1.12823424677042	0.090079365079365	1
HDAC3	9	0.833333333333333	0.00639138844504246	14.538497763303	0.27973101700555	-1.08092378600237	0.00900900900900903	1
HEBP1	11	0.838235294117647	0.000286752727587379	22.5000744658194	0.777985645245693	-0.281945050035338	0.0356037151702789	0.0470274473243302
HNRNPD	4	0.775510204081633	0.59079180777294	2.39570272168749	0.332529539871026	-0.969031365660381	0.505510204081633	1
HNRNPU	11	0.825	0.00154094826461173	17.1003861426813	0.000673367187721329	-3.4001994410804	0.029545454545455	0.252715515396324
HTR7	8	0.793478260869565	0.163576490102572	5.43169152551666	0.708513691176854	0.373852992417242	0.0865338164251209	1
ID2	8	0.797872340425532	0.081573008321066	7.01297509691556	0.346491705730886	-0.941416022749358	0.104394079555967	1
ID3	6	0.787234042553192	0.317845129343465	3.90093655735415	0.552138292588616	-0.59455900077149	0.093636481577582	1
ID4	7	0.794871794871795	0.30870163428303	4.10542973572568	0.492655561572605	0.686091260653702	0.099796037296037	1
KCNA2	8	0.807459677419355	0.000145989742336119	15.0620034839851	0.723793829965927	-0.353393003934416	0.213368768328446	0.0239423177431235
KCNH7	8	0.811111111111111	0.0175394958968766	10.8328767038454	0.0331953628228301	-2.1297124218386	0.228039010797631	1
KDM5A	8	0.791666666666667	0.165327827924942	5.36558129186772	0.902807159267054	-0.122115988989162	0.208594566353187	1
KLF10	2	0.672764227642277	0.255283389951725	3.07665730733446	0.113140788499632	1.58423263836975		1
KLF9	8	0.804347826086957	0.298901098901099	4.4489949561672	0.241566586968973	-1.17108008753824	0.51268115942029	1
KMT2A	11	0.829268292682927	0.00139829441196716	17.7309931819309	0.273416376681037	-1.09522887911787	0.029268292682927	0.229320283562614
LEP	2	0.761904761904762	0.608510638297872	2.15523094616526	0.300367386236166	1.03564586528245		1
LGR4	13	0.810365853658537	0.00296561991698684	9.55898027571403	0.791388571923722	-0.264507908154147	0.046476964769648	0.486361666385842
MAGEL2	8	0.851851851851852	0.00508399277499446	16.4108199620681	0.961728702944893	-0.0479843652892567	0.012566137566138	0.833774815099092
MAPK10	8	0.797872340425532	0.081573008321066	7.01297509691556	0.529181670119393	0.629255697565986	0.079579657498703	1
MAPK8	13	0.833333333333333	0.00131335408922959	18.3616063038916	0.122554796745713	-1.54413844622851	0.0289855072463761	0.215390070633653
MAPK9	14	0.908333333333333	3.01093445314579e-08	47.7568695616447	0.0076205019413223	2.66843721687853	0.057230392156862	4.9379325031591e-06
MC3R	2	0.75609756097561	1	2.06281208121601	0.311479889706999	-1.01212165469495		1
METTL3	12	0.81578947368421	0.00204029910922866	15.8391872078924	0.676362758907149	0.417431581381545	0.198941647597253	0.3346090539135
MTA1	6	0.8	0.565	2.88374338783395	0.252279157087718	-1.14483103387522	0.506521739130435	1
MTNR1A	14	0.880459770114943	6.60593136245133e-06	28.1962708918111	0.548948903625002	0.599335913422334	0.0407161803713531	0.00108337274344202
MTNR1B	6	0.848484848484848	0.00279565906338453	16.3185457500632	0.0616042301602276	1.86913359455766	0.010249554367201	0.458488086395063
MTTP	7	0.791666666666667	0.312255139114185	4.03900743099942	0.0500820418655824	-1.95926259523455	0.091124661246613	1
MYBBP1A	7	0.821428571428571	0.0336436850410839	10.0464589311141	0.0441716561513835	-2.01245822443001	0.027950310559006	1
MYCBP2	8	0.813953488372093	0.0081655087381585	12.6123678977952	0.147558264858427	-1.44821022844263	0.0267194458189011	1
NAMPT	9	0.821428571428571	0.00736778323100849	13.3636789688639	0.220894603308201	1.22415276730228	0.027950310559006	1
NCOA2	8	0.811111111111111	0.0175394958968766	10.8328767038454	0.00571028747530782	-2.76396951040227	0.228039010797631	1
NCOR1	7	0.787234042553192	0.170350449484745	5.18187827157642	0.531762303567288	0.625318098899263	0.210935341254491	1
NFIL3	8	0.824324324324324	0.032565911650476	10.1918779210068	0.134738523094233	-1.49567440575449	0.239618441971383	1
NGFR	5	0.782608695652174	0.324214608920491	3.76286361761982	0.507970024611121	-0.66200186786951	0.245571658615137	1
NKX2-1	10	0.846153846153846	0.00117954029276449	18.2882771417117	0.740689892454421	-0.330939887005503	0.032200357781753	0.193444608013376
NLGN1	4	0.78	0.585477415666095	2.48026752849279	0.116237915775929	-1.57076211182509	0.505490196078431	1
NOCT	11	0.804347826086957	0.0775730127561426	7.36766533866939	0.943328789474964	-0.0710866544880854	0.067934782608696	1
NOS2	7	0.806818181818182	0.0185628592363426	10.4545458789554	0.0328902584110378	-2.13342035912295	0.230519480519481	1
NPAS2	6	0.793478260869565	0.310148674854557	4.08935545245815	0.549681276811816	-0.598237793939187	0.239906832298136	1
NPS	8	0.828571428571429	0.0031577240669681	15.6873296455947	0.603130173274318	0.51990445056411	0.00912698412698398	0.517866746982769
NPSR1	5	0.782608695652174	0.324214608920491	3.76286361761982	0.0301748925016784	-2.16778705118854	0.0979397061051359	1
NR1D1	8	0.787234042553192	0.170350449484745	5.18187827157642	0.84906823077053	-0.190307431250634	0.210935341254491	1
NR1D2	7	0.804347826086957	0.298901098901099	4.4489949561672	0.892999935676669	-0.134509201234475	0.51268115942029	1
NR1H3	5	0.785714285714286	0.319757810323848	3.86111994983791	0.0210262068202498	-2.30751356646098	0.092400332225914	1
NR2F6	3	0.802325581395349	0.562904717853839	2.93126576114587	0.472944163804336	-0.717696950803873	0.506871035940804	1
NR3C1	10	0.813953488372093	0.0081655087381585	12.6123678977952	0.0318141901509867	-2.14673744214107	0.217362579281184	1
NRIP1	3	0.785714285714286	0.579093432007401	2.57837239381146	0.154483446323592	1.42387228384492	0.506644518272426	1
NTRK1	9	0.825	0.00154094826461173	17.1003861426813	0.787748445199868	-0.269235523732094	0.029545454545455	0.252715515396324
OGT	9	0.818181818181818	0.0163114598895174	11.4414915740174	0.310326664341858	-1.01453683055677	0.020309477756286	1
OPN3	10	0.854838709677419	0.000925535809256741	21.3429362163263	0.411868484057951	0.820609939862218	0.011088709677419	0.151787872718106
OPN4	9	0.817073170731707	0.00783011731697588	12.8885952698234	0.0247918904701695	-2.24463007363755	0.0281842818428181	1
OPN5	10	0.813953488372093	0.0081655087381585	12.6123678977952	0.913175090735302	0.109034544977456	0.2178943750716	1
PARP1	13	0.878378378378378	3.36498468286803e-06	40.1941956724767	0.123221874080327	1.54139009159602	0.036914963744231	0.000551857487990357
PAX4	3	0.7625	0.347517730496454	4.27631783689491	0.571206709604051	0.566275210155241	0.2625	1
PER1	8	0.81578947368421	0.0167383220849398	11.1150018447759	0.021214233264321	-2.30414984955615	0.0300751879699239	1
PER2	5	0.791666666666667	0.312255139114185	4.03900743099942	0.121587016849979	-1.54814654952376	0.091124661246613	1
PER3	12	0.882352941176471	7.32957491866991e-06	38.5309761504873	0.459171883292449	-0.740211149592164	0.049019607843138	0.00120205028666187
PHLPP1	9	0.817073170731707	0.00783011731697588	12.8885952698234	0.471739622332847	0.719651455301889	0.217073170731707	1
PML	8	0.808823529411765	0.00978298425831038	13.4133625786711	0.486048056262711	0.696608146443258	0.00882352941176501	1
PPARA	3	0.78125	0.584051908136259	2.50153334550313	0.549658349153278	-0.59827216069993	0.505739795918367	1
PPARG	4	0.684385382059801	0.153090492288074	3.57777306102046	0.246369764164725	1.15921204193424	0.148671096345515	1
PPARGC1A	10	0.825581395348837	0.00323444079790456	15.5537876374166	0.529312945274777	-0.62905515928154	0.027709054923305	0.530448290856348
PPP1CA	13	0.7625	0.119542590631452	4.53473846259241	0.907320477361868	0.116419000751336	0.0556818181818179	1
PPP1CB	9	0.797872340425532	0.081573008321066	7.01297509691556	0.0339187727657297	-2.12103600291804	0.079579657498703	1
PPP1CC	2	0.782608695652174	0.582521008403361	2.52477107105968	0.260704825736269	-1.12472678992139		1
PRKAA1	2	0.274509803921569	1	1.2041556919309	0.360010349028015	0.915345368075432		1
PRKAA2	14	0.833333333333333	0.00131335408922959	18.3616063038916	0.225103883458933	-1.21306784255167	0.0289855072463761	0.215390070633653
PRKCG	4	0.784090909090909	0.580872774641772	2.55026851281254	0.117933786366458	1.56350531568667	0.506313131313131	1
PRKDC	10	0.80952380952381	0.00885320314087405	12.1639849488416	0.569372479241056	-0.568975923455756	0.156937602627258	1
PRMT5	10	0.795454545454545	0.0835742480298175	6.86272471162377	0.37992098059534	0.878041900371005	0.068181818181818	1
PROK2	6	0.804878048780488	0.298124632074679	4.4439563045812	0.0326221473212525	-2.13670310485054	0.514180374361883	1
PROKR2	10	0.828947368421053	0.00143803650519717	17.5830970803516	0.462650902311841	0.734488769495109	0.024069319640565	0.235837986852336
PROX1	11	0.825581395348837	0.0070852267040899	13.8387714043245	0.544761172915424	-0.605628951371552	0.0666528239202661	1
PSPC1	5	0.699404761904762	0.0860686058693001	4.27052169548586	0.130731279570857	-1.51122443215746	0.0150193798449609	1
PTGDS	11	0.863636363636364	0.000781836856709233	20.8654509521412	0.477885646079934	-0.709707329423411	0.010695187165776	0.128221244500314
RAI1	8	0.817073170731707	0.00783011731697588	12.8885952698234	0.536267656439263	-0.618466829919376	0.0281842818428181	1
RBM4	2	0.769230769230769	0.180149661239761	5.5055186190745	0.0444743482830531	-2.00959238117125		1
RBM4B	2	0.7625	0.190788388586508	5.33113726240092	0.0450333188372919	2.00434311043489		1
RELB	9	0.825	0.0152792572399741	11.9986616601475	0.0140333030180634	-2.45640979059712	0.029545454545455	1
RORA	11	0.818181818181818	0.00767447144994551	13.0607574300495	0.210797041856204	-1.2513767880674	0.066728329809725	1
RORB	6	0.785714285714286	0.319757810323848	3.86111994983791	0.199743070056738	1.2822839102668	0.092400332225914	1
RORC	10	0.842105263157895	0.00269633625001415	17.6380187455588	0.950669345757022	0.0618662485359214	0.039779681762546	0.442199145002321
SERPINE1	10	0.838235294117647	0.00122459771332189	18.7772365026108	0.390093941945893	0.859447012368934	0.018790849673202	0.20083402498479
SETX	11	0.813953488372093	0.0169967798749059	11.0488025145547	0.00832853247018692	-2.63845267285336	0.227643964562569	1
SFPQ	8	0.788888888888889	0.168648998060763	5.23913541326349	0.166618512470798	-1.38315118972655	0.20952380952381	1
SIAH2	6	0.78	0.585477415666095	2.48026752849279	0.120396488250716	-1.55311154576949	0.505490196078431	1
SIK1	5	0.797872340425532	0.305267651327585	4.2340916513783	0.422096100952956	0.802790038215649	0.512158054711246	1
SIN3A	10	0.825581395348837	0.00323444079790456	15.5537876374166	0.133994063546359	-1.49853593479525	0.027709054923305	0.530448290856348
SIRT1	8	0.821428571428571	0.0336436850410839	10.0464589311141	0.0771324622325031	-1.76757212057821	0.027950310559006	1
SLC6A4	10	0.8375	0.000543315137687987	20.8079977704272	0.99732831046931	0.00334847251664962	0.0160714285714291	0.0891036825808299
SOX14	5	0.802325581395349	0.300647548566143	4.3664885743185	0.124763293815239	-1.53508360145519	0.51343669250646	1
SPSB4	6	0.816666666666667	0.00886917960088691	12.5493607585001	0.101412203629836	-1.63804549513184	0.010215053763441	1
SREBF1	7	0.817073170731707	0.0164312533524048	11.2913999587669	0.873666896392844	0.159002509878467	0.0281842818428181	1
SUV39H2	4	0.696864111498258	0.143125335240479	3.92405380329727	0.0571134061792742	1.9024419114645	0.018292682926829	1
TH	14	0.883578431372549	6.09495918822219e-05	19.4132823880711	0.44356856680035	0.76618107599196	0.088386123680241	0.00999573306868439
THRAP3	11	0.813953488372093	0.0081655087381585	12.6123678977952	0.0151371307505612	-2.42908146328809	0.0267194458189011	1
TIMELESS	14	0.804115853658537	0.0116759752343793	7.66771916001507	0.930458091748453	0.0872685001001493	0.061060298102981	1
TNFRSF11A	11	0.834782608695652	8.720290363604e-06	17.0146771585448	0.0167948209453113	2.39116898203685	0.022282608695652	0.00143012761963106
TOP1	11	0.829268292682927	0.00139829441196716	17.7309931819309	0.0752298770308665	-1.77906029667352	0.015314804310834	0.229320283562614
TOP2A	10	0.806818181818182	0.0185628592363426	10.4545458789554	0.153440067499715	-1.42748527171852	0.128496503496504	1
TP53	8	0.788888888888889	0.575714285714286	2.64712668591173	0.253609527664469	-1.14162596220162	0.231196581196581	1
TPH1	11	0.833333333333333	0.00131335408922959	18.3616063038916	0.410274376663701	-0.823410882365345	0.015151515151515	0.215390070633653
TYMS	9	0.797872340425532	0.305267651327585	4.2340916513783	0.335071778005844	-0.963948436831005	0.171060746222633	1
UBE3A	9	0.825581395348837	0.0070852267040899	13.8387714043245	0.201928248712442	-1.27607714831969	0.027709054923305	1
USP2	9	0.828947368421053	0.00672588629869629	14.0934515961081	0.0129791479416929	-2.48434093292195	0.031328320802005	1
USP7	5	0.78	0.585477415666095	2.48026752849279	0.943175395165427	0.0712793934333898	0.239677419354839	1
USP9X	12	0.846153846153846	0.000475998104835381	22.3164452536716	0.00617844051897188	-2.73815789109934	0.032200357781753	0.0780636891930025
