gene.idx	gene.cluster.idx	P.cochran
AANAT	cluster_14	0.2279835
ADCY1	cluster_12	0.8871305
ADIPOQ	cluster_9	0.221744
ADORA1	cluster_12	0.6787035
ADORA2A	cluster_7	0.981567
ADRB1	cluster_6	0.56273
AGRP	cluster_6	0.527184
AHR	cluster_2	0.3613875
ARNTL	cluster_8	0.1585795
ARNTL2	cluster_5	0.068067
ATF4	cluster_4	0.428819
ATF5	cluster_13	0.003014
ATG7	cluster_8	0.069554
ATOH7	cluster_11	0.7083625
BHLHE40	cluster_14	0.2574545
BHLHE41	cluster_11	0.8000745
BTBD9	cluster_8	0.061404
BTRC	cluster_11	0.3415475
CARTPT	cluster_9	0.5155965
CAVIN3	cluster_14	0.0191675
CCAR2	cluster_10	0.783087
CDK1	cluster_8	0.398009
CHRNB2	cluster_13	0.714233
CIART	cluster_10	0.222542
CIPC	cluster_14	0.6836305
CLDN4	cluster_2	0.0663385
CLOCK	cluster_9	0.144442
CPT1A	cluster_6	0.118604
CREB1	cluster_11	0.0841985
CREM	cluster_6	0.1173275
CRH	cluster_10	0.3440565
CRTC1	cluster_4	0.130551
CRY1	cluster_14	0.613132
CRY2	cluster_11	0.0020365
CSNK1D	cluster_3	0.1629205
CSNK1E	cluster_14	0.055137
DBP	cluster_7	0.010964
DRD2	cluster_11	0.200987
DRD3	cluster_7	0.365837
DRD4	cluster_9	0.0420395
DYRK1A	cluster_10	0.5294305
EGR1	cluster_6	0.673238
EGR3	cluster_7	0.451237
EP300	cluster_7	0.3871235
EZH2	cluster_14	0.232365
F7	cluster_13	0.9715775
FBXL3	cluster_11	0.7769975
FBXW11	cluster_3	0.162836
FBXW7	cluster_10	0.0639175
GFPT1	cluster_11	0.093071
GHRH	cluster_7	0.3888115
GHRL	cluster_4	0.119116
GNA11	cluster_11	0.317405
GNAQ	cluster_6	0.087995
GSK3B	cluster_8	0.0055775
HCRTR2	cluster_4	0.121577
HDAC1	cluster_2	0.3023665
HDAC2	cluster_9	0.266807
HDAC3	cluster_9	0.2888845
HEBP1	cluster_11	0.7824235
HNRNPD	cluster_4	0.340119
HNRNPU	cluster_11	0.000504
HTR7	cluster_8	0.713589
ID2	cluster_8	0.3539845
ID3	cluster_6	0.5592135
ID4	cluster_7	0.5022185
KCNA2	cluster_8	0.729675
KCNH7	cluster_8	0.0343455
KDM5A	cluster_8	0.904855
KLF10	cluster_2	0.1128975
KLF9	cluster_8	0.248967
LEP	cluster_2	0.360482
LGR4	cluster_13	0.7952035
MAGEL2	cluster_8	0.9629705
MAPK10	cluster_8	0.5373995
MAPK8	cluster_13	0.1270415
MAPK9	cluster_14	0.0074575
MC3R	cluster_2	0.280412
METTL3	cluster_12	0.6825515
MTA1	cluster_6	0.260337
MTNR1A	cluster_14	0.5581865
MTNR1B	cluster_6	0.0646945
MTTP	cluster_7	0.051729
MYBBP1A	cluster_7	0.0457075
NFIL3	cluster_8	0.1403465
NGFR	cluster_5	0.5155935
NKX2-1	cluster_10	0.7463305
NLGN1	cluster_4	0.120024
NOCT	cluster_11	0.9442855
NOS2	cluster_7	0.033732
NPAS2	cluster_6	0.5571705
NPS	cluster_8	0.6109115
NPSR1	cluster_5	0.031085
NR1D1	cluster_8	0.8521955
NR1D2	cluster_7	0.895207
NR1H3	cluster_5	0.021398
NR2F6	cluster_3	0.4848745
NR3C1	cluster_10	0.0326255
NRIP1	cluster_3	0.162863
NTRK1	cluster_9	0.7915425
OGT	cluster_9	0.3184415
OPN3	cluster_10	0.4225295
OPN4	cluster_9	0.0252855
OPN5	cluster_10	0.915092
PARP1	cluster_13	0.1274685
PAX4	cluster_3	0.577286
PER1	cluster_8	0.0215905
PER2	cluster_5	0.125908
PER3	cluster_12	0.467415
PHLPP1	cluster_9	0.4805555
PML	cluster_8	0.495225
PPARA	cluster_3	0.559031
PPARG	cluster_4	0.2544495
PPARGC1A	cluster_10	0.5368265
PPP1CA	cluster_13	0.909062
PPP1CB	cluster_9	0.0348405
PPP1CC	cluster_2	0.2696645
PRKAA1	cluster_2	0.377516
PRKAA2	cluster_14	0.232214
PRKCG	cluster_4	0.1233065
SERPINE1	cluster_10	0.399592
SFPQ	cluster_8	0.172782
SIAH2	cluster_6	0.1245705
SIK1	cluster_5	0.4300725
SIN3A	cluster_10	0.1389035
SIRT1	cluster_8	0.080422
SLC6A4	cluster_10	0.997685
SOX14	cluster_5	0.130537
SPSB4	cluster_6	0.1069805
SREBF1	cluster_7	0.8759565
SUV39H2	cluster_4	0.059233
TH	cluster_14	0.453205
THRAP3	cluster_11	0.015274
TIMELESS	cluster_14	0.9322015
TNFRSF11A	cluster_11	0.017031
TOP1	cluster_11	0.0783015
TOP2A	cluster_10	0.1589925
TP53	cluster_8	0.2613545
TPH1	cluster_11	0.418663
TYMS	cluster_9	0.3429775
UBE3A	cluster_9	0.2084825
USP2	cluster_9	0.012903
USP7	cluster_5	0.9443895
