Gene	Cluster	purity_score	P.cochran	Estimate.cochran
AANAT	14	0.87552521	0.220046609	1.226404193
ADCY1	12	0.796474359	0.885094062	-0.144514684
ADIPOQ	9	0.802325581	0.215334748	-1.239029028
ADORA1	12	0.841463415	0.673100904	-0.421896036
ADORA2A	7	0.788888889	0.980820333	-0.024040464
ADRB1	6	0.828125	0.5515016	-0.595511522
AGRP	6	0.782608696	0.518631795	-0.645455889
AHR	2	0.28	0.37057088	-0.895404529
ARNTL	8	0.791666667	0.15313764	-1.428536
ARNTL2	5	0.8125	0.065304223	1.8431698
ATF4	4	0.787234043	0.421044199	0.804610989
ATF5	13	0.888888889	0.003416016	-2.927588666
ATG7	8	0.791666667	0.067367892	-1.829211757
ATOH7	11	0.838235294	0.701630893	0.383119863
BHLHE40	14	0.827564103	0.249552837	-1.151436178
BHLHE41	11	0.842105263	0.795857349	0.258712144
BTBD9	8	0.811111111	0.059483004	-1.884606354
BTRC	11	0.8375	0.33301941	-0.968049978
CARTPT	9	0.817073171	0.507736562	-0.662366196
CAVIN3	14	0.857487923	0.018733581	2.35079044
CCAR2	10	0.824324324	0.77880437	0.280877485
CDK1	8	0.811111111	0.389939573	-0.859726954
CHRNB2	13	0.864864865	0.709183499	0.372952901
CIART	10	0.839285714	0.213587763	1.243760389
CIPC	14	0.871428571	0.678131263	-0.415014535
CLDN4	2	0.7875	0.054127913	1.925811517
CLOCK	9	0.811111111	0.1393652	-1.478159092
CPT1A	6	0.79787234	0.114396796	-1.578735249
CREB1	11	0.825581395	0.081164501	-1.743968968
CREM	6	0.699404762	0.11308191	-1.584491521
CRH	10	0.842857143	0.334728472	0.964633383
CRTC1	4	0.79787234	0.126314527	-1.528798005
CRY1	14	0.829268293	0.605825158	-0.516041882
CRY2	11	0.8375	0.002252228	-3.054783796
CSNK1D	3	0.785714286	0.154299701	-1.424507206
CSNK1E	14	0.85	0.053264183	-1.932772873
DBP	7	0.824324324	0.011036109	-2.541553397
DRD2	11	0.78422619	0.19434392	1.29783535
DRD3	7	0.80952381	0.357073642	-0.920955535
DRD4	9	0.848484848	0.040469715	2.048922282
DYRK1A	10	0.825581395	0.521413794	0.641167605
EGR1	6	0.804878049	0.667102665	0.430127819
EGR3	7	0.777777778	0.442880648	-0.767337887
EP300	7	0.791666667	0.379191324	-0.879387284
EZH2	14	0.829268293	0.225131167	-1.212996479
F7	13	0.89658444	0.97088019	-0.036504376
FBXL3	11	0.817073171	0.772427468	-0.289201129
FBXW11	3	0.775510204	0.15596874	1.418760885
FBXW7	10	0.825581395	0.061784698	-1.867837691
GFPT1	11	0.813953488	0.08948496	-1.698120823
GHRH	7	0.804878049	0.380688887	0.876627702
GHRL	4	0.773809524	0.11375249	1.581549326
GNA11	11	0.858974359	0.308746726	-1.017855302
GNAQ	6	0.794871795	0.084109616	-1.727323303
GSK3B	8	0.811111111	0.005710287	-2.76396951
HCRTR2	4	0.78125	0.116760916	-1.568515328
HDAC1	2	0.755555556	0.311992471	-1.011050059
HDAC2	9	0.80952381	0.259221004	-1.128234247
HDAC3	9	0.833333333	0.279731017	-1.080923786
HEBP1	11	0.838235294	0.777985645	-0.28194505
HNRNPD	4	0.775510204	0.33252954	-0.969031366
HNRNPU	11	0.825	0.000673367	-3.400199441
HTR7	8	0.793478261	0.708513691	0.373852992
ID2	8	0.79787234	0.346491706	-0.941416023
ID3	6	0.787234043	0.552138293	-0.594559001
ID4	7	0.794871795	0.492655562	0.686091261
KCNA2	8	0.807459677	0.72379383	-0.353393004
KCNH7	8	0.811111111	0.033195363	-2.129712422
KDM5A	8	0.791666667	0.902807159	-0.122115989
KLF10	2	0.672764228	0.113140788	1.584232638
KLF9	8	0.804347826	0.241566587	-1.171080088
KMT2A	11	0.829268293	0.273416377	-1.095228879
LEP	2	0.761904762	0.300367386	1.035645865
LGR4	13	0.810365854	0.791388572	-0.264507908
MAGEL2	8	0.851851852	0.961728703	-0.047984365
MAPK10	8	0.79787234	0.52918167	0.629255698
MAPK8	13	0.833333333	0.122554797	-1.544138446
MAPK9	14	0.908333333	0.007620502	2.668437217
MC3R	2	0.756097561	0.31147989	-1.012121655
METTL3	12	0.815789474	0.676362759	0.417431581
MTA1	6	0.8	0.252279157	-1.144831034
MTNR1A	14	0.88045977	0.548948904	0.599335913
MTNR1B	6	0.848484848	0.06160423	1.869133595
MTTP	7	0.791666667	0.050082042	-1.959262595
MYBBP1A	7	0.821428571	0.044171656	-2.012458224
MYCBP2	8	0.813953488	0.147558265	-1.448210228
NAMPT	9	0.821428571	0.220894603	1.224152767
NCOA2	8	0.811111111	0.005710287	-2.76396951
NCOR1	7	0.787234043	0.531762304	0.625318099
NFIL3	8	0.824324324	0.134738523	-1.495674406
NGFR	5	0.782608696	0.507970025	-0.662001868
NKX2-1	10	0.846153846	0.740689892	-0.330939887
NLGN1	4	0.78	0.116237916	-1.570762112
NOCT	11	0.804347826	0.943328789	-0.071086654
NOS2	7	0.806818182	0.032890258	-2.133420359
NPAS2	6	0.793478261	0.549681277	-0.598237794
NPS	8	0.828571429	0.603130173	0.519904451
NPSR1	5	0.782608696	0.030174893	-2.167787051
NR1D1	8	0.787234043	0.849068231	-0.190307431
NR1D2	7	0.804347826	0.892999936	-0.134509201
NR1H3	5	0.785714286	0.021026207	-2.307513566
NR2F6	3	0.802325581	0.472944164	-0.717696951
NR3C1	10	0.813953488	0.03181419	-2.146737442
NRIP1	3	0.785714286	0.154483446	1.423872284
NTRK1	9	0.825	0.787748445	-0.269235524
OGT	9	0.818181818	0.310326664	-1.014536831
OPN3	10	0.85483871	0.411868484	0.82060994
OPN4	9	0.817073171	0.02479189	-2.244630074
OPN5	10	0.813953488	0.913175091	0.109034545
PARP1	13	0.878378378	0.123221874	1.541390092
PAX4	3	0.7625	0.57120671	0.56627521
PER1	8	0.815789474	0.021214233	-2.30414985
PER2	5	0.791666667	0.121587017	-1.54814655
PER3	12	0.882352941	0.459171883	-0.74021115
PHLPP1	9	0.817073171	0.471739622	0.719651455
PML	8	0.808823529	0.486048056	0.696608146
PPARA	3	0.78125	0.549658349	-0.598272161
PPARG	4	0.684385382	0.246369764	1.159212042
PPARGC1A	10	0.825581395	0.529312945	-0.629055159
PPP1CA	13	0.7625	0.907320477	0.116419001
PPP1CB	9	0.79787234	0.033918773	-2.121036003
PPP1CC	2	0.782608696	0.260704826	-1.12472679
PRKAA1	2	0.274509804	0.360010349	0.915345368
PRKAA2	14	0.833333333	0.225103883	-1.213067843
PRKCG	4	0.784090909	0.117933786	1.563505316
PRKDC	10	0.80952381	0.569372479	-0.568975923
PRMT5	10	0.795454545	0.379920981	0.8780419
PROK2	6	0.804878049	0.032622147	-2.136703105
PROKR2	10	0.828947368	0.462650902	0.734488769
PROX1	11	0.825581395	0.544761173	-0.605628951
PSPC1	5	0.699404762	0.13073128	-1.511224432
PTGDS	11	0.863636364	0.477885646	-0.709707329
RAI1	8	0.817073171	0.536267656	-0.61846683
RBM4	2	0.769230769	0.044474348	-2.009592381
RBM4B	2	0.7625	0.045033319	2.00434311
RELB	9	0.825	0.014033303	-2.456409791
RORA	11	0.818181818	0.210797042	-1.251376788
RORB	6	0.785714286	0.19974307	1.28228391
RORC	10	0.842105263	0.950669346	0.061866249
SERPINE1	10	0.838235294	0.390093942	0.859447012
SETX	11	0.813953488	0.008328532	-2.638452673
SFPQ	8	0.788888889	0.166618512	-1.38315119
SIAH2	6	0.78	0.120396488	-1.553111546
SIK1	5	0.79787234	0.422096101	0.802790038
SIN3A	10	0.825581395	0.133994064	-1.498535935
SIRT1	8	0.821428571	0.077132462	-1.767572121
SLC6A4	10	0.8375	0.99732831	0.003348473
SOX14	5	0.802325581	0.124763294	-1.535083601
SPSB4	6	0.816666667	0.101412204	-1.638045495
SREBF1	7	0.817073171	0.873666896	0.15900251
SUV39H2	4	0.696864111	0.057113406	1.902441911
TH	14	0.883578431	0.443568567	0.766181076
THRAP3	11	0.813953488	0.015137131	-2.429081463
TIMELESS	14	0.804115854	0.930458092	0.0872685
TNFRSF11A	11	0.834782609	0.016794821	2.391168982
TOP1	11	0.829268293	0.075229877	-1.779060297
TOP2A	10	0.806818182	0.153440067	-1.427485272
TP53	8	0.788888889	0.253609528	-1.141625962
TPH1	11	0.833333333	0.410274377	-0.823410882
TYMS	9	0.79787234	0.335071778	-0.963948437
UBE3A	9	0.825581395	0.201928249	-1.276077148
USP2	9	0.828947368	0.012979148	-2.484340933
USP7	5	0.78	0.943175395	0.071279393
USP9X	12	0.846153846	0.006178441	-2.738157891
