Gene	Cluster	F_value	P.anova	Shapiro	N_species	adj.P
AANAT	10	8.78509793067807	8.99090244367164e-08	0.648367005721736	60	1.28569904944504e-05
TH	12	6.65853137121773	2.23999311838011e-06	0.211512208015674	59	0.000160159507964178
MTA1	10	6.99235119133363	3.47155922070582e-06	0.44122417552014	60	0.000165477656186977
ADIPOQ	5	9.27769074412295	6.64033738928731e-06	0.0164555610405402	65	0.000237392061667021
CPT1A	9	6.34145266082901	1.59350835660591e-05	0.250853036183876	65	0.000443898714618912
ADRB1	10	6.51793032219002	1.86251208931012e-05	0.808952778741582	46	0.000443898714618912
GNA11	9	6.00298045145781	3.96329298663196e-05	0.243219778841898	59	0.000739831146233322
HCRTR2	9	5.77588339466946	4.38380101615888e-05	0.0434108488181499	65	0.000739831146233322
NOCT	11	5.12364880213909	4.6562799413286e-05	0.28043796059772	66	0.000739831146233322
DRD4	5	7.75647007489457	7.27978334639397e-05	0.443661097629991	51	0.000902356507087893
KDM5A	11	4.88320325220267	7.43400200886378e-05	0.302014444147035	67	0.000902356507087893
USP2	9	5.28845557372009	7.5722224371012e-05	0.124886665009185	60	0.000902356507087893
BHLHE41	4	8.48813560873133	9.9915160153669e-05	0.0599419135122666	59	0.00109906676169036
PML	2	16.2790936372416	0.000176523116424256	0.398424980759516	55	0.00180305754633347
PRKCG	5	7.71427466524863	0.000216954634919575	0.0699661427937845	59	0.00196517675604122
PRKAA2	5	7.53166387372519	0.000219879916759857	0.170499356849843	67	0.00196517675604122
CSNK1D	11	4.3826198332524	0.000241491704844338	0.426024025711953	65	0.00203137139957296
TPH1	8	5.13462136832057	0.000265438987930272	0.138376332621474	66	0.00209715166609079
HNRNPU	10	4.33542178600704	0.000278642529061013	0.00972551718923579	64	0.00209715166609079
LEP	3	9.32604782150933	0.000353360258614081	0.155999627151073	54	0.00252652584909068
ATF4	12	3.89137342632652	0.000415809766165831	0.0243402076600173	63	0.00276771003095322
KLF9	5	6.97067035680114	0.000430194318988083	0.251725808788577	63	0.00276771003095322
MAPK10	10	4.26662188453758	0.000445156158824643	0.0296235591861937	67	0.00276771003095322
CIART	4	6.92989499134093	0.00055770180182873	0.232528885063352	53	0.00332297323589618
BHLHE40	8	4.64870846945924	0.000671282991842951	0.214111965284854	63	0.00361130688245347
ID3	12	3.80477920117841	0.000680338948041139	0.868563364968193	63	0.00361130688245347
TYMS	6	5.58794880068272	0.000697583712641783	0.239547308999596	64	0.00361130688245347
GSK3B	11	3.86449628819498	0.000720211316481301	0.151752057093211	67	0.00361130688245347
NR2F6	6	5.66506331095792	0.00073236293420385	0.210586298050385	57	0.00361130688245347
PPP1CC	3	7.89506504036168	0.000927815900625393	0.412439427175947	61	0.0043564189459045
NR1D2	7	4.81754040917637	0.000944398512748527	0.156451751975787	64	0.0043564189459045
CDK1	6	5.25037082522999	0.00104500700583131	0.243299990691299	67	0.00466987505730866
ARNTL2	12	3.62363165751132	0.00120144917459515	0.0023613474048229	59	0.005206279756579
SOX14	9	4.0075635024776	0.00145545179800915	0.893557501534287	59	0.00612145903280319
NFIL3	8	4.24799425444127	0.00152635321492887	0.17625082374087	58	0.00623624313528081
ID4	12	3.62611174488925	0.00160212250620248	0.00161317570100536	52	0.00636398662185986
PER1	6	5.03679107047095	0.00165727147531748	0.406110861724615	57	0.0064051302964973
OPN3	4	5.72805789596788	0.00185967081565782	0.245563418714053	55	0.00699823491155444
MYBBP1A	7	4.01635602137752	0.00201318445303346	0.188698325597211	64	0.00723047469331179
NR1D1	5	4.79086727448813	0.00202251040372358	0.272060080109898	65	0.00723047469331179
ATF5	9	3.79028896949361	0.00216366611680911	0.0353421660870991	49	0.00744223744296775
OPN4	5	5.48475567226867	0.00218583197625626	0.391375625991813	62	0.00744223744296775
FBXW7	5	5.37905999380418	0.00232155421898206	0.346928960366578	67	0.00762490145191244
MAGEL2	5	4.96278593016058	0.00234612352366537	0.454922840723418	46	0.00762490145191244
DRD2	6	4.13550655176259	0.0026722912440619	0.256468196042067	67	0.00849194773113003
ADORA1	5	5.26206844799308	0.00276690072537351	0.268558692908208	63	0.00860145225496547
DRD3	4	5.12703835884252	0.00311990372214202	0.312977919564822	66	0.00926801517352068
CRH	2	9.53918323117521	0.003224713072462	0.590536951451692	54	0.00926801517352068
CSNK1E	5	5.10480934819313	0.00323187258867178	0.782725722593362	65	0.00926801517352068
METTL3	6	4.4723908682868	0.00326564853853701	0.178051724157121	62	0.00926801517352068
NGFR	6	4.03988336229376	0.00330537604090598	0.128388521694579	63	0.00926801517352068
SUV39H2	3	9.17545787624483	0.00363603119190522	0.210501953010943	61	0.00999908577773936
CCAR2	4	5.02004669825726	0.0037515577586287	0.367826668183705	60	0.0101221275374322
CRY2	4	4.94323240769048	0.00384513338367955	0.534427276220085	66	0.0101824828493736
UBE3A	6	4.28104806378817	0.00405755914276345	0.317020068428771	66	0.0103512867551497
KLF10	7	3.62439977460821	0.00409161574938553	0.104953400633497	64	0.0103512867551497
NPAS2	2	8.89637592401898	0.0041260373779268	0.295890176564905	62	0.0103512867551497
ARNTL	5	4.86413545944875	0.00424719205349277	0.305569689523841	65	0.0104203039476846
LGR4	8	3.53286725750193	0.00463444773755321	0.287899448485376	67	0.0104203039476846
CRY1	4	4.75583111843996	0.00472303633337529	0.318964208926109	67	0.0104203039476846
SLC6A4	4	4.74795042554684	0.00476601401472764	0.508345630633411	67	0.0104203039476846
PARP1	5	4.74795042554684	0.00476601401472764	0.508345630633425	67	0.0104203039476846
ATG7	5	4.74795042554684	0.00476601401472765	0.508345630633398	67	0.0104203039476846
TOP1	4	4.74795042554684	0.00476601401472765	0.508345630633398	67	0.0104203039476846
PER2	2	8.56043888133093	0.00479526628107851	0.717953918574049	64	0.0104203039476846
OPN5	2	8.52502894120403	0.00480937105277752	0.620103047653944	67	0.0104203039476846
NTRK1	4	4.73519657340995	0.00492038496607771	0.446483933609352	65	0.0105017171664047
KCNH7	11	3.00383199939828	0.0053185395841348	0.00570101787266449	67	0.010764079848544
MTTP	5	4.65851230043936	0.00532640609000581	0.565697251339822	66	0.010764079848544
CIPC	7	3.47859429420987	0.00533808722080166	0.152875914629405	64	0.010764079848544
HNRNPD	2	8.28951754194233	0.00539274647084556	0.512413632570895	67	0.010764079848544
ID2	2	8.28825039317292	0.00541967656709909	0.523306914918261	66	0.010764079848544
NR1H3	4	5.61927625540137	0.00564501828052053	0.506305410266844	67	0.0110580495084169
SFPQ	5	4.60192653797582	0.00578068598901133	0.655562483519192	64	0.0111707850868732
CREB1	12	2.86110176891898	0.00598925504914467	0.0152264271892284	67	0.0114195129603692
GFPT1	5	3.98691312016154	0.00608257835409379	0.26026146849201	67	0.0114252911835607
GHRL	2	8.11908386027765	0.00615207986807117	0.63255937044269	57	0.0114252911835607
PPARA	4	4.52787471821508	0.00629221907285253	0.209156159402395	64	0.0115357349668963
BTRC	5	4.49485433086722	0.00659003869426361	0.411892750582599	63	0.0119288042187303
NKX2-1	5	4.51318964813322	0.0066927113751886	0.296531891534344	59	0.0119632215831496
TIMELESS	10	3.03814508255574	0.00680467258517184	0.0346320439333257	63	0.0120131874034515
NPS	2	7.86276621016655	0.0070372583126112	0.63127899503023	55	0.0122722919354073
ADCY1	3	5.31700572240897	0.00734946618953745	0.269613212768685	66	0.0124023344754174
PER3	5	4.42870344288002	0.00736280222545203	0.0638331156317704	59	0.0124023344754174
MTNR1A	3	5.36688484287742	0.00737201699587747	0.616464006301428	59	0.0124023344754174
TNFRSF11A	2	7.52357299329403	0.00795105371019576	0.515805014500122	64	0.0132209381460232
MTNR1B	2	7.61378131634626	0.00812279147515465	0.799529659594585	51	0.013240246910298
SPSB4	12	2.87859398530594	0.00814784425249111	0.010855176313778	48	0.013240246910298
GHRH	2	7.4241591590291	0.0083850214929057	0.543633691520819	63	0.0134725626234328
OGT	7	3.42098685504024	0.00873176373794182	0.127673444810695	66	0.0138736494041472
PHLPP1	5	3.75617970672545	0.00882868598445729	0.404684126616314	62	0.0138736494041472
EP300	4	5.00636774494479	0.00959777971784484	0.61453422009105	66	0.0147746766198923
HEBP1	2	7.17366490611725	0.00960870577377612	0.5262832177307	60	0.0147746766198923
NOS2	4	4.13629572781138	0.00974580466661826	0.58550345290481	66	0.0148260645460256
NRIP1	12	2.67828985169375	0.0100514446407069	0.221836729193118	56	0.0151300693012746
MC3R	2	7.08451616047021	0.0102202411116734	0.605733284939591	56	0.0152239008225968
SREBF1	2	6.94343390057651	0.0106897153221569	0.302067137689589	62	0.0156543026878617
EGR3	8	2.95498290137395	0.0107281235203528	0.122452172747047	62	0.0156543026878617
CHRNB2	4	4.05721010816513	0.0109039440423385	0.353420288818395	63	0.015750141394489
NPSR1	3	4.85601445470079	0.0110995617267931	0.710742317417914	63	0.0157920070695916
MAPK8	6	3.55497775085521	0.0112583340416935	0.497684184981534	67	0.0157920070695916
CAVIN3	4	4.0930506871973	0.0112642288188696	0.272186730890101	54	0.0157920070695916
SIAH2	4	4.70668445633631	0.012501934335027	0.600056225231101	65	0.0173570544651346
HDAC3	4	3.97375921572407	0.012659048411361	0.641394959766974	56	0.0174061915656214
CRTC1	4	4.69169942219701	0.0129234162039873	0.442154744375709	61	0.0174151195343266
PPARG	9	2.83781323654355	0.0129452393888981	0.839543308308625	66	0.0174151195343266
THRAP3	10	2.62181384614529	0.0130836759630915	0.0279117676451108	67	0.0174151195343266
SIN3A	4	4.61691536353372	0.0133962457956358	0.579021543994796	67	0.0174151195343266
NLGN1	4	4.61691536353372	0.0133962457956358	0.579021543994796	67	0.0174151195343266
USP7	4	4.61691536353371	0.0133962457956359	0.579021543994783	67	0.0174151195343266
SIK1	3	4.62467572297242	0.0135539600194053	0.688673976267278	63	0.0174614079529276
HTR7	3	4.592969489756	0.0138013515054239	0.44802278067751	65	0.0176213684399609
MAPK9	4	4.55712003545534	0.0143044087793101	0.482789133056674	64	0.0181020394286844
DBP	5	3.41116826184904	0.0154163713595142	0.312847965757344	54	0.0193380798632503
F7	3	4.46160346908701	0.0156161227302691	0.608645903962205	63	0.0193443918513047
EGR1	2	6.18384147138796	0.0156919542290304	0.477035992693524	62	0.0193443918513047
AHR	2	6.10973090172136	0.0162032708960876	0.268270941825965	64	0.0196568463727203
FBXW11	3	4.4032738609874	0.0162203347690979	0.633928785507506	66	0.0196568463727203
PAX4	5	3.32995198591531	0.0169144663956597	0.212801618715644	56	0.0203257873494062
KCNA2	9	2.58544783664989	0.0185860596557926	0.103493548128317	61	0.0221483877564862
TOP2A	7	2.78022790488012	0.0187990127201653	0.12646614983384	67	0.0222170150329226
BTBD9	4	4.14984284438772	0.0202019862293308	0.613109857122101	67	0.0236793773015927
ATOH7	3	4.13894426019254	0.0218334549400204	0.473979334800936	52	0.0253836102148204
GNAQ	11	2.48330923601757	0.0225279065848199	0.0029333099928205	52	0.0259797632389456
PPP1CB	12	2.31675489038406	0.0232099117552726	0.674916139479136	67	0.0265521390480318
CLOCK	8	2.66222712392517	0.0234272289178108	0.184740628140579	67	0.0265880455178328
TP53	3	3.71619419296422	0.0304062476522238	0.233570843553175	60	0.0342369560178582
FBXL3	9	2.42580504007819	0.0309351713773522	0.0545043371483298	62	0.0345603867731357
DYRK1A	8	2.51340367697644	0.0313218435675836	0.358296887875388	65	0.0347211134121276
PPARGC1A	5	3.08947822154503	0.0333405794517966	0.557854939893002	67	0.0366746373969762
ADORA2A	11	2.20994855211841	0.0364029794552603	0.00495472371963317	61	0.0397376035274979
SERPINE1	3	3.44053693208416	0.0390960889734115	0.393131844412322	58	0.0423540963878625
AGRP	4	2.81472055824822	0.0468949029236577	0.230388686309718	63	0.0504208354743087
EZH2	3	3.88480402474572	0.0531930450744704	0.212243190177323	64	0.0567657122809646
CARTPT	2	3.76956335670961	0.056816068555114	0.596755765402563	63	0.0601829466917133
HDAC1	4	2.63755072118449	0.0578931119683622	0.446345271610899	63	0.0608729044961456
SIRT1	5	2.49304392623025	0.0693389120605752	0.298740511793122	60	0.072375652734761
HDAC2	3	2.45321376173263	0.0943277106880527	0.205165577301143	65	0.0977453813651561
PPP1CA	2	2.72933377225336	0.103659312699016	0.149484572392483	63	0.106642314503304
CREM	5	2.0661793069466	0.114013405629559	0.363021428981271	65	0.116456550035906
NR3C1	7	1.84436365252348	0.117817910893978	0.0869633921554289	66	0.119489086935027
PRKAA1	12	1.2639647720375	0.272948145437386	0.0113582303243019	67	0.274870315475677
CLDN4	11	1.23048594467448	0.297664102155304	0.0167060236523809	57	0.297664102155304
