Phenotype	Gene	N_tips	Alignment_length	N_sites	N_constant_sites	N_parsimony_informative	N_distinct_patterns	Best_model	logL	AIC	BIC	seconds
Sleep_duration	AANAT	60	1338	1338	499	554	832	TIM2+F+G4	-15279.9541	30807.9083	31452.5758	205.4
Sleep_duration	ADCY1	66	4132	4132	1629	1797	2852	TIM3+F+R4	-51216.4444	102714.8889	103606.9278	691.7
Sleep_duration	ADIPOQ	65	1895	1895	973	590	906	TIM2+F+I+R3	-18275.395	36826.79	37592.2725	207.3
Sleep_duration	ADORA1	64	2956	2956	2099	541	847	TPM3u+F+I+R3	-18620.7341	37511.4683	38320.3333	128.7
Sleep_duration	ADORA2A	62	2691	2691	1481	788	1150	TPM3u+F+I+R4	-25041.0775	50348.1551	51132.545	270.3
Sleep_duration	ADRB1	46	2256	2256	956	808	1336	TIM2+F+I+G4	-19230.7675	38655.5349	39210.5058	240.4
Sleep_duration	AGRP	63	1234	1234	605	371	628	TPM2u+F+I+G4	-10439.3048	21138.6095	21803.9516	127.7
Sleep_duration	AHR	65	3977	3977	1551	1769	2538	TVM+R4	-54604.0389	109488.0778	110368.4374	484.6
Sleep_duration	ARNTL	66	2811	2811	1311	824	1403	GTR+R3	-27411.1105	55104.2211	55941.9437	270.3
Sleep_duration	ARNTL2	60	3347	3347	1399	1407	1927	TPM3u+R4	-36683.5173	73623.0346	74405.8595	362.3
Sleep_duration	ATF4	63	1905	1905	849	737	1103	TN+I+G4	-20512.0526	41284.1051	42005.896	252.6
Sleep_duration	ATF5	49	2404	2404	1329	572	967	TPM3u+I+R3	-15502.7671	31215.5342	31822.9476	112.7
Sleep_duration	ATG7	68	3877	3877	1799	1403	2115	GTR+I+G4	-43380.2747	87046.5494	87942.1323	640.9
Sleep_duration	ATOH7	53	983	983	558	308	427	TPM2u+F+G4	-8689.9364	17597.8728	18130.9492	65.2
Sleep_duration	BHLHE40	64	2498	2498	1025	794	1302	TIM2+F+R4	-23577.9049	47429.8099	48227.5946	328.8
Sleep_duration	BHLHE41	60	3981	3981	2434	935	1600	TN+F+R4	-24633.0479	49522.0958	50327.1247	493.3
Sleep_duration	BTBD9	68	3332	3332	1851	1004	1456	TVM+I+R3	-29187.7011	58665.4021	59551.5447	307.0
Sleep_duration	BTRC	64	3113	3113	2032	633	1098	GTR+R3	-20688.5625	41651.1249	42479.0628	236.5
Sleep_duration	CARTPT	63	1709	1709	986	249	416	TIM3+F+G4	-8980.4072	18220.8144	18928.4907	92.7
Sleep_duration	CAVIN3	54	2443	2443	1315	643	1050	GTR+F+I+R3	-17176.005	34588.01	35272.5259	229.3
Sleep_duration	CCAR2	60	4617	4617	2271	1641	2393	GTR+F+R4	-44441.2303	89144.4605	89987.7731	472.5
Sleep_duration	CDK1	68	1520	1520	710	452	808	TPM2u+I+R3	-14380.5186	29047.0372	29808.7218	168.3
Sleep_duration	CHRNB2	63	4104	4104	2741	797	1368	TPM2u+F+I+G4	-27956.8731	56173.7462	56995.3094	209.3
Sleep_duration	CIART	53	3035	3035	1524	881	1355	TN+F+I+G4	-22744.7687	45709.5375	46371.5138	267.4
Sleep_duration	CIPC	64	1889	1889	605	972	1362	TVM+F+I+R4	-26303.1313	52884.2626	53654.8512	528.4
Sleep_duration	CLDN4	57	2768	2768	1959	434	669	TPM3u+F+R4	-14954.9633	30153.9265	30876.8839	152.3
Sleep_duration	CLOCK	68	3505	3505	1465	1339	2114	GTR+R4	-38208.2197	76710.4393	77616.2453	490.8
Sleep_duration	CPT1A	66	3536	3536	1553	1355	2112	TIM3+F+R4	-48587.172	97456.3441	98326.42	396.1
Sleep_duration	CREB1	68	1353	1353	672	371	650	TPM2u+R3	-11189.626	22663.252	23403.0833	81.4
Sleep_duration	CREM	66	1695	1695	795	580	997	TIM2+R4	-15451.9097	31185.8194	31952.2161	408.8
Sleep_duration	CRH	54	1034	1034	336	423	593	HKY+F+I+G4	-10614.8217	21451.6435	22000.1156	62.0
Sleep_duration	CRTC1	62	3755	3755	1860	1066	1863	TPM3u+F+I+R3	-34268.7469	68799.4938	69615.7343	490.6
Sleep_duration	CRY1	67	3094	3094	1855	910	1362	TPM2u+I+R3	-27145.2401	54572.4802	55423.7282	209.0
Sleep_duration	CRY2	66	4140	4140	2771	950	1427	TIM2+F+R4	-30461.7854	61205.5707	62097.8823	432.0
Sleep_duration	CSNK1D	66	2068	2068	928	626	1144	TIM2+F+R4	-22412.9171	45107.8342	45902.2757	449.1
Sleep_duration	CSNK1E	66	2582	2582	1567	651	1042	TN+F+R4	-19987.8163	40255.6326	41075.5173	300.7
Sleep_duration	DBP	55	3013	3013	1684	684	1265	HKY+R3	-19156.5437	38543.0875	39234.317	200.5
Sleep_duration	DRD2	67	2469	2469	1449	670	1031	TIM3+F+R4	-20656.9853	41599.9705	42431.0248	329.4
Sleep_duration	DRD3	66	1706	1706	599	892	1153	TPM2u+F+I+G4	-23147.2283	46566.4565	47306.5558	217.8
Sleep_duration	DRD4	51	2336	2336	1260	836	1174	TIM2+F+I+G4	-21926.0303	44066.0606	44681.9735	148.4
Sleep_duration	DYRK1A	66	3554	3554	2107	825	1335	TIM3+I+R3	-25361.8871	51003.7743	51868.3903	219.2
Sleep_duration	EGR1	62	2607	2607	1138	910	1265	TIM3+F+I+R4	-24270.8847	48809.7694	49595.8075	251.3
Sleep_duration	EGR3	62	1947	1947	1167	566	816	TPM3u+F+I+R3	-13739.5733	27741.1467	28471.3466	143.4
Sleep_duration	EP300	67	11915	11915	5705	3767	5855	TVM+F+I+R4	-116018.2529	232326.5058	233397.411	1040.7
Sleep_duration	EZH2	65	7846	7846	6075	1074	1717	GTR+R4	-39672.9756	79627.9512	80610.4053	419.1
Sleep_duration	F7	63	2587	2587	1145	1035	1440	GTR+F+R4	-35972.5182	72219.0363	73021.6171	332.8
Sleep_duration	FBXL3	63	2303	2303	1324	614	838	HKY+R3	-18522.8499	37307.6999	38059.8977	183.2
Sleep_duration	FBXW11	66	2536	2536	1550	691	1109	TIM3+R3	-20538.7398	41355.4796	42167.0093	274.6
Sleep_duration	FBXW7	68	4909	4909	2933	1114	1808	TVM+R4	-34130.196	68552.392	69501.2205	645.2
Sleep_duration	GFPT1	67	3183	3183	1948	923	1333	GTR+R4	-28426.4075	57142.815	58022.324	341.7
Sleep_duration	GHRH	63	1245	1245	620	399	638	TPM2u+F+I+G4	-10264.3721	20788.7442	21455.24	96.7
Sleep_duration	GHRL	57	1210	1210	734	263	485	TPM3u+F+G4	-8233.4767	16700.9534	17297.4633	136.3
Sleep_duration	GNA11	60	2425	2425	1069	596	1155	GTR+F+R3	-19802.2792	39862.5583	40609.931	188.0
Sleep_duration	GNAQ	53	1724	1724	889	475	786	TIM3+I+R3	-12791.1929	25810.3858	26431.9597	192.5
Sleep_duration	GSK3B	68	5185	5185	3960	592	994	TIM2+I+R3	-20568.0302	41424.0603	42367.768	256.3
Sleep_duration	HCRTR2	66	2536	2536	1276	754	1149	TIM3+R3	-22811.3808	45900.7616	46712.2913	289.6
Sleep_duration	HDAC1	63	3554	3554	2443	684	1304	TIM3+R4	-23549.0991	47368.1983	48201.9352	325.5
Sleep_duration	HDAC2	66	2719	2719	1433	678	1274	TN+I+R3	-22107.2915	44488.5831	45297.9817	314.1
Sleep_duration	HDAC3	56	2163	2163	1639	428	581	TIM3+I+G4	-12523.1931	25280.3862	25944.8586	139.1
Sleep_duration	HEBP1	60	1490	1490	1003	374	532	TIM3+F+G4	-11223.6959	22691.3918	23338.7887	114.9
Sleep_duration	HNRNPD	67	2000	2000	807	519	871	TIM3+G4	-14126.4102	28528.8203	29301.7449	364.7
Sleep_duration	HNRNPU	64	3599	3599	1968	1055	1820	TIM3+F+I+R3	-29694.9257	59661.8514	60503.4753	220.0
Sleep_duration	HTR7	66	2536	2536	1142	881	1363	TPM3u+F+I+R4	-26213.3101	52708.6201	53531.8265	333.8
Sleep_duration	ID2	67	1806	1806	1264	278	521	TIM2+F+G4	-8354.4643	16980.9286	17728.7749	175.4
Sleep_duration	ID3	64	1350	1350	603	371	660	K3Pu+F+I+G4	-9077.1283	18418.2567	19105.6942	130.0
Sleep_duration	ID4	53	2413	2413	1789	283	649	TN+F+G4	-9183.1749	18584.3499	19215.3101	227.9
Sleep_duration	KCNA2	61	1563	1563	789	619	851	TIM3+I+R3	-16367.1996	32994.3992	33690.4663	135.6
Sleep_duration	KCNH7	68	6103	6103	3339	1795	2742	GTR+R4	-54449.9262	109193.8525	110181.1832	770.9
Sleep_duration	KDM5A	68	8851	8851	5126	2493	3639	GTR+R4	-78739.2111	157772.4223	158814.4003	743.8
Sleep_duration	KLF10	64	2214	2214	852	966	1405	TVM+F+I+G4	-28467.9291	57203.8582	57968.0008	314.4
Sleep_duration	KLF9	64	2842	2842	1959	402	731	TN+F+I+R3	-12177.3791	24616.7582	25396.5047	291.0
Sleep_duration	LEP	54	1083	1083	534	402	553	TN+F+G4	-9198.5699	18615.1397	19158.7762	99.7
Sleep_duration	LGR4	68	4066	4066	1642	1769	2563	GTR+I+R4	-50312.6231	100921.2461	101855.1875	542.9
Sleep_duration	MAGEL2	47	4583	4583	1716	2027	3049	GTR+F+G4	-42618.4515	85436.9031	86079.914	354.2
Sleep_duration	MAPK10	68	2049	2049	906	677	1181	GTR+R3	-19937.7152	40165.4304	40981.071	248.5
Sleep_duration	MAPK8	68	1701	1701	831	507	837	TPM2u+R3	-15874.2053	32032.4106	32804.7446	194.2
Sleep_duration	MAPK9	65	1671	1671	802	548	869	TN+I+R3	-17442.19	35158.3799	35901.0812	240.9
Sleep_duration	MC3R	56	1520	1520	682	567	820	GTR+F+R4	-16211.2454	32668.4907	33323.646	173.5
Sleep_duration	METTL3	63	2424	2424	1208	889	1292	TIM2+F+R3	-23965.4668	48192.9337	48951.8395	174.5
Sleep_duration	MTA1	61	6575	6575	4198	1254	2255	GTR+F+G4	-40616.5322	81489.0644	82358.3162	465.7
Sleep_duration	MTNR1A	59	1580	1580	569	664	917	TPM3u+F+I+G4	-20275.0584	40794.1168	41448.6688	226.6
Sleep_duration	MTNR1B	51	1935	1935	1008	729	971	TIM3+F+I+G4	-18868.8359	37951.6719	38547.4332	123.4
Sleep_duration	MTTP	67	3693	3693	1338	1830	2376	TVM+R4	-56456.8184	113201.6367	114096.4807	507.6
Sleep_duration	MYBBP1A	64	7625	7625	3229	3292	4425	TN+F+R4	-99112.4933	198496.9865	199440.716	762.5
Sleep_duration	NFIL3	59	2386	2386	1117	869	1266	TVMe+R4	-27124.0922	54498.1844	55220.3561	284.8
Sleep_duration	NGFR	63	3702	3702	2504	818	1283	TIM2+F+R4	-25462.8632	51195.7263	52034.9712	373.9
Sleep_duration	NKX2-1	60	2465	2465	1477	571	964	TPM3u+F+I+R3	-15155.8659	30565.7318	31303.5951	186.5
Sleep_duration	NLGN1	68	2866	2866	1252	990	1629	GTR+R3	-27391.3843	55072.7686	55937.0661	269.7
Sleep_duration	NOCT	67	2785	2785	1310	995	1474	TPM3u+F+I+G4	-31159.5019	62595.0038	63413.6202	400.5
Sleep_duration	NOS2	66	5105	5105	2141	2257	2986	TIM2+F+R4	-70226.5529	140735.1058	141656.9603	523.6
Sleep_duration	NPAS2	63	3601	3601	1207	1525	2364	TVM+F+R4	-39772.1178	79816.2356	80657.9351	789.8
Sleep_duration	NPS	55	434	434	132	184	322	TPM3+G4	-4720.575	9661.15	10109.1849	41.4
Sleep_duration	NPSR1	63	1566	1566	393	851	1275	HKY+F+R4	-21676.2744	43618.5488	44330.934	265.2
Sleep_duration	NR1D1	66	3421	3421	1609	1130	1897	TPM2u+F+I+R3	-31785.4402	63848.8804	64702.019	737.0
Sleep_duration	NR1D2	65	3050	3050	1175	1081	1711	TPM3u+R4	-30248.8011	60773.6022	61604.762	718.6
Sleep_duration	NR1H3	68	3702	3702	2316	775	1324	TIM2+F+R4	-26229.5406	52749.0813	53650.4924	385.4
Sleep_duration	NR2F6	58	2565	2565	1197	735	1363	TIM2+F+R4	-22550.8656	45351.7312	46082.9454	307.8
Sleep_duration	NR3C1	67	3215	3215	1221	1377	2015	TPM3u+R4	-37707.0673	75698.1345	76560.8673	445.3
Sleep_duration	NRIP1	56	4577	4577	1566	2286	3007	TVM+I+G4	-60801.2064	121838.4128	122597.0111	449.7
Sleep_duration	NTRK1	65	3567	3567	1477	1600	2294	TIM2+F+R4	-46884.5903	94047.1805	94906.1283	403.6
Sleep_duration	OGT	67	3504	3504	1767	1207	1740	TIM2e+R4	-35526.552	71333.104	72195.7365	516.1
Sleep_duration	OPN3	55	2175	2175	1017	766	1138	TPM3u+F+I+G4	-18827.7969	37883.5939	38531.6593	295.2
Sleep_duration	OPN4	63	2838	2838	1013	1171	1875	TIM2+F+R4	-34617.7954	69505.5908	70308.9562	552.5
Sleep_duration	OPN5	67	1870	1870	965	639	931	HKY+I+G4	-18681.0845	37636.169	38394.2851	181.3
Sleep_duration	PARP1	68	4432	4432	2042	1759	2499	TIM3+I+R4	-57848.705	115989.41	116923.3145	526.2
Sleep_duration	PAX4	56	2083	2083	976	823	1185	TPM2u+F+I+G4	-21862.9595	43957.9191	44612.3406	297.1
Sleep_duration	PER1	58	6328	6328	2579	2433	3584	TVM+F+R4	-68497.8667	137247.7334	138098.5786	1161.9
Sleep_duration	PER2	65	6104	6104	1945	3088	4206	GTR+F+I+R4	-95731.9031	191747.8061	192701.5775	843.9
Sleep_duration	PER3	60	5414	5414	1380	3000	4127	TVM+F+I+G4	-83473.2048	167198.4096	168029.5993	923.9
Sleep_duration	PHLPP1	62	6838	6838	2572	3181	4262	GTR+F+R4	-85265.0329	170800.0658	171722.1497	559.0
Sleep_duration	PML	55	4584	4584	2055	2021	2634	TVM+F+R4	-52361.0971	104962.1942	105733.8335	567.9
Sleep_duration	PPARA	65	3605	3605	2214	774	1200	GTR+F+R4	-30281.6335	60845.267	61718.0679	372.8
Sleep_duration	PPARG	67	3862	3862	2498	740	1334	TIM3e+R4	-25964.0503	52208.1006	53084.3523	371.4
Sleep_duration	PPARGC1A	68	5578	5578	3266	1299	2045	TVM+R4	-37047.7432	74387.4864	75354.9679	474.9
Sleep_duration	PPP1CA	64	2809	2809	1377	474	1105	TN+F+I+G4	-18630.2923	37524.5846	38308.7416	264.5
Sleep_duration	PPP1CB	68	2164	2164	1255	411	900	TIM2+I+R3	-13971.8192	28231.6384	29049.5172	178.0
Sleep_duration	PPP1CC	61	2097	2097	1345	382	745	K3Pu+R3	-12520.0769	25296.1538	26019.1315	189.2
Sleep_duration	PRKAA1	68	9185	9185	7634	842	1382	TPM3u+I+R3	-34298.3543	68882.7087	69901.6304	342.8
Sleep_duration	PRKAA2	68	2780	2780	1751	725	1056	TIM3+I+R3	-24420.991	49129.9821	49983.9317	171.9
Sleep_duration	PRKCG	60	8148	8148	5976	1111	1976	TIM3+F+I+R4	-40069.1826	80398.3652	81309.0838	614.9
Sleep_duration	SERPINE1	58	2554	2554	1174	852	1230	TPM3u+F+R4	-25502.108	51252.2159	51977.0475	236.6
Sleep_duration	SFPQ	65	3195	3195	1088	1382	2248	TIM3+F+R4	-36100.4508	72478.9015	73322.5401	639.0
Sleep_duration	SIAH2	66	2977	2977	2125	525	837	TN+F+R3	-16073.5258	32423.0515	33250.8682	154.0
Sleep_duration	SIK1	64	9377	9377	7104	1648	2349	TPM3u+F+R4	-58595.9936	117463.9872	118435.8452	432.4
Sleep_duration	SIN3A	68	7263	7263	4450	1727	2651	GTR+F+I+R4	-56929.1496	114154.2991	115174.1003	720.9
Sleep_duration	SIRT1	61	3393	3393	1537	1319	1920	TPM3u+I+R3	-32871.706	66001.4119	66792.1135	413.6
Sleep_duration	SLC6A4	67	2944	2944	1528	1083	1478	TVM+F+I+R4	-34392.1298	69074.2596	69942.4506	335.0
Sleep_duration	SOX14	60	2056	2056	1255	294	528	TPM3u+F+I+R3	-9820.9121	19895.8243	20610.646	111.7
Sleep_duration	SPSB4	48	1134	1134	588	327	564	TN+F+I+R3	-9242.4584	18690.9168	19209.368	112.6
Sleep_duration	SREBF1	62	5654	5654	2662	2348	3310	TVM+F+I+R4	-65495.2669	131260.5337	132156.9497	666.0
Sleep_duration	SUV39H2	62	7836	7836	6405	707	1285	TPM3u+G4	-27107.3167	54468.6335	55353.3769	229.4
Sleep_duration	TH	60	2784	2784	1405	972	1454	TIM2+F+R4	-29731.8231	59721.6461	60486.8282	297.6
Sleep_duration	THRAP3	67	3417	3417	1068	1723	2388	TIM2+F+R4	-42647.211	85580.422	86457.9441	538.1
Sleep_duration	TIMELESS	64	5665	5665	2117	2526	3648	GTR+F+R4	-76201.6675	152681.335	153604.5816	764.2
Sleep_duration	TNFRSF11A	64	3063	3063	882	1712	2287	TIM3+F+G4	-47175.938	94615.8761	95411.4599	401.9
Sleep_duration	TOP1	67	2966	2966	1370	1001	1686	TN+F+R3	-29176.556	58629.112	59456.4178	163.1
Sleep_duration	TOP2A	67	5936	5936	2664	2624	3502	TVM+R4	-73789.591	147867.182	148830.3678	715.5
Sleep_duration	TP53	61	2670	2670	1025	977	1635	TPM2u+F+R4	-30982.1929	62224.3857	62990.0641	216.1
Sleep_duration	TPH1	67	3265	3265	1883	908	1405	TIM2+R4	-26300.2232	52886.4465	53757.4616	372.4
Sleep_duration	TYMS	65	1748	1748	758	566	987	TIM3+F+I+G4	-18648.5452	37567.0904	38305.0312	143.5
Sleep_duration	UBE3A	67	3534	3534	1634	1137	1616	TPM3u+R3	-32575.0646	65430.1292	66293.9552	223.5
Sleep_duration	USP2	60	3216	3216	1695	1094	1672	TN+F+R4	-27639.8081	55535.6163	56313.3306	248.6
Sleep_duration	USP7	68	5090	5090	2656	1453	2357	GTR+I+R4	-50578.7857	101453.5715	102420.7564	596.0
NREM_ratio	AANAT	41	1338	1338	639	392	662	HKY+F+I+G4	-9861.1285	19892.257	20334.1661	44.9
NREM_ratio	ADCY1	44	4132	4132	2005	1526	2343	TIM3+F+R4	-35215.6652	70625.3303	71239.0025	317.7
NREM_ratio	ADIPOQ	44	1895	1895	1232	451	709	TN+F+I+G4	-11330.2917	22844.5833	23354.9049	72.6
NREM_ratio	ADORA1	42	2956	2956	2434	384	531	TPM3u+F+I+R3	-9729.3023	19640.6046	20185.8395	50.7
NREM_ratio	ADORA2A	40	2691	2691	1916	620	798	TPM3u+F+I+R3	-13903.4613	27980.9226	28494.0197	77.6
NREM_ratio	ADRB1	30	2256	2256	1303	561	931	TIM2+F+I+G4	-11639.9488	23409.8975	23781.7852	53.6
NREM_ratio	AGRP	45	1234	1234	685	293	499	TPM2u+F+G4	-7765.3083	15716.6165	16192.592	64.3
NREM_ratio	AHR	45	3977	3977	2113	1512	2016	TVM+I+G4	-35704.104	71600.208	72203.8832	174.5
NREM_ratio	ARNTL	44	2811	2811	1781	642	975	SYM+R3	-17326.8582	34841.7165	35400.1983	70.0
NREM_ratio	ARNTL2	38	3347	3347	1737	1079	1537	TVM+I+G4	-22084.9326	44333.8651	44835.3623	133.5
NREM_ratio	ATF4	43	1905	1905	1114	581	858	TN+F+G4	-12955.4583	26088.9165	26583.0656	79.0
NREM_ratio	ATF5	34	2404	2404	1938	298	483	TPM2u+F+G4	-7314.9873	14771.9745	15182.7017	46.4
NREM_ratio	ATG7	45	3877	3877	2302	1151	1597	TIM3+I+R4	-27898.2953	55996.5907	56622.8724	288.5
NREM_ratio	ATOH7	33	983	983	679	237	332	HKY+F+G4	-4479.6793	9095.3585	9427.9199	26.3
NREM_ratio	BHLHE40	42	2498	2498	1258	617	1013	TIM2+F+R3	-15687.7021	31557.4042	32087.3196	90.6
NREM_ratio	BHLHE41	39	3981	3981	2684	661	1301	TPM2u+F+I+R2	-16261.2462	32688.4923	33210.5033	105.5
NREM_ratio	BTBD9	45	3332	3332	2361	728	1028	TVM+I+G4	-17534.7946	35261.5892	35848.2767	240.6
NREM_ratio	BTRC	44	3113	3113	2245	540	879	TIM3e+R3	-15048.1888	30280.3775	30836.365	73.2
NREM_ratio	CARTPT	43	1709	1709	1013	194	363	TIM3+F+G4	-7012.0617	14204.1235	14694.0532	54.1
NREM_ratio	CAVIN3	38	2443	2443	1799	395	704	TIM2+F+G4	-10020.2685	20200.5371	20664.6156	61.7
NREM_ratio	CCAR2	41	4617	4617	3076	1031	1465	TIM+F+I+R3	-27686.3459	55552.6919	56132.0669	135.8
NREM_ratio	CDK1	45	1520	1520	841	329	631	HKY+I+G4	-9315.0437	18816.0874	19311.4487	88.7
NREM_ratio	CHRNB2	42	4104	4104	3091	570	998	TPM2u+F+I+R3	-18700.1487	37582.2973	38157.3916	85.1
NREM_ratio	CIART	34	3035	3035	2039	543	909	HKY+G4	-12157.5505	24455.1009	24876.3586	41.4
NREM_ratio	CIPC	43	1889	1889	940	714	964	K3Pu+F+I+R3	-15496.939	31179.8781	31695.4518	91.3
NREM_ratio	CLDN4	39	2768	2768	2288	339	438	TPM3u+F+R3	-9776.4115	19720.8229	20218.5969	41.7
NREM_ratio	CLOCK	45	3505	3505	2228	923	1391	TVM+I+R3	-22889.3944	45976.7888	46586.8214	130.5
NREM_ratio	CPT1A	44	3536	3536	2070	1081	1497	GTR+F+I+R3	-30589.8619	61375.7237	61980.4574	142.4
NREM_ratio	CREB1	45	1353	1353	989	258	400	TPM3u+F+I+R2	-6234.769	12659.5381	13154.4956	31.0
NREM_ratio	CREM	44	1695	1695	1023	384	737	TIM+R3	-9937.6967	20065.3934	20581.76	69.1
NREM_ratio	CRH	39	1034	1034	578	353	501	HKY+F+I+G4	-7475.0957	15112.1914	15512.4278	46.0
NREM_ratio	CRTC1	41	3755	3755	2602	794	1234	TPM3u+F+I+R3	-19808.1486	39794.2972	40348.8423	110.2
NREM_ratio	CRY1	45	3094	3094	2067	687	1110	TPM2u+I+G4	-17636.9673	35461.9347	36029.4334	117.5
NREM_ratio	CRY2	44	4140	4140	3144	704	1023	TN+F+I+R3	-19332.9727	38855.9455	39457.1483	96.0
NREM_ratio	CSNK1D	44	2068	2068	1164	497	860	TN+F+R3	-15211.0537	30610.1073	31139.735	107.1
NREM_ratio	CSNK1E	44	2582	2582	1784	512	827	TN+F+I+R3	-13677.5037	27545.0075	28101.3578	122.0
NREM_ratio	DBP	36	3013	3013	2327	360	618	TPM3u+F+R3	-9798.233	19752.4661	20221.3	44.7
NREM_ratio	DRD2	45	2469	2469	1664	473	756	TIM3+F+R3	-13442.8093	27079.6185	27643.3407	85.1
NREM_ratio	DRD3	44	1706	1706	832	644	853	TPM2u+F+I+G4	-14498.3819	29180.7638	29681.4192	100.3
NREM_ratio	DRD4	34	2336	2336	1381	682	1017	TIM2+F+G4	-14273.9418	28691.8836	29106.3297	54.2
NREM_ratio	DYRK1A	43	3554	3554	2739	498	738	TPM3+I+R3	-14096.988	28373.976	28929.8007	71.9
NREM_ratio	EGR1	44	2607	2607	1411	795	980	TIM3+F+I+G4	-17679.8203	35545.6406	36091.1745	166.3
NREM_ratio	EGR3	43	1947	1947	1384	381	570	TPM2u+F+I+G4	-9292.2793	18764.5587	19266.2227	73.4
NREM_ratio	EP300	44	11915	11915	8478	2621	3467	TPM2u+F+I+R3	-62436.8395	125063.6791	125765.3066	311.2
NREM_ratio	EZH2	43	7846	7846	6757	808	1124	TIM3+I+G4	-20225.7097	40633.4194	41267.4855	118.4
NREM_ratio	F7	42	2587	2587	1329	897	1211	GTR+F+I+G4	-24579.6691	49341.3383	49874.4394	136.4
NREM_ratio	FBXL3	42	2303	2303	1736	442	574	HKY+I+G4	-10013.9152	20201.8304	20701.3816	51.4
NREM_ratio	FBXW11	45	2536	2536	1783	502	812	TIM3+R3	-13900.3873	27994.7747	28561.094	83.1
NREM_ratio	FBXW7	45	4909	4909	3740	799	1194	GTR+F+I+R3	-18853.6178	37907.2355	38557.1181	159.0
NREM_ratio	GFPT1	45	3183	3183	2203	751	1032	TIM+I+G4	-18585.9764	37361.9527	37938.1828	115.2
NREM_ratio	GHRH	42	1245	1245	759	270	477	HKY+F+G4	-5954.4528	12080.9057	12521.8183	72.0
NREM_ratio	GHRL	40	1210	1210	837	242	367	HKY+F+G4	-6005.9936	12175.9873	12594.0541	35.1
NREM_ratio	GNA11	40	2425	2425	1421	419	755	TIM2+F+G4	-13706.674	27581.3481	28068.0094	52.3
NREM_ratio	GNAQ	34	1724	1724	1288	228	425	TIM+I+R2	-6472.1249	13092.2498	13495.7276	37.4
NREM_ratio	GSK3B	45	5185	5185	4524	388	683	TPM2u+R3	-12082.0572	24356.1143	24985.2527	75.7
NREM_ratio	HCRTR2	44	2536	2536	1779	572	824	TIM3e+R3	-13347.2121	26878.4241	27415.5517	71.4
NREM_ratio	HDAC1	42	3554	3554	2624	536	1038	TIM3+I+R3	-14711.0596	29606.1192	30174.2954	89.2
NREM_ratio	HDAC2	45	2719	2719	1718	512	935	HKY+I+G4	-15321.942	30825.884	31363.5138	116.0
NREM_ratio	HDAC3	41	2163	2163	1693	389	509	TIM3+F+I+G4	-9849.6092	19873.2185	20367.3133	63.5
NREM_ratio	HEBP1	43	1490	1490	1070	311	449	TIM3+F+G4	-8044.0467	16264.0934	16731.0682	45.9
NREM_ratio	HNRNPD	45	2000	2000	1049	319	642	GTR+F+G4	-9375.8064	18943.6129	19481.2995	55.4
NREM_ratio	HNRNPU	44	3599	3599	2430	791	1296	TIM3+F+R3	-19684.0678	39558.1357	40146.0347	127.1
NREM_ratio	HTR7	43	2536	2536	1660	647	910	TPM3u+F+I+R3	-14613.6192	29413.2384	29956.2044	128.2
NREM_ratio	ID2	45	1806	1806	1373	191	381	TIM2+F+G4	-5791.003	11770.0061	12286.8998	51.6
NREM_ratio	ID3	43	1350	1350	756	296	435	K3Pu+F+G4	-5926.2641	12030.5281	12494.0277	46.1
NREM_ratio	ID4	36	2413	2413	1981	174	463	TN+F+I+R2	-6262.2139	12678.4277	13124.152	38.9
NREM_ratio	KCNA2	42	1563	1563	941	466	659	TIM3+I+R3	-10940.6775	22065.3549	22557.9563	56.4
NREM_ratio	KCNH7	45	6103	6103	4397	1304	1788	TIM3+F+I+R3	-32607.7263	65411.4526	66069.6731	231.1
NREM_ratio	KDM5A	45	8851	8851	6285	1859	2550	TVM+R3	-48039.9546	96275.9092	96970.5612	324.2
NREM_ratio	KLF10	43	2214	2214	1121	818	1104	TPM3u+F+I+G4	-18935.2146	38050.4292	38563.6593	119.1
NREM_ratio	KLF9	43	2842	2842	2514	246	331	TIM3+F+R3	-5073.9764	10325.9527	10855.7041	55.9
NREM_ratio	LEP	39	1083	1083	622	305	462	TPM3u+G4	-6544.3163	13246.6325	13640.6442	46.3
NREM_ratio	LGR4	45	4066	4066	2259	1322	1871	GTR+R4	-30684.7667	61571.5334	62208.8854	205.8
NREM_ratio	MAGEL2	32	4583	4583	2078	1704	2525	GTR+F+G4	-32777.0025	65694.0049	66144.1125	185.9
NREM_ratio	MAPK10	45	2049	2049	1290	533	820	GTR+R4	-12531.5114	25265.0228	25833.1586	111.9
NREM_ratio	MAPK8	45	1701	1701	1153	357	562	TIM+F+I+R3	-10020.5928	20237.1855	20770.2047	87.3
NREM_ratio	MAPK9	43	1671	1671	1106	401	599	TPM3u+R3	-11075.4477	22334.8955	22833.6438	95.7
NREM_ratio	MC3R	38	1520	1520	911	463	617	GTR+F+R3	-10901.4576	21972.9152	22425.6648	52.2
NREM_ratio	METTL3	43	2424	2424	1499	704	964	TN+F+I+G4	-15269.1659	30714.3318	31224.1311	108.0
NREM_ratio	MTA1	41	6575	6575	4738	933	1568	GTR+F+I+G4	-28096.9881	56371.9762	56976.3778	183.8
NREM_ratio	MTNR1A	42	1580	1580	815	560	760	TPM3u+F+I+G4	-14259.4231	28694.8462	29166.982	74.9
NREM_ratio	MTNR1B	37	1935	1935	1056	668	871	TIM3+F+G4	-14895.3362	29946.6724	30380.9656	70.4
NREM_ratio	MTTP	44	3693	3693	1920	1470	1822	TPM3u+I+G4	-33873.3083	67930.6166	68502.3225	161.4
NREM_ratio	MYBBP1A	42	7625	7625	4038	2744	3462	TN+F+I+G4	-65232.4961	130640.9922	131251.6408	467.9
NREM_ratio	NFIL3	39	2386	2386	1524	669	863	TVM+G4	-16758.0289	33682.0578	34161.5798	66.5
NREM_ratio	NGFR	44	3702	3702	2740	605	944	TIM2+F+R4	-16975.7471	34145.4942	34748.5072	292.3
NREM_ratio	NKX2-1	41	2465	2465	1829	380	651	TPM3u+F+R3	-8864.6586	17905.3173	18416.5926	80.0
NREM_ratio	NLGN1	45	2866	2866	1921	692	987	TIM3+F+R3	-16761.6312	33717.2625	34295.4477	74.1
NREM_ratio	NOCT	45	2785	2785	1722	649	1005	GTR+F+I+G4	-17297.8729	34789.7459	35365.1502	152.8
NREM_ratio	NOS2	45	5105	5105	2413	1919	2577	TIM3+F+R4	-49367.5799	98933.1598	99580.4194	206.7
NREM_ratio	NPAS2	43	3601	3601	1746	1223	1762	GTR+F+I+R3	-27884.9247	55961.8493	56555.9901	170.9
NREM_ratio	NPS	40	434	434	170	163	265	TPM3+G4	-3628.1393	7416.2786	7742.1222	31.5
NREM_ratio	NPSR1	43	1566	1566	791	577	880	HKY+F+I+G4	-13033.4114	26244.8229	26721.5318	119.0
NREM_ratio	NR1D1	44	3421	3421	2364	771	1111	HKY+F+I+R3	-18464.302	37116.604	37693.5467	131.3
NREM_ratio	NR1D2	42	3050	3050	1856	767	1107	TVM+I+R3	-17076.1961	34338.3921	34898.5215	93.5
NREM_ratio	NR1H3	45	3702	3702	2819	605	940	K3Pu+F+R3	-15750.7493	31693.4987	32290.295	103.1
NREM_ratio	NR2F6	38	2565	2565	1628	457	903	TN+F+R3	-13112.787	26389.5739	26869.2505	104.8
NREM_ratio	NR3C1	44	3215	3215	1880	1000	1350	TPM3u+R3	-22322.2599	44832.5199	45403.6246	159.8
NREM_ratio	NRIP1	37	4577	4577	2252	1785	2054	TVM+I+G4	-38282.5494	76725.0987	77239.4027	194.7
NREM_ratio	NTRK1	45	3567	3567	1767	1288	1834	TIM2+F+R4	-31469.9555	63137.9111	63749.6796	312.2
NREM_ratio	OGT	44	3504	3504	2355	917	1118	TIM2+I+R3	-20511.6025	41215.2051	41806.7245	101.3
NREM_ratio	OPN3	37	2175	2175	1216	571	858	TPM3u+I+R2	-11960.263	24078.5259	24527.6239	63.0
NREM_ratio	OPN4	42	2838	2838	1501	921	1334	TIM2+F+I+G4	-22473.453	45124.9061	45654.5322	190.9
NREM_ratio	OPN5	45	1870	1870	1224	494	695	TPM3u+I+G4	-11804.0814	23796.1628	24316.3301	87.6
NREM_ratio	PARP1	45	4432	4432	2637	1389	1843	TIM3+F+R4	-36409.2882	73016.5764	73649.8404	276.9
NREM_ratio	PAX4	40	2083	2083	1159	648	963	TPM2u+F+G4	-14811.1442	29788.2883	30256.5382	103.2
NREM_ratio	PER1	40	6328	6328	4028	1553	2239	TVM+F+I+R3	-39069.6738	78317.3477	78918.3415	265.7
NREM_ratio	PER2	44	6104	6104	2861	2598	3316	GTR+F+R4	-59980.2733	120158.5466	120823.4999	408.3
NREM_ratio	PER3	41	5414	5414	2298	2429	3256	TVM+F+I+G4	-51035.9757	102247.9513	102828.4647	345.3
NREM_ratio	PHLPP1	42	6838	6838	3319	2428	3420	GTR+F+I+G4	-55128.2142	110438.4284	111059.9812	392.9
NREM_ratio	PML	40	4584	4584	2299	1751	2368	TVM+F+I+R3	-40950.4557	82078.9115	82651.2106	246.0
NREM_ratio	PPARA	43	3605	3605	2644	590	737	GTR+F+R3	-19482.2393	39154.4785	39742.5359	63.2
NREM_ratio	PPARG	45	3862	3862	3080	555	796	TPM3u+I+G4	-14519.5376	29227.0751	29815.4155	116.0
NREM_ratio	PPARGC1A	45	5578	5578	4401	771	1167	TIM+F+I+R3	-19570.7151	39337.4302	39986.8356	139.4
NREM_ratio	PPP1CA	42	2809	2809	1671	326	704	TN+F+I+G4	-12902.0517	25980.1035	26502.8749	107.2
NREM_ratio	PPP1CB	45	2164	2164	1522	285	622	TIM2+F+I+G4	-8767.6355	17725.2711	18264.8438	82.2
NREM_ratio	PPP1CC	42	2097	2097	1470	310	605	HKY+R3	-9238.9746	18655.9492	19158.6446	54.8
NREM_ratio	PRKAA1	45	9185	9185	8057	619	1013	TVM+I+G4	-16000.4775	32192.9551	32876.9865	233.9
NREM_ratio	PRKAA2	45	2780	2780	2006	589	808	TIM+I+G4	-14872.347	29934.6939	30498.0635	74.7
NREM_ratio	PRKCG	40	8148	8148	6876	693	1155	TIM3+F+R3	-19499.0355	39172.0709	39781.5518	128.6
NREM_ratio	SERPINE1	40	2554	2554	1610	611	831	TPM3u+F+I+R3	-16206.3963	32586.7926	33095.3438	66.2
NREM_ratio	SFPQ	43	3195	3195	1742	864	1632	TN+F+I+R3	-21603.134	43392.2679	43956.7167	150.6
NREM_ratio	SIAH2	44	2977	2977	2375	338	642	HKY+F+R3	-9838.6701	19863.3401	20421.2166	102.7
NREM_ratio	SIK1	42	9377	9377	7583	1339	1767	TPM3u+F+I+R3	-32368.7242	64919.4483	65569.7357	208.2
NREM_ratio	SIN3A	45	7263	7263	5569	1284	1734	GTR+F+I+R3	-32288.9122	64777.8244	65466.8792	165.9
NREM_ratio	SIRT1	42	3393	3393	2015	1026	1461	TPM3u+R3	-21319.6237	42819.2475	43370.8998	183.3
NREM_ratio	SLC6A4	45	2944	2944	1767	820	1168	TPM3u+F+I+R3	-22240.7215	44675.443	45256.2329	130.2
NREM_ratio	SOX14	40	2056	2056	1806	180	235	HKY+F+I+G4	-4475.0588	9116.1175	9583.2845	28.3
NREM_ratio	SPSB4	34	1134	1134	755	200	365	TN+F+I+R2	-6143.1133	12432.2267	12799.6727	17.9
NREM_ratio	SREBF1	42	5654	5654	3126	1960	2685	TPM2u+F+R4	-44529.1254	89242.2509	89853.1418	434.7
NREM_ratio	SUV39H2	43	7836	7836	6868	516	973	TPM3u+G4	-13420.112	27018.224	27638.2411	86.4
NREM_ratio	TH	39	2784	2784	1628	720	1123	HKY+F+R3	-18547.8062	37261.6125	37753.9389	90.0
NREM_ratio	THRAP3	45	3417	3417	2017	1073	1447	TIM2+F+R3	-24121.7831	48437.5662	49032.8085	179.9
NREM_ratio	TIMELESS	42	5665	5665	3054	1931	2696	TIM3+F+I+G4	-42734.6643	85647.3286	86238.4721	306.6
NREM_ratio	TNFRSF11A	43	3063	3063	1250	1378	1854	TIM3+F+I+G4	-31336.4238	62854.8476	63403.3182	200.0
NREM_ratio	TOP1	45	2966	2966	1775	768	1228	TN+F+I+G4	-18693.828	37571.6559	38123.1931	202.4
NREM_ratio	TOP2A	45	5936	5936	3236	2098	2769	TVM+R3	-48078.9867	96353.9734	97009.4749	264.5
NREM_ratio	TP53	41	2670	2670	1579	701	1143	TPM2u+F+I+R3	-18594.6269	37367.2538	37891.449	102.9
NREM_ratio	TPH1	44	3265	3265	2209	671	1038	TIM2+R4	-16200.5367	32595.0733	33185.9018	144.2
NREM_ratio	TYMS	43	1748	1748	976	466	779	TPM3+G4	-11735.7458	23643.4915	24113.5871	61.9
NREM_ratio	UBE3A	45	3534	3534	2357	825	1123	TPM3+I+G4	-20213.1743	40608.3485	41169.8354	97.5
NREM_ratio	USP2	41	3216	3216	2046	832	1249	HKY+F+I+R3	-18576.9335	37329.867	37864.5457	114.9
NREM_ratio	USP7	45	5090	5090	3336	1154	1708	GTR+R4	-32625.9949	65453.9898	66114.0282	225.6
Sleep_timing	AANAT	48	1338	1338	554	500	781	TIM2+F+I+G4	-12920.1261	26042.2523	26567.3444	65.7
Sleep_timing	ADCY1	53	4132	4132	1862	1640	2443	TIM3+F+I+R3	-42643.3104	85514.6208	86235.8437	276.2
Sleep_timing	ADIPOQ	53	1895	1895	1055	497	815	TIM2+F+I+G4	-15131.038	30484.0761	31099.7902	89.9
Sleep_timing	ADORA1	53	2956	2956	2224	460	717	TPM3u+F+I+R3	-15497.1799	31220.3598	31897.4097	128.5
Sleep_timing	ADORA2A	50	2691	2691	1592	717	1028	TPM3u+F+I+R3	-20921.5484	42057.0967	42688.1472	127.1
Sleep_timing	ADRB1	37	2256	2256	1034	695	1243	TIM2+F+I+G4	-16294.9484	32747.8968	33199.8833	86.5
Sleep_timing	AGRP	51	1234	1234	659	324	551	TPM2u+F+I+G4	-8896.0094	18004.0188	18546.5286	54.4
Sleep_timing	AHR	54	3977	3977	1583	1723	2492	TVM+R4	-49573.0192	99382.0384	100124.0558	381.1
Sleep_timing	ARNTL	53	2811	2811	1331	760	1333	GTR+R3	-23596.1665	47422.3329	48105.5819	150.2
Sleep_timing	ARNTL2	47	3347	3347	1500	1250	1817	TPM3u+I+G4	-29957.024	60110.048	60709.3983	123.0
Sleep_timing	ATF4	51	1905	1905	1007	639	955	TN+G4	-16646.5328	33503.0657	34086.0506	85.9
Sleep_timing	ATF5	41	2404	2404	1698	458	692	TPM2u+F+G4	-11029.349	22228.6979	22720.4135	269.3
Sleep_timing	ATG7	55	3877	3877	1925	1234	1901	GTR+I+R4	-35389.7956	71023.5913	71787.655	304.7
Sleep_timing	ATOH7	44	983	983	571	283	419	TPM2u+F+G4	-7512.6522	15207.3044	15652.3498	53.3
Sleep_timing	BHLHE40	52	2498	2498	1309	622	967	TIM2+F+R4	-18379.332	36984.6641	37642.6908	212.5
Sleep_timing	BHLHE41	49	3981	3981	2537	818	1505	TIM2+F+I+R3	-20833.3831	41878.7662	42545.4308	238.4
Sleep_timing	BTBD9	55	3332	3332	1910	882	1362	TVM+I+R3	-24615.9078	49469.8156	50197.0637	225.4
Sleep_timing	BTRC	53	3113	3113	2067	584	1043	GTR+R3	-18809.7098	37849.4197	38544.404	102.7
Sleep_timing	CARTPT	51	1709	1709	1387	204	347	TIM3+F+G4	-6720.1432	13652.2864	14229.3147	126.3
Sleep_timing	CAVIN3	45	2443	2443	1654	496	821	TIM2+F+G4	-13000.0664	26188.1329	26733.4252	93.3
Sleep_timing	CCAR2	50	4617	4617	2450	1382	2029	GTR+F+R4	-37137.7108	74497.4217	75211.9842	317.4
Sleep_timing	CDK1	55	1520	1520	731	412	760	TPM2u+I+R3	-12479.4781	25192.9562	25816.1527	141.1
Sleep_timing	CHRNB2	52	4104	4104	2904	693	1193	TPM2u+F+I+R3	-23041.2253	46304.4505	47005.9392	223.9
Sleep_timing	CIART	42	3035	3035	1845	734	1129	HKY+I+G4	-16704.05	33582.0999	34105.663	88.7
Sleep_timing	CIPC	53	1889	1889	732	843	1185	TVM+F+R4	-21205.1722	42642.3444	43285.4255	251.6
Sleep_timing	CLDN4	46	2768	2768	2121	393	571	TPM3u+F+R4	-11785.382	23770.764	24363.3521	122.5
Sleep_timing	CLOCK	55	3505	3505	1667	1112	1840	GTR+R3	-30733.6682	61705.3364	62438.608	171.5
Sleep_timing	CPT1A	53	3536	3536	1740	1206	1891	TIM3+F+R4	-40128.0247	80486.0495	81195.6859	247.3
Sleep_timing	CREB1	55	1353	1353	705	326	592	HKY+F+R3	-9580.5118	19391.0236	19990.1828	71.5
Sleep_timing	CREM	54	1695	1695	852	531	899	TIM3+I+R3	-13643.2075	27518.4149	28148.9258	279.5
Sleep_timing	CRH	45	1034	1034	371	393	560	HKY+F+I+G4	-9243.0896	18672.1792	19131.7099	58.6
Sleep_timing	CRTC1	51	3755	3755	1953	954	1667	TPM3u+F+R3	-29999.2625	60214.5249	60887.456	257.4
Sleep_timing	CRY1	54	3094	3094	1937	819	1246	TPM2+I+G4	-23040.0301	46298.0601	46956.1171	250.9
Sleep_timing	CRY2	54	4140	4140	2946	794	1248	TIM2+F+R4	-24933.9937	50101.9875	50842.4162	262.0
Sleep_timing	CSNK1D	54	2068	2068	1042	557	1020	TN+F+I+R3	-18528.3365	37286.673	37934.6218	215.6
Sleep_timing	CSNK1E	53	2582	2582	1704	571	935	TN+F+I+R3	-16630.7175	33487.4351	34149.1992	115.0
Sleep_timing	DBP	46	3013	3013	1775	551	1111	HKY+R3	-16607.6993	33409.3985	33992.4356	157.4
Sleep_timing	DRD2	54	2469	2469	1590	571	901	TIM3+F+I+R3	-16248.2496	32728.4992	33402.6412	134.4
Sleep_timing	DRD3	53	1706	1706	658	749	1062	TVM+F+I+G4	-19362.1773	38948.3546	39557.8481	173.2
Sleep_timing	DRD4	42	2336	2336	1296	778	1111	TIM2+F+I+G4	-18423.1855	37024.371	37536.6724	124.2
Sleep_timing	DYRK1A	53	3554	3554	2236	656	1107	GTR+I+R3	-20849.8481	41931.6961	42648.0923	198.0
Sleep_timing	EGR1	50	2607	2607	1427	751	1043	TIM3+F+I+R4	-19778.784	39777.568	40422.8231	172.2
Sleep_timing	EGR3	51	1947	1947	1257	429	677	TPM2u+F+I+G4	-11191.5327	22595.0655	23185.9143	175.4
Sleep_timing	EP300	54	11915	11915	6535	3249	4888	TVM+F+I+R4	-94118.0071	188474.0143	189352.8951	571.6
Sleep_timing	EZH2	52	7846	7846	6185	910	1451	GTR+I+R3	-34008.3691	68244.7381	69039.0627	200.8
Sleep_timing	F7	51	2587	2587	1386	953	1279	GTR+F+R4	-29017.8279	58261.6557	58923.6384	192.0
Sleep_timing	FBXL3	52	2303	2303	1392	541	747	HKY+R3	-15601.8453	31421.6906	32047.5651	96.6
Sleep_timing	FBXW11	53	2536	2536	1663	587	959	GTR+I+G4	-16826.3993	33878.7986	34538.5314	155.8
Sleep_timing	FBXW7	55	4909	4909	3215	909	1454	GTR+I+R3	-27738.9974	55717.9948	56497.8539	124.2
Sleep_timing	GFPT1	54	3183	3183	2071	833	1207	SYM+I+G4	-23271.0444	46766.0889	47445.4338	235.7
Sleep_timing	GHRH	50	1245	1245	712	342	534	TPM2u+F+I+G4	-7931.5478	16071.0956	16604.2923	94.4
Sleep_timing	GHRL	47	1210	1210	837	250	383	HKY+F+I+G4	-6552.9884	13299.9768	13794.5192	44.1
Sleep_timing	GNA11	50	2425	2425	1422	472	868	GTR+F+R3	-15610.1536	31438.3072	32069.8081	131.1
Sleep_timing	GNAQ	43	1724	1724	1005	349	568	TIM3+R3	-9818.7865	19823.5729	20330.6464	103.1
Sleep_timing	GSK3B	55	5185	5185	4257	519	920	TIM2e+I+R3	-16046.4387	32322.8775	33076.5328	155.0
Sleep_timing	HCRTR2	53	2536	2536	1320	668	1069	TIM3+R3	-19669.6578	39565.3156	40225.0484	165.9
Sleep_timing	HDAC1	50	3554	3554	2562	593	1160	TIM2+I+R3	-19349.0564	38914.1128	39581.1023	173.9
Sleep_timing	HDAC2	53	2719	2719	1658	594	1165	TPM3u+R3	-17820.3786	35860.7573	36510.6394	173.5
Sleep_timing	HDAC3	46	2163	2163	1672	409	528	TIM3+I+G4	-10719.5035	21633.007	22183.8944	42.6
Sleep_timing	HEBP1	48	1490	1490	1054	336	478	TIM3+F+G4	-9002.6853	18201.3707	18721.4107	62.7
Sleep_timing	HNRNPD	54	2000	2000	1226	366	731	TPM3+G4	-10641.4341	21498.8683	22103.7657	89.4
Sleep_timing	HNRNPU	53	3599	3599	2139	928	1589	TIM3+F+I+R3	-24534.7246	49297.4491	50002.928	234.9
Sleep_timing	HTR7	53	2536	2536	1343	778	1187	TPM3u+F+R4	-20947.2485	42122.497	42788.0681	263.1
Sleep_timing	ID2	55	1806	1806	1325	223	411	TIM2+F+G4	-7221.886	14667.7721	15283.6455	82.7
Sleep_timing	ID3	53	1350	1350	656	315	522	TIM+F+G4	-7621.1165	15462.233	16035.0976	125.6
Sleep_timing	ID4	44	2413	2413	1874	215	568	TN+F+G4	-7683.7858	15549.5716	16076.3366	114.8
Sleep_timing	KCNA2	50	1563	1563	844	534	750	TIM3+I+R3	-13414.2078	27044.4156	27622.6867	122.1
Sleep_timing	KCNH7	55	6103	6103	3519	1550	2407	TVM+R4	-45686.4415	91612.8831	92418.8674	336.3
Sleep_timing	KDM5A	55	8851	8851	5326	2198	3196	GTR+I+R3	-64358.4395	128956.879	129807.4733	271.4
Sleep_timing	KLF10	51	2214	2214	1102	841	1161	TVM+F+I+R3	-22858.1024	45938.2048	46571.1885	86.5
Sleep_timing	KLF9	51	2842	2842	2071	313	560	TIM3+F+R3	-9948.4602	20106.9204	20731.908	79.8
Sleep_timing	LEP	46	1083	1083	542	343	531	TN+F+G4	-8438.2908	17062.5815	17526.4181	41.6
Sleep_timing	LGR4	55	4066	4066	1761	1570	2345	TVM+R4	-42253.1464	84746.2928	85503.5426	378.2
Sleep_timing	MAGEL2	37	4583	4583	1769	1940	2951	GTR+F+I+R3	-39693.6018	79555.2037	80095.3328	160.0
Sleep_timing	MAPK10	55	2049	2049	972	617	1071	TVM+R3	-17118.1121	34472.2243	35135.9869	198.7
Sleep_timing	MAPK8	55	1701	1701	849	452	801	TPM2u+R3	-13701.5029	27635.0059	28265.9266	137.0
Sleep_timing	MAPK9	53	1671	1671	844	463	822	TN+I+R3	-14781.7207	29789.4415	30402.0345	146.4
Sleep_timing	MC3R	45	1520	1520	788	518	738	GTR+F+I+R3	-13691.2998	27582.5997	28115.2462	57.9
Sleep_timing	METTL3	51	2424	2424	1272	795	1137	TIM2+F+R3	-20486.4104	41186.8208	41806.6904	131.7
Sleep_timing	MTA1	50	6575	6575	4289	1106	2021	GTR+F+R4	-36253.3197	72728.6395	73482.4438	323.9
Sleep_timing	MTNR1A	47	1580	1580	589	612	879	TPM3u+F+I+G4	-17291.6586	34779.3172	35305.1048	97.9
Sleep_timing	MTNR1B	42	1935	1935	1058	677	926	TN+F+I+G4	-17103.1176	34382.2353	34872.2072	116.4
Sleep_timing	MTTP	54	3693	3693	1466	1682	2193	TVM+R4	-47082.2245	94400.4489	95133.7239	335.8
Sleep_timing	MYBBP1A	51	7625	7625	3688	3009	3994	TN+F+R4	-81464.2498	163148.4996	163911.8102	370.7
Sleep_timing	NFIL3	46	2386	2386	1235	762	1098	TVM+R3	-22307.5379	44815.0758	45392.8131	110.6
Sleep_timing	NGFR	51	3702	3702	2615	679	1101	TIM2+F+R4	-20305.7991	40833.5981	41523.6439	264.2
Sleep_timing	NKX2-1	50	2465	2465	1494	507	897	TIM3+F+R3	-13611.9168	27437.8337	28059.498	198.2
Sleep_timing	NLGN1	55	2866	2866	1323	853	1441	GTR+R3	-23639.8935	47517.787	48227.107	179.2
Sleep_timing	NOCT	54	2785	2785	1418	865	1293	TVM+F+I+G4	-25599.4431	51426.8862	52103.1345	290.6
Sleep_timing	NOS2	54	5105	5105	2306	2099	2730	TIM2+F+R4	-58960.9937	118155.9873	118920.9305	365.2
Sleep_timing	NPAS2	52	3601	3601	1301	1390	2143	TVM+F+I+R3	-35063.3641	70352.7282	71052.0814	331.2
Sleep_timing	NPS	46	434	434	174	172	273	TPM3u+G4	-4121.8767	8433.7535	8820.6927	29.8
Sleep_timing	NPSR1	52	1566	1566	564	668	1054	HKY+F+I+R3	-17374.3905	34968.781	35557.9718	87.7
Sleep_timing	NR1D1	54	3421	3421	1782	955	1572	TPM2u+F+I+R3	-26254.9736	52739.9472	53445.7813	127.4
Sleep_timing	NR1D2	52	3050	3050	1372	921	1458	TPM3u+I+R3	-24893.0407	50008.0814	50676.6229	269.5
Sleep_timing	NR1H3	55	3702	3702	2422	703	1155	TIM+F+R3	-22522.2314	45278.4628	46005.8084	111.8
Sleep_timing	NR2F6	47	2565	2565	1246	638	1258	TPM2u+F+R4	-19121.662	38447.3239	39043.9947	174.6
Sleep_timing	NR3C1	54	3215	3215	1370	1153	1763	TPM3u+I+R3	-30652.5209	61535.0418	62233.7338	189.8
Sleep_timing	NRIP1	46	4577	4577	1949	1977	2543	TVM+I+G4	-49848.0141	99892.0282	100522.0505	220.1
Sleep_timing	NTRK1	53	3567	3567	1636	1422	2049	TIM2+F+R4	-38561.396	77352.792	78063.4323	282.1
Sleep_timing	OGT	54	3504	3504	1837	1094	1566	TIM2+I+R3	-29748.4924	59728.9848	60443.7374	326.8
Sleep_timing	OPN3	43	2175	2175	1085	656	1034	TPM3u+F+G4	-15156.9026	30491.8052	30997.751	113.4
Sleep_timing	OPN4	51	2838	2838	1151	1051	1665	TIM2+F+R4	-29332.1343	58886.2685	59546.8134	300.3
Sleep_timing	OPN5	54	1870	1870	1093	548	789	HKY+I+R3	-15014.2764	30256.5528	30887.3939	96.2
Sleep_timing	PARP1	55	4432	4432	2156	1622	2296	TPM3u+I+R4	-49132.6436	98503.2872	99264.4834	306.1
Sleep_timing	PAX4	47	2083	2083	1114	710	1058	TPM2u+F+I+G4	-17570.5842	35337.1685	35890.0418	152.8
Sleep_timing	PER1	48	6328	6328	3030	2057	3037	TVM+F+I+R3	-55086.0386	110382.0773	111091.1149	274.8
Sleep_timing	PER2	53	6104	6104	2241	2862	3855	TVM+F+R4	-79863.6652	159959.3305	160738.4676	378.1
Sleep_timing	PER3	50	5414	5414	1630	2815	3870	TVM+F+I+G4	-71220.1536	142652.3072	143351.562	361.9
Sleep_timing	PHLPP1	51	6838	6838	2892	2737	3896	GTR+F+R4	-68934.2536	138094.5071	138866.3254	356.0
Sleep_timing	PML	46	4584	4584	2171	1899	2494	TVM+F+I+R3	-46431.2628	93064.5256	93713.9887	192.4
Sleep_timing	PPARA	52	3605	3605	2337	697	1031	GTR+F+R4	-25552.517	51335.034	52046.8928	171.5
Sleep_timing	PPARG	54	3862	3862	2654	626	1046	TPM3u+R3	-21662.7719	43553.5437	44267.0629	75.9
Sleep_timing	PPARGC1A	55	5578	5578	3562	1029	1638	TIM+F+I+R3	-29053.0354	58342.0707	59124.0078	173.5
Sleep_timing	PPP1CA	52	2809	2809	1426	406	979	TN+F+I+G4	-16396.9283	33009.8565	33651.4396	209.7
Sleep_timing	PPP1CB	55	2164	2164	1384	352	772	TIM2e+G4	-11378.3198	22978.6397	23609.0879	130.1
Sleep_timing	PPP1CC	51	2097	2097	1369	359	726	K3Pu+R3	-11563.5606	23343.1213	23953.1337	106.4
Sleep_timing	PRKAA1	55	9185	9185	7743	747	1126	TPM3u+I+R3	-30628.6701	61491.3401	62325.0034	118.0
Sleep_timing	PRKAA2	55	2780	2780	1787	670	976	TIM3+R4	-20807.5773	41853.1547	42558.8492	143.7
Sleep_timing	PRKCG	49	8148	8148	6366	974	1738	TIM3+F+I+R3	-32938.5141	66089.0282	66831.6142	227.0
Sleep_timing	SERPINE1	47	2554	2554	1259	710	1083	TPM3u+F+I+R3	-21255.8368	42713.6737	43304.0607	120.8
Sleep_timing	SFPQ	52	3195	3195	1311	1048	1970	TIM3+F+R3	-27558.1474	55338.2948	56011.9918	151.8
Sleep_timing	SIAH2	54	2977	2977	2309	409	733	TN+F+I+G4	-12533.2935	25290.5871	25962.4383	156.9
Sleep_timing	SIK1	52	9377	9377	7348	1487	1975	TPM3u+F+I+R4	-50911.5539	102049.1078	102856.6075	270.2
Sleep_timing	SIN3A	55	7263	7263	4572	1525	2336	GTR+F+R4	-48568.482	97378.9639	98212.7203	291.7
Sleep_timing	SIRT1	51	3393	3393	1591	1213	1825	TPM3u+R3	-29466.9712	59149.9423	59811.925	157.3
Sleep_timing	SLC6A4	54	2944	2944	1630	918	1323	TVM+F+I+R4	-27814.3202	55866.6403	56579.1557	148.0
Sleep_timing	SOX14	48	2056	2056	1325	229	383	HKY+F+I+R2	-8267.8441	16735.6882	17298.54	29.5
Sleep_timing	SPSB4	41	1134	1134	651	234	461	TN+F+R3	-7724.4539	15624.9077	16067.8563	52.1
Sleep_timing	SREBF1	51	5654	5654	2797	2141	3126	TPM2u+F+I+R4	-57087.6811	114397.3622	115134.4154	281.6
Sleep_timing	SUV39H2	52	7836	7836	6428	660	1190	TPM3u+R3	-25752.8926	51725.7851	52492.0984	98.5
Sleep_timing	TH	49	2784	2784	1468	883	1355	TPM2u+F+I+R3	-25313.7232	50837.4464	51460.269	91.8
Sleep_timing	THRAP3	54	3417	3417	1456	1277	1873	TIM2+F+I+R3	-33423.509	67079.018	67790.8542	195.0
Sleep_timing	TIMELESS	53	5665	5665	2333	2344	3402	TIM3+F+I+G4	-64280.4072	128782.8145	129520.0834	343.1
Sleep_timing	TNFRSF11A	51	3063	3063	1078	1553	2099	TIM3+F+I+G4	-39208.3216	78630.6432	79275.5482	208.8
Sleep_timing	TOP1	54	2966	2966	1449	886	1557	TN+F+R3	-25104.8697	50433.7395	51105.176	139.5
Sleep_timing	TOP2A	54	5936	5936	2860	2347	3234	TVM+R4	-62420.8732	125077.7464	125867.0237	310.3
Sleep_timing	TP53	50	2670	2670	1243	868	1406	TPM2u+F+I+G4	-25570.6465	51349.2931	51961.8358	147.9
Sleep_timing	TPH1	55	3265	3265	1999	791	1289	TIM2e+I+R4	-22253.9435	44741.8871	45454.5358	249.5
Sleep_timing	TYMS	53	1748	1748	864	503	871	TIM3+F+I+G4	-15252.7252	30727.4504	31334.2016	101.1
Sleep_timing	UBE3A	54	3534	3534	1821	1018	1359	TPM3u+R3	-27284.2642	54796.5284	55499.9296	91.9
Sleep_timing	USP2	48	3216	3216	1880	933	1452	TN+F+I+R3	-22678.246	45562.492	46188.3091	101.6
Sleep_timing	USP7	55	5090	5090	2918	1313	1888	SYM+I+R4	-41512.842	83263.684	84041.353	418.4
Sleep_frequency	AANAT	37	1338	1338	617	437	687	HKY+F+I+G4	-10171.9079	20497.8158	20898.1335	51.9
Sleep_frequency	ADCY1	41	4132	4132	1958	1534	2317	TIM3+F+I+R3	-36394.7788	72969.5577	73538.9442	224.1
Sleep_frequency	ADIPOQ	40	1895	1895	1084	504	794	TN+F+I+G4	-12550.3498	25268.6995	25734.6454	72.7
Sleep_frequency	ADORA1	39	2956	2956	2264	431	641	TPM3u+F+I+R3	-13055.8982	26281.7964	26791.0818	84.4
Sleep_frequency	ADORA2A	39	2691	2691	1621	675	957	TPM3u+F+I+R3	-18071.7743	36313.5485	36814.8503	75.7
Sleep_frequency	ADRB1	27	2256	2256	1239	602	1031	TIM3+F+I+G4	-12750.7297	25619.4595	25957.0191	58.6
Sleep_frequency	AGRP	40	1234	1234	784	287	489	TPM2u+F+I+G4	-7045.0248	14258.0496	14687.9629	43.6
Sleep_frequency	AHR	42	3977	3977	1732	1605	2265	TVM+I+G4	-40019.8209	80219.6417	80785.5872	174.9
Sleep_frequency	ARNTL	41	2811	2811	1498	728	1147	GTR+R3	-19796.7111	39775.4223	40316.0802	157.4
Sleep_frequency	ARNTL2	37	3347	3347	1517	1211	1728	TPM3u+I+G4	-26715.2461	53586.4922	54063.5262	113.7
Sleep_frequency	ATF4	39	1905	1905	1072	582	838	TN+G4	-13398.8288	26959.6577	27409.3889	51.9
Sleep_frequency	ATF5	31	2404	2404	1740	416	618	TPM2u+F+G4	-9601.4656	19332.9313	19708.9491	84.1
Sleep_frequency	ATG7	42	3877	3877	1987	1193	1825	TIM3+I+R3	-31074.9975	62333.995	62910.1742	128.9
Sleep_frequency	ATOH7	32	983	983	590	268	391	TN+F+G4	-6448.607	13031.2139	13358.8847	20.7
Sleep_frequency	BHLHE40	40	2498	2498	1148	642	1131	TPM2u+F+R3	-16899.6011	33971.2022	34472.0013	128.4
Sleep_frequency	BHLHE41	37	3981	3981	2564	732	1501	HKY+F+I+R3	-17783.1862	35726.3724	36229.5155	136.0
Sleep_frequency	BTBD9	42	3332	3332	1991	832	1242	TVM+I+R3	-20605.9536	41397.9072	41966.2607	96.8
Sleep_frequency	BTRC	40	3113	3113	2207	552	885	TIM3+I+R3	-14971.8988	30119.7975	30651.6116	76.6
Sleep_frequency	CARTPT	38	1709	1709	1036	187	324	TIM3+F+G4	-6636.9956	13433.9912	13869.4843	24.5
Sleep_frequency	CAVIN3	33	2443	2443	1696	396	748	TIM2+F+G4	-10812.5251	21765.0502	22171.1189	58.4
Sleep_frequency	CCAR2	38	4617	4617	2486	1291	1869	GTR+F+R4	-32299.1901	64772.3802	65332.4428	149.8
Sleep_frequency	CDK1	42	1520	1520	892	379	654	TPM2u+R3	-9980.7473	20141.4945	20620.8764	91.2
Sleep_frequency	CHRNB2	39	4104	4104	2989	594	1058	TPM2u+F+I+R3	-19276.4139	38722.8277	39260.0037	82.0
Sleep_frequency	CIART	32	3035	3035	1968	619	1038	HKY+F+G4	-13079.0193	26290.0386	26687.2244	64.2
Sleep_frequency	CIPC	39	1889	1889	777	768	1123	TPM2u+F+I+R3	-17287.0203	34744.0407	35215.2639	88.1
Sleep_frequency	CLDN4	36	2768	2768	2153	359	505	TPM3u+F+R3	-10025.7351	20207.4702	20669.6888	31.8
Sleep_frequency	CLOCK	42	3505	3505	1682	1057	1742	TVM+R3	-27277.3559	54738.7117	55305.6108	128.8
Sleep_frequency	CPT1A	41	3536	3536	1779	1161	1689	TIM3+F+R4	-34202.9373	68587.8746	69149.413	137.1
Sleep_frequency	CREB1	42	1353	1353	715	296	573	TPM2u+R3	-8435.5884	17051.1769	17520.0841	42.4
Sleep_frequency	CREM	42	1695	1695	890	503	864	K3Pu+F+G4	-11782.3202	23738.6403	24211.5234	146.1
Sleep_frequency	CRH	33	1034	1034	408	341	513	HKY+F+I+G4	-7588.976	15315.952	15656.8941	36.5
Sleep_frequency	CRTC1	39	3755	3755	2174	881	1542	TPM3u+F+R3	-24683.7888	49535.5776	50058.9685	151.2
Sleep_frequency	CRY1	41	3094	3094	2015	712	1117	TPM2u+I+G4	-18427.5629	37027.1257	37546.3267	100.0
Sleep_frequency	CRY2	40	4140	4140	3011	742	1108	TN+F+I+R3	-20081.413	40336.826	40887.4013	123.1
Sleep_frequency	CSNK1D	41	2068	2068	1058	532	972	TIM2+F+I+R3	-16103.7267	32387.4534	32894.5437	80.9
Sleep_frequency	CSNK1E	41	2582	2582	1686	571	940	TN+F+I+R3	-15196.7025	30571.405	31092.6175	99.2
Sleep_frequency	DBP	34	3013	3013	1840	492	999	GTR+F+R3	-13951.3036	28056.6071	28519.4304	78.8
Sleep_frequency	DRD2	41	2469	2469	1555	520	860	TIM3+F+I+R3	-14681.8173	29543.6346	30066.6757	92.5
Sleep_frequency	DRD3	40	1706	1706	710	682	979	TVM+F+I+G4	-15624.1691	31420.3382	31888.3422	89.3
Sleep_frequency	DRD4	32	2336	2336	1380	739	1029	TIM2+F+I+G4	-15607.7555	31353.511	31750.6885	50.8
Sleep_frequency	DYRK1A	40	3554	3554	2216	606	1034	TIM3e+I+R3	-18600.7116	37371.4231	37896.3686	135.2
Sleep_frequency	EGR1	38	2607	2607	1371	783	1049	TIM2+F+I+R3	-17118.6206	34405.2411	34897.9814	72.6
Sleep_frequency	EGR3	38	1947	1947	1255	391	656	TPM2u+F+G4	-9558.6096	19275.2192	19715.5688	50.6
Sleep_frequency	EP300	41	11915	11915	6769	2934	4327	TVM+F+I+R3	-78847.7264	157877.4527	158549.5381	258.6
Sleep_frequency	EZH2	40	7846	7846	6227	882	1325	GTR+I+R3	-30163.8923	60507.7846	61134.8829	114.6
Sleep_frequency	F7	38	2587	2587	1293	920	1240	GTR+F+I+G4	-25019.7752	50205.5504	50691.7855	70.5
Sleep_frequency	FBXL3	38	2303	2303	1421	498	681	HKY+R3	-12855.9899	25873.9797	26339.0791	49.0
Sleep_frequency	FBXW11	41	2536	2536	1706	531	874	TIM3+I+R2	-14322.6281	28821.2561	29335.0303	74.0
Sleep_frequency	FBXW7	42	4909	4909	3326	882	1413	GTR+I+R3	-24865.6502	49919.3005	50530.1901	148.7
Sleep_frequency	GFPT1	41	3183	3183	2112	783	1111	GTR+I+G4	-19483.7134	39145.4269	39685.2634	83.5
Sleep_frequency	GHRH	38	1245	1245	743	268	499	TPM3+G4	-6482.1231	13116.2461	13505.8898	54.2
Sleep_frequency	GHRL	35	1210	1210	854	235	366	TPM3u+F+G4	-5895.5028	11937.0057	12309.1871	26.0
Sleep_frequency	GNA11	37	2425	2425	1239	472	907	GTR+F+R3	-14641.5848	29449.1696	29930.0373	126.3
Sleep_frequency	GNAQ	31	1724	1724	1026	288	514	TIM+I+R2	-8017.7549	16171.5098	16542.2731	23.3
Sleep_frequency	GSK3B	42	5185	5185	4298	476	873	TPM2u+I+G4	-14266.0496	28708.0993	29284.8095	95.5
Sleep_frequency	HCRTR2	41	2536	2536	1438	619	1011	TIM3+R3	-16114.6344	32407.2688	32926.8814	106.1
Sleep_frequency	HDAC1	39	3554	3554	2614	566	1032	TIM3+I+G4	-15191.0525	30548.1051	31060.6989	83.7
Sleep_frequency	HDAC2	41	2719	2719	1689	513	875	TPM2u+R3	-15363.1874	30898.3748	31406.4645	67.4
Sleep_frequency	HDAC3	36	2163	2163	1725	382	464	TIM3+I+G4	-9445.3013	19044.6026	19481.905	42.0
Sleep_frequency	HEBP1	36	1490	1490	1078	308	444	TIM3+F+G4	-7459.0543	15066.1087	15458.792	29.6
Sleep_frequency	HNRNPD	41	2000	2000	978	360	723	GTR+F+G4	-10004.7637	20185.5275	20678.4069	62.4
Sleep_frequency	HNRNPU	40	3599	3599	2149	831	1496	TIM3+F+I+R3	-21396.1502	42968.3004	43512.8805	105.9
Sleep_frequency	HTR7	40	2536	2536	1353	699	1095	TPM3u+F+I+R3	-17829.5153	35833.0306	36340.9665	116.4
Sleep_frequency	ID2	42	1806	1806	1339	214	438	TIM2+F+G4	-6674.4359	13524.8718	14008.7723	37.8
Sleep_frequency	ID3	38	1350	1350	718	232	448	K3Pu+F+G4	-6340.6718	12839.3435	13250.7644	51.8
Sleep_frequency	ID4	33	2413	2413	1877	189	540	TN+F+G4	-7010.0118	14158.0235	14557.4387	43.3
Sleep_frequency	KCNA2	38	1563	1563	853	498	738	TIM3+I+R3	-11726.1933	23620.3865	24070.1529	46.1
Sleep_frequency	KCNH7	42	6103	6103	3539	1469	2174	TVM+I+R3	-40186.4701	80558.9402	81183.578	151.9
Sleep_frequency	KDM5A	42	8851	8851	5386	2057	3075	TVM+I+R3	-56986.8594	114159.7188	114818.9293	220.8
Sleep_frequency	KLF10	38	2214	2214	1094	807	1116	TPM3u+F+I+R3	-18687.4478	37540.8956	38014.2078	69.6
Sleep_frequency	KLF9	40	2842	2842	2073	275	571	TIM3+F+R3	-9279.3352	18724.6704	19218.7082	91.7
Sleep_frequency	LEP	34	1083	1083	568	313	488	TN+F+G4	-6909.0869	13956.1738	14300.3107	36.9
Sleep_frequency	LGR4	42	4066	4066	1805	1480	2265	TVM+R4	-34706.659	69601.3181	70194.4971	190.5
Sleep_frequency	MAGEL2	28	4583	4583	2220	1608	2352	GTR+F+G4	-30784.7824	61693.5647	62092.2315	79.1
Sleep_frequency	MAPK10	42	2049	2049	996	550	1002	TVM+R3	-14260.992	28705.9839	29223.4938	55.1
Sleep_frequency	MAPK8	42	1701	1701	855	431	724	K3Pu+R3	-12200.5015	24581.0029	25070.5104	161.3
Sleep_frequency	MAPK9	40	1671	1671	833	444	813	TIM3+R3	-13204.5302	26583.0604	27054.7028	66.0
Sleep_frequency	MC3R	34	1520	1520	897	443	617	TVM+F+I+R3	-10765.847	21685.694	22095.8318	34.8
Sleep_frequency	METTL3	38	2424	2424	1316	723	1115	TN+F+I+R3	-16855.3725	33872.7449	34341.992	69.7
Sleep_frequency	MTA1	37	6575	6575	4375	1009	1829	GTR+F+G4	-30790.3872	61740.7745	62284.0568	130.3
Sleep_frequency	MTNR1A	39	1580	1580	620	561	803	TPM3u+F+I+G4	-15178.4867	30520.9735	30960.9183	46.1
Sleep_frequency	MTNR1B	31	1935	1935	1110	638	796	TN+F+I+G4	-13315.5128	26763.0257	27130.5046	49.1
Sleep_frequency	MTTP	41	3693	3693	1511	1571	2063	TVM+I+R3	-38290.9597	76763.9194	77329.4111	117.6
Sleep_frequency	MYBBP1A	40	7625	7625	3787	2864	3821	TN+F+I+R3	-71431.4729	143036.9459	143640.6552	199.4
Sleep_frequency	NFIL3	36	2386	2386	1271	714	1065	GTR+F+R3	-19448.5636	39059.1272	39527.0945	98.6
Sleep_frequency	NGFR	39	3702	3702	2689	592	1028	TN+F+I+R3	-16780.5562	33731.1124	34259.5258	73.7
Sleep_frequency	NKX2-1	37	2465	2465	1525	446	806	TIM3+F+R3	-11790.5847	23743.1694	24213.7751	67.4
Sleep_frequency	NLGN1	42	2866	2866	1395	782	1328	GTR+R3	-19755.4729	39696.9457	40251.2883	97.3
Sleep_frequency	NOCT	42	2785	2785	1437	770	1231	TPM3u+F+I+G4	-21941.9658	44059.9316	44581.9479	132.4
Sleep_frequency	NOS2	41	5105	5105	2350	1977	2642	TIM2+F+I+G4	-50849.2282	101872.4565	102441.2604	170.0
Sleep_frequency	NPAS2	40	3601	3601	1549	1247	1925	TVM+F+R3	-29723.3321	59622.6642	60167.2932	96.7
Sleep_frequency	NPS	35	434	434	153	152	279	TPM3u+G4	-3410.9776	6967.9553	7265.2875	14.4
Sleep_frequency	NPSR1	39	1566	1566	603	599	1000	HKY+F+I+R3	-14088.6565	28345.313	28795.2405	81.3
Sleep_frequency	NR1D1	41	3421	3421	1874	847	1442	HKY+F+I+R3	-21827.1552	43830.3105	44370.4271	122.2
Sleep_frequency	NR1D2	39	3050	3050	1369	863	1369	TPM3u+I+R3	-21444.2747	43058.5495	43570.4957	104.4
Sleep_frequency	NR1H3	42	3702	3702	2625	642	983	K3Pu+F+R3	-17467.6612	35115.3224	35674.8189	56.8
Sleep_frequency	NR2F6	34	2565	2565	1425	538	1026	HKY+F+R3	-15052.8317	30251.6634	30678.6925	82.6
Sleep_frequency	NR3C1	41	3215	3215	1425	1076	1656	TPM3u+I+R3	-26218.6473	52615.2946	53156.0215	130.1
Sleep_frequency	NRIP1	34	4577	4577	2103	1790	2174	TVM+G4	-38981.6508	78109.3017	78578.604	103.2
Sleep_frequency	NTRK1	40	3567	3567	1696	1278	1980	TIM2+F+R4	-31965.5744	64109.1487	64659.1225	145.0
Sleep_frequency	OGT	41	3504	3504	1928	1048	1387	TIM2+I+R3	-24814.3842	49808.7683	50363.3178	130.0
Sleep_frequency	OPN3	35	2175	2175	1280	570	874	TPM3+G4	-12359.9714	24859.9429	25257.8778	53.5
Sleep_frequency	OPN4	38	2838	2838	1240	967	1502	TPM3u+I+R3	-23867.0691	47900.1382	48394.0591	118.8
Sleep_frequency	OPN5	41	1870	1870	1112	504	781	HKY+I+R3	-12542.6196	25261.2392	25748.2043	47.9
Sleep_frequency	PARP1	42	4432	4432	2253	1531	2121	TPM3+R4	-40881.796	81941.5919	82510.8899	159.3
Sleep_frequency	PAX4	35	2083	2083	1220	608	900	TPM2u+F+G4	-13267.766	26681.532	27093.3663	52.2
Sleep_frequency	PER1	36	6328	6328	3066	1820	2828	TVM+F+R3	-46467.8528	93095.7055	93635.9247	163.7
Sleep_frequency	PER2	40	6104	6104	2447	2658	3555	TPM3u+F+G4	-64560.1376	129286.2753	129843.7614	176.8
Sleep_frequency	PER3	38	5414	5414	1838	2608	3648	TVM+F+G4	-56708.2474	113578.4949	114112.8311	185.2
Sleep_frequency	PHLPP1	38	6838	6838	3291	2471	3645	GTR+F+I+R3	-56474.4748	113120.9496	113708.3511	161.3
Sleep_frequency	PML	34	4584	4584	2552	1441	2080	TPM2u+F+G4	-32412.5607	64967.1214	65423.6746	103.5
Sleep_frequency	PPARA	40	3605	3605	2455	634	860	GTR+F+R3	-21034.4099	42246.8198	42797.7367	85.1
Sleep_frequency	PPARG	41	3862	3862	2753	573	960	TPM3u+R3	-16717.876	33611.7519	34162.5387	62.7
Sleep_frequency	PPARGC1A	42	5578	5578	3583	944	1551	TIM+F+I+R3	-25473.8804	51131.7608	51741.4067	98.2
Sleep_frequency	PPP1CA	41	2809	2809	1629	363	718	TN+F+I+G4	-13628.9296	27429.8593	27940.7495	74.0
Sleep_frequency	PPP1CB	42	2164	2164	1349	339	737	TIM2e+G4	-10378.3949	20926.7899	21409.5655	85.3
Sleep_frequency	PPP1CC	37	2097	2097	1516	285	542	K3Pu+I+R2	-8235.7027	16629.4054	17075.6182	39.5
Sleep_frequency	PRKAA1	42	9185	9185	7747	719	1184	TVM+R3	-27912.0721	56008.1443	56663.6744	110.6
Sleep_frequency	PRKAA2	42	2780	2780	1826	625	945	TIM3e+G4	-16226.7322	32623.4643	33127.5318	91.8
Sleep_frequency	PRKCG	38	8148	8148	6436	922	1613	TIM3+F+R4	-29076.1054	58322.2109	58917.6807	122.2
Sleep_frequency	SERPINE1	36	2554	2554	1426	634	940	TPM3u+F+R3	-16844.4977	33844.9954	34300.9379	51.7
Sleep_frequency	SFPQ	39	3195	3195	1274	1038	1960	TIM3+F+R3	-25040.5392	50251.0784	50766.9725	89.4
Sleep_frequency	SIAH2	41	2977	2977	2305	396	714	TN+F+I+R3	-11081.2114	22340.4228	22874.3046	50.8
Sleep_frequency	SIK1	40	9377	9377	7272	1457	2074	TPM3u+F+I+R3	-45072.5409	90319.0818	90940.7851	125.6
Sleep_frequency	SIN3A	42	7263	7263	4615	1466	2143	TIM+F+R3	-42240.8872	84663.7745	85290.8144	114.4
Sleep_frequency	SIRT1	39	3393	3393	1633	1119	1728	TPM3u+R3	-24695.6198	49559.2397	50074.1152	108.8
Sleep_frequency	SLC6A4	41	2944	2944	1649	866	1267	TPM3u+F+I+R3	-23855.2982	47888.5963	48421.486	90.9
Sleep_frequency	SOX14	37	2056	2056	1343	202	338	HKY+F+R2	-7389.36	14932.72	15366.1159	45.0
Sleep_frequency	SPSB4	31	1134	1134	664	209	422	HKY+F+R3	-6731.4334	13596.8669	13934.1118	23.4
Sleep_frequency	SREBF1	38	5654	5654	2974	1947	2860	TPM2u+F+I+R3	-44766.8539	89699.7078	90250.8377	118.5
Sleep_frequency	SUV39H2	38	7836	7836	6526	545	1095	TPM3u+R3	-22078.0609	44320.1217	44891.3734	72.2
Sleep_frequency	TH	38	2784	2784	1480	817	1348	TPM2u+F+I+R3	-21907.6327	43981.2654	44473.5918	84.2
Sleep_frequency	THRAP3	41	3417	3417	1508	1179	1701	GTR+F+I+R3	-28387.1103	56958.2207	57522.7804	99.5
Sleep_frequency	TIMELESS	39	5665	5665	2412	2177	3199	TIM3+F+I+R3	-53022.3484	106216.6969	106787.9142	141.4
Sleep_frequency	TNFRSF11A	39	3063	3063	1113	1402	1983	TIM3+F+G4	-31774.1722	63712.3443	64206.5706	92.6
Sleep_frequency	TOP1	41	2966	2966	1604	823	1410	TN+F+R3	-20657.8607	41487.7214	42003.2888	113.5
Sleep_frequency	TOP2A	41	5936	5936	2986	2184	3013	TVM+I+R3	-51304.1634	102790.3269	103399.0069	135.4
Sleep_frequency	TP53	38	2670	2670	1226	815	1379	TPM2u+F+G4	-21959.7966	44077.5933	44542.8901	66.5
Sleep_frequency	TPH1	41	3265	3265	1994	756	1219	TIM2e+I+R3	-19071.1117	38316.2234	38846.1417	114.2
Sleep_frequency	TYMS	40	1748	1748	987	502	772	TIM3+F+I+G4	-12553.3087	25276.6173	25741.2467	45.0
Sleep_frequency	UBE3A	42	3534	3534	1813	934	1258	TN+I+R3	-23783.3699	47748.7398	48310.2267	68.1
Sleep_frequency	USP2	38	3216	3216	1915	874	1391	TN+F+I+R3	-19693.6173	39553.2346	40057.5338	85.5
Sleep_frequency	USP7	42	5090	5090	2996	1231	1816	GTR+R3	-34861.8092	69909.6184	70517.3764	126.0
