Phenotype	Gene	Criterion	P_NJ	Q_NJ	Sig_NJ	P_MP	Q_MP	Sig_MP	P_ML	Q_ML	Sig_ML	N_methods_significant	Support
NREM ratio	AANAT	BH	1.88561490542566e-07	4.46487171299404e-06	TRUE	3.92792968502853e-07	3.32245839206475e-06	TRUE	9.58861431824395e-09	1.37117184750888e-06	TRUE	3	3/3
NREM ratio	ADCY1	BH	1.33862711855723e-06	4.55770661794485e-06	TRUE	2.03105432297317e-08	1.56822725958342e-06	TRUE	2.27090495502424e-07	4.2834834578681e-06	TRUE	3	3/3
NREM ratio	ADIPOQ	BH	1.28013804358571e-06	4.46487171299404e-06	TRUE	5.84591281415718e-07	3.96244492041387e-06	TRUE	7.20768272819823e-06	1.03956938870439e-05	TRUE	3	3/3
NREM ratio	ADORA1	BH	3.19287008912658e-06	7.35763695995708e-06	TRUE	3.19287008912655e-06	9.39465509354044e-06	TRUE	3.19287008912658e-06	7.27041437252513e-06	TRUE	3	3/3
NREM ratio	ADORA2A	BH	1.05922243801762e-05	1.45727509452474e-05	TRUE	0.000125958393333992	0.000145258469731942	TRUE	1.05922243801759e-05	1.41641691430438e-05	TRUE	3	3/3
NREM ratio	ADRB1	BH	2.97786848997101e-07	4.46487171299404e-06	TRUE	2.97786848997109e-07	3.2756553389682e-06	TRUE	4.11281184158023e-07	4.2834834578681e-06	TRUE	3	3/3
NREM ratio	AGRP	BH	8.86700961211449e-07	4.46487171299404e-06	TRUE	6.75880369452286e-06	1.15060586704377e-05	TRUE	8.86700961211506e-07	4.2834834578681e-06	TRUE	3	3/3
NREM ratio	AHR	BH	1.21126300017373e-06	4.46487171299404e-06	TRUE	5.18261626929452e-06	1.09957004842309e-05	TRUE	1.2112630001737e-06	4.6461421033249e-06	TRUE	3	3/3
NREM ratio	ARNTL	BH	4.12900923799342e-06	8.32325155509131e-06	TRUE	2.9116384728235e-07	3.2756553389682e-06	TRUE	4.12900923799356e-06	8.69045382958063e-06	TRUE	3	3/3
NREM ratio	ARNTL2	BH	0.00229172848164129	0.0024275346138867	TRUE	0.00229172848164127	0.00242753461388668	TRUE	0.00229172848164128	0.00244565054384107	TRUE	3	3/3
NREM ratio	ATF4	BH	1.6167510328417e-06	5.01318415767916e-06	TRUE	1.61675103284173e-06	6.08408941306232e-06	TRUE	1.6167510328417e-06	5.03446659197937e-06	TRUE	3	3/3
NREM ratio	ATF5	BH	2.2173141547911e-06	5.58452679736612e-06	TRUE	2.21731415479118e-06	7.37385870081717e-06	TRUE	2.2173141547911e-06	5.89477828610868e-06	TRUE	3	3/3
NREM ratio	ATG7	BH	6.75880369452281e-06	1.02784015580414e-05	TRUE	4.34842293806611e-06	1.05161746837418e-05	TRUE	2.10806696860122e-07	4.2834834578681e-06	TRUE	3	3/3
NREM ratio	ATOH7	BH	7.16887789269868e-06	1.06786410276657e-05	TRUE	7.16887789269846e-06	1.19848677922365e-05	TRUE	7.16887789269867e-06	1.03956938870439e-05	TRUE	3	3/3
NREM ratio	BHLHE40	BH	3.08692001431869e-05	3.58885822802905e-05	TRUE	1.00944006014949e-05	1.51947293264608e-05	TRUE	1.34006967846623e-05	1.69584038956346e-05	TRUE	3	3/3
NREM ratio	BHLHE41	BH	3.60930787598951e-05	4.09627798624206e-05	TRUE	3.87439467291968e-05	4.81772554980447e-05	TRUE	3.60930787598953e-05	4.12904821013202e-05	TRUE	3	3/3
NREM ratio	BTBD9	BH	8.86700961211482e-07	4.46487171299404e-06	TRUE	8.86700961211492e-07	3.96244492041387e-06	TRUE	8.86700961211506e-07	4.2834834578681e-06	TRUE	3	3/3
NREM ratio	BTRC	BH	1.20816023491417e-06	4.46487171299404e-06	TRUE	8.89105600663396e-06	1.3798704075802e-05	TRUE	1.20816023491418e-06	4.6461421033249e-06	TRUE	3	3/3
NREM ratio	CARTPT	BH	8.51152252453046e-06	1.22944214243218e-05	TRUE	8.29419531367849e-06	1.34780673847275e-05	TRUE	4.81594526251739e-05	5.46571565507926e-05	TRUE	3	3/3
NREM ratio	CAVIN3	BH	1.59044140625412e-05	2.03065286691374e-05	TRUE	0.000111155923117763	0.000129230056958049	TRUE	1.5904414062541e-05	1.96063035426152e-05	TRUE	3	3/3
NREM ratio	CCAR2	BH	7.99637784533824e-06	1.16681839988099e-05	TRUE	5.86346796436639e-05	7.16646084533669e-05	TRUE	7.99637784533827e-06	1.10162648530096e-05	TRUE	3	3/3
NREM ratio	CDK1	BH	1.21126300017369e-06	4.46487171299404e-06	TRUE	1.58170690805125e-05	2.17994154975736e-05	TRUE	6.75880369452275e-06	1.0066475752721e-05	TRUE	3	3/3
NREM ratio	CHRNB2	BH	1.94811218241313e-06	5.46235376637408e-06	TRUE	2.19332483857821e-08	1.56822725958342e-06	TRUE	2.25194426746107e-05	2.66138867972672e-05	TRUE	3	3/3
NREM ratio	CIART	BH	0.0286732423771903	0.0288751666192831	TRUE	0.130996525686014	0.131919036430282	FALSE	0.0286732423771903	0.0288751666192831	TRUE	2	2/3
NREM ratio	CIPC	BH	7.28559957039573e-07	4.46487171299404e-06	TRUE	2.11513424304886e-07	3.2756553389682e-06	TRUE	7.28559957039566e-07	4.2834834578681e-06	TRUE	3	3/3
NREM ratio	CLDN4	BH	0.000164004123303441	0.000180404535633785	TRUE	0.00100225488711912	0.0010940644950995	TRUE	0.000164004123303439	0.000179027401773983	TRUE	3	3/3
NREM ratio	CLOCK	BH	1.18360144710874e-05	1.57958055267706e-05	TRUE	8.86700961211482e-07	3.96244492041387e-06	TRUE	1.18360144710878e-05	1.52316696151001e-05	TRUE	3	3/3
NREM ratio	CPT1A	BH	2.91163847282343e-07	4.46487171299404e-06	TRUE	1.38988947107089e-05	1.96816930649503e-05	TRUE	2.42245720312305e-06	6.10856385442802e-06	TRUE	3	3/3
NREM ratio	CREB1	BH	6.75880369452315e-06	1.02784015580414e-05	TRUE	6.75880369452281e-06	1.15060586704377e-05	TRUE	6.75880369452309e-06	1.0066475752721e-05	TRUE	3	3/3
NREM ratio	CREM	BH	5.87428544685971e-06	1.02441807183041e-05	TRUE	4.78007940170082e-06	1.05161746837418e-05	TRUE	5.69292950273281e-06	1.0066475752721e-05	TRUE	3	3/3
NREM ratio	CRH	BH	1.74446548110072e-05	2.20759790971154e-05	TRUE	1.74446548110071e-05	2.3249228232816e-05	TRUE	3.20705371835092e-06	7.27041437252513e-06	TRUE	3	3/3
NREM ratio	CRTC1	BH	6.40644481410873e-06	1.02784015580414e-05	TRUE	1.03860943024869e-05	1.54709529714127e-05	TRUE	4.88573088796397e-05	5.50125603920352e-05	TRUE	3	3/3
NREM ratio	CRY1	BH	3.97155249315682e-06	8.23089864523806e-06	TRUE	1.14446427104184e-05	1.6699835791733e-05	TRUE	1.32203368785412e-06	4.7262704340785e-06	TRUE	3	3/3
NREM ratio	CRY2	BH	1.72509694410482e-06	5.03446659197937e-06	TRUE	8.97398237097615e-06	1.3798704075802e-05	TRUE	1.72509694410482e-06	5.03446659197937e-06	TRUE	3	3/3
NREM ratio	CSNK1D	BH	1.32752347357751e-05	1.74161336441821e-05	TRUE	4.03480145498692e-06	1.05161746837418e-05	TRUE	6.29635388456243e-06	1.0066475752721e-05	TRUE	3	3/3
NREM ratio	CSNK1E	BH	2.94406849266556e-05	3.45083438074734e-05	TRUE	6.56620017183298e-05	7.95734427603489e-05	TRUE	6.56620017183291e-05	7.27881104319463e-05	TRUE	3	3/3
NREM ratio	DBP	BH	0.000166344632323141	0.000181582308566482	TRUE	0.000904138927552531	0.00100226253209312	TRUE	2.20660711506721e-05	2.62954014545509e-05	TRUE	3	3/3
NREM ratio	DRD2	BH	8.86700961211496e-07	4.46487171299404e-06	TRUE	6.75880369452281e-06	1.15060586704377e-05	TRUE	8.86700961211492e-07	4.2834834578681e-06	TRUE	3	3/3
NREM ratio	DRD3	BH	0.00298966149934095	0.00312059557960406	TRUE	0.00330070497512385	0.0034202957350921	TRUE	0.00298966149934095	0.00312059557960406	TRUE	3	3/3
NREM ratio	DRD4	BH	3.39583244305712e-06	7.35763695995708e-06	TRUE	4.00197849340592e-06	1.05161746837418e-05	TRUE	1.44454116374308e-06	4.91831872417287e-06	TRUE	3	3/3
NREM ratio	DYRK1A	BH	3.28923228153978e-06	7.35763695995708e-06	TRUE	3.28923228153972e-06	9.39465509354044e-06	TRUE	3.28923228153987e-06	7.27041437252513e-06	TRUE	3	3/3
NREM ratio	EGR1	BH	1.20816023491418e-06	4.46487171299404e-06	TRUE	1.98466472931435e-07	3.2756553389682e-06	TRUE	1.51455959056173e-05	1.88332192565503e-05	TRUE	3	3/3
NREM ratio	EGR3	BH	4.69316170141924e-06	8.71587173120716e-06	TRUE	2.35032314417033e-05	3.08345146437025e-05	TRUE	4.69316170141923e-06	9.37425679279359e-06	TRUE	3	3/3
NREM ratio	EP300	BH	8.94438173960715e-06	1.2663827611523e-05	TRUE	8.94438173960709e-06	1.3798704075802e-05	TRUE	1.71797672694789e-06	5.03446659197937e-06	TRUE	3	3/3
NREM ratio	EZH2	BH	1.86558793490659e-05	2.31981804079689e-05	TRUE	4.26852971101296e-07	3.39110971486029e-06	TRUE	5.20567978277181e-08	3.72206104468185e-06	TRUE	3	3/3
NREM ratio	F7	BH	4.132523499381e-06	8.32325155509131e-06	TRUE	3.07227809054307e-05	3.88792714112972e-05	TRUE	4.132523499381e-06	8.69045382958063e-06	TRUE	3	3/3
NREM ratio	FBXL3	BH	5.06419295113414e-06	9.14296285970243e-06	TRUE	5.0641929511341e-06	1.09724180607905e-05	TRUE	5.06419295113414e-06	9.87083052033588e-06	TRUE	3	3/3
NREM ratio	FBXW11	BH	2.10806696860121e-07	4.46487171299404e-06	TRUE	6.75880369452275e-06	1.15060586704377e-05	TRUE	2.1080669686012e-07	4.2834834578681e-06	TRUE	3	3/3
NREM ratio	FBXW7	BH	8.86700961211492e-07	4.46487171299404e-06	TRUE	1.59917528999488e-07	3.2756553389682e-06	TRUE	6.75880369452254e-06	1.0066475752721e-05	TRUE	3	3/3
NREM ratio	GFPT1	BH	8.86700961211506e-07	4.46487171299404e-06	TRUE	1.21126300017368e-06	5.06907745897245e-06	TRUE	8.86700961211513e-07	4.2834834578681e-06	TRUE	3	3/3
NREM ratio	GHRH	BH	0.00337062755108069	0.00349275173771404	TRUE	0.000227647873377085	0.000260429167143385	TRUE	0.00337062755108069	0.00349275173771405	TRUE	3	3/3
NREM ratio	GHRL	BH	0.0168379899164281	0.0170768266528313	TRUE	0.00119612065284992	0.00128605453652284	TRUE	0.00119915100071245	0.00129908025077182	TRUE	3	3/3
NREM ratio	GNA11	BH	3.5070896796033e-05	4.01211059346617e-05	TRUE	1.75588576863226e-05	2.3249228232816e-05	TRUE	4.99464944692157e-05	5.57995992898269e-05	TRUE	3	3/3
NREM ratio	GNAQ	BH	0.0131964156403199	0.0135761686083866	TRUE	0.00116816649352228	0.0012655137013158	TRUE	0.0710673645528442	0.0710673645528442	FALSE	2	2/3
NREM ratio	GSK3B	BH	1.18360144710869e-05	1.57958055267706e-05	TRUE	8.86700961211495e-07	3.96244492041387e-06	TRUE	1.18360144710878e-05	1.52316696151001e-05	TRUE	3	3/3
NREM ratio	HCRTR2	BH	8.76735660608427e-06	1.25373199467005e-05	TRUE	9.63243633240928e-06	1.4653599952495e-05	TRUE	1.64625082910022e-06	5.03446659197937e-06	TRUE	3	3/3
NREM ratio	HDAC1	BH	1.01690527824302e-06	4.46487171299404e-06	TRUE	0.000742347011650021	0.000829340802077758	TRUE	1.01690527824305e-06	4.6461421033249e-06	TRUE	3	3/3
NREM ratio	HDAC2	BH	6.75880369452275e-06	1.02784015580414e-05	TRUE	6.24211946339349e-06	1.15060586704377e-05	TRUE	6.75880369452275e-06	1.0066475752721e-05	TRUE	3	3/3
NREM ratio	HDAC3	BH	3.77071445790166e-07	4.46487171299404e-06	TRUE	3.7707144579016e-07	3.32245839206475e-06	TRUE	3.77071445790164e-07	4.2834834578681e-06	TRUE	3	3/3
NREM ratio	HEBP1	BH	6.99377638070156e-07	4.46487171299404e-06	TRUE	3.92197991557206e-06	1.05161746837418e-05	TRUE	6.99377638070156e-07	4.2834834578681e-06	TRUE	3	3/3
NREM ratio	HNRNPD	BH	2.48733710137181e-05	3.014315300815e-05	TRUE	1.64066665797278e-05	2.21335218952932e-05	TRUE	0.0106832301508169	0.0109121565111916	TRUE	3	3/3
NREM ratio	HNRNPU	BH	1.23463916032407e-06	4.46487171299404e-06	TRUE	7.76703708220497e-07	3.96244492041387e-06	TRUE	1.2346391603241e-06	4.6461421033249e-06	TRUE	3	3/3
NREM ratio	HTR7	BH	1.78515751027269e-05	2.23927652604381e-05	TRUE	5.30067261987074e-06	1.09957004842309e-05	TRUE	1.7851575102727e-05	2.16336884719488e-05	TRUE	3	3/3
NREM ratio	ID2	BH	8.50541188472243e-05	9.42847984120393e-05	TRUE	0.06603442833654	0.0669710868945051	FALSE	7.45704682518981e-05	8.2027515077088e-05	TRUE	2	2/3
NREM ratio	ID3	BH	1.68274712985035e-06	5.01318415767916e-06	TRUE	1.68274712985033e-06	6.17007280945123e-06	TRUE	1.68274712985036e-06	5.03446659197937e-06	TRUE	3	3/3
NREM ratio	ID4	BH	6.12544540348872e-05	6.84327103671005e-05	TRUE	2.75224940194287e-07	3.2756553389682e-06	TRUE	7.6732847668535e-06	1.08641556600005e-05	TRUE	3	3/3
NREM ratio	KCNA2	BH	3.53979234618596e-06	7.55507918663571e-06	TRUE	6.75742135896455e-06	1.15060586704377e-05	TRUE	3.53979234618601e-06	7.66955008340302e-06	TRUE	3	3/3
NREM ratio	KCNH7	BH	6.75880369452275e-06	1.02784015580414e-05	TRUE	6.75880369452281e-06	1.15060586704377e-05	TRUE	6.75880369452275e-06	1.0066475752721e-05	TRUE	3	3/3
NREM ratio	KDM5A	BH	1.18360144710878e-05	1.57958055267706e-05	TRUE	8.86700961211495e-07	3.96244492041387e-06	TRUE	1.18360144710874e-05	1.52316696151001e-05	TRUE	3	3/3
NREM ratio	KLF10	BH	1.6587748972354e-06	5.01318415767916e-06	TRUE	1.48600885941185e-05	2.08332614603819e-05	TRUE	1.65877489723545e-06	5.03446659197937e-06	TRUE	3	3/3
NREM ratio	KLF9	BH	3.30473380569328e-06	7.35763695995708e-06	TRUE	3.30473380569332e-06	9.39465509354044e-06	TRUE	3.30473380569324e-06	7.27041437252513e-06	TRUE	3	3/3
NREM ratio	LEP	BH	1.19296992789596e-05	1.57958055267706e-05	TRUE	8.73106736779977e-05	0.000102339560130768	TRUE	1.19296992789595e-05	1.52316696151001e-05	TRUE	3	3/3
NREM ratio	LGR4	BH	9.80722224547506e-07	4.46487171299404e-06	TRUE	5.30561771616736e-06	1.09957004842309e-05	TRUE	5.72585752885067e-06	1.0066475752721e-05	TRUE	3	3/3
NREM ratio	MAGEL2	BH	2.55164013671568e-05	3.06625663487683e-05	TRUE	0.547113217595042	0.547113217595042	FALSE	2.55164013671568e-05	2.96654097195401e-05	TRUE	2	2/3
NREM ratio	MAPK10	BH	8.86700961211506e-07	4.46487171299404e-06	TRUE	3.8711271781401e-07	3.32245839206475e-06	TRUE	8.86700961211506e-07	4.2834834578681e-06	TRUE	3	3/3
NREM ratio	MAPK8	BH	2.71658188758737e-05	3.23091346906889e-05	TRUE	6.75880369452281e-06	1.15060586704377e-05	TRUE	8.86700961211482e-07	4.2834834578681e-06	TRUE	3	3/3
NREM ratio	MAPK9	BH	3.15347535752277e-05	3.63666916230449e-05	TRUE	3.06466163512134e-05	3.88792714112972e-05	TRUE	1.39339336742061e-06	4.85988418393041e-06	TRUE	3	3/3
NREM ratio	MC3R	BH	6.46275002111481e-06	1.02784015580414e-05	TRUE	3.9497757108462e-07	3.32245839206475e-06	TRUE	6.46275002111481e-06	1.0066475752721e-05	TRUE	3	3/3
NREM ratio	METTL3	BH	4.35399817793989e-06	8.41380728980277e-06	TRUE	1.47656619926858e-06	5.70672882420019e-06	TRUE	4.35399817793989e-06	8.8945962777915e-06	TRUE	3	3/3
NREM ratio	MTA1	BH	9.72821162414573e-06	1.36385711985572e-05	TRUE	1.02178402819153e-07	3.07972854487403e-06	TRUE	9.72821162414573e-06	1.32488977357413e-05	TRUE	3	3/3
NREM ratio	MTNR1A	BH	2.2759332622306e-05	2.78169620939295e-05	TRUE	1.98027708671149e-06	6.74237198570815e-06	TRUE	2.27593326223065e-05	2.66769226638511e-05	TRUE	3	3/3
NREM ratio	MTNR1B	BH	0.0025578452699876	0.00268949907064873	TRUE	0.0202014770545832	0.02063436584861	TRUE	0.00255784526998749	0.00270942128598675	TRUE	3	3/3
NREM ratio	MTTP	BH	2.74421879560161e-07	4.46487171299404e-06	TRUE	2.42245720312305e-06	7.87298591014991e-06	TRUE	2.74421879560164e-07	4.2834834578681e-06	TRUE	3	3/3
NREM ratio	MYBBP1A	BH	1.2724670987147e-06	4.46487171299404e-06	TRUE	1.2724670987147e-06	5.06907745897245e-06	TRUE	1.27246709871468e-06	4.66571269528717e-06	TRUE	3	3/3
NREM ratio	NFIL3	BH	0.00031453792346731	0.000338187391397183	TRUE	0.00285995740777398	0.00300716109787999	TRUE	0.0025913546885046	0.00272473323864822	TRUE	3	3/3
NREM ratio	NGFR	BH	1.08858261001294e-06	4.46487171299404e-06	TRUE	8.8910560066339e-06	1.3798704075802e-05	TRUE	5.24603580101767e-06	9.87083052033588e-06	TRUE	3	3/3
NREM ratio	NKX2-1	BH	5.5958155975779e-07	4.46487171299404e-06	TRUE	4.25255969663346e-06	1.05161746837418e-05	TRUE	5.5958155975779e-07	4.2834834578681e-06	TRUE	3	3/3
NREM ratio	NLGN1	BH	4.9942716082157e-07	4.46487171299404e-06	TRUE	8.63233937692505e-07	3.96244492041387e-06	TRUE	4.99427160821568e-07	4.2834834578681e-06	TRUE	3	3/3
NREM ratio	NOCT	BH	4.66036923137495e-06	8.71587173120716e-06	TRUE	4.30906206779857e-06	1.05161746837418e-05	TRUE	1.10299090653637e-06	4.6461421033249e-06	TRUE	3	3/3
NREM ratio	NOS2	BH	1.21126300017367e-06	4.46487171299404e-06	TRUE	7.50802452820273e-07	3.96244492041387e-06	TRUE	6.75880369452275e-06	1.0066475752721e-05	TRUE	3	3/3
NREM ratio	NPAS2	BH	5.09177475018379e-06	9.14296285970243e-06	TRUE	4.13009872779235e-08	1.96868039358102e-06	TRUE	3.01733325740676e-07	4.2834834578681e-06	TRUE	3	3/3
NREM ratio	NPS	BH	5.99695425084617e-06	1.02784015580414e-05	TRUE	8.55586294949498e-07	3.96244492041387e-06	TRUE	5.99695425084617e-06	1.0066475752721e-05	TRUE	3	3/3
NREM ratio	NPSR1	BH	7.83546754860923e-08	4.46487171299404e-06	TRUE	4.6910479037936e-06	1.05161746837418e-05	TRUE	7.26971600492582e-06	1.03956938870439e-05	TRUE	3	3/3
NREM ratio	NR1D1	BH	2.47759932557219e-06	6.108563854428e-06	TRUE	3.35054132706687e-06	9.39465509354044e-06	TRUE	2.4775993255722e-06	6.10856385442802e-06	TRUE	3	3/3
NREM ratio	NR1D2	BH	5.01654723969594e-07	4.46487171299404e-06	TRUE	1.07682816254337e-07	3.07972854487403e-06	TRUE	5.01654723969594e-07	4.2834834578681e-06	TRUE	3	3/3
NREM ratio	NR1H3	BH	1.21126300017368e-06	4.46487171299404e-06	TRUE	6.75880369452275e-06	1.15060586704377e-05	TRUE	1.21126300017368e-06	4.6461421033249e-06	TRUE	3	3/3
NREM ratio	NR2F6	BH	4.30150568559967e-05	4.84342766173821e-05	TRUE	7.82016573765088e-05	9.31903083736729e-05	TRUE	1.74587996366271e-05	2.13385328892108e-05	TRUE	3	3/3
NREM ratio	NR3C1	BH	8.98632893259042e-07	4.46487171299404e-06	TRUE	7.20768272819815e-06	1.19848677922365e-05	TRUE	8.98632893259042e-07	4.2834834578681e-06	TRUE	3	3/3
NREM ratio	NRIP1	BH	6.15382895163548e-06	1.02784015580414e-05	TRUE	2.50436766919799e-05	3.25567796995739e-05	TRUE	6.15382895163544e-06	1.0066475752721e-05	TRUE	3	3/3
NREM ratio	NTRK1	BH	8.86700961211495e-07	4.46487171299404e-06	TRUE	6.75880369452281e-06	1.15060586704377e-05	TRUE	8.86700961211509e-07	4.2834834578681e-06	TRUE	3	3/3
NREM ratio	OGT	BH	1.51455959056174e-05	1.96892746773027e-05	TRUE	1.20816023491419e-06	5.06907745897245e-06	TRUE	1.51455959056164e-05	1.88332192565503e-05	TRUE	3	3/3
NREM ratio	OPN3	BH	0.00226800957555194	0.00242033857689498	TRUE	0.00153224095215881	0.00163515265790082	TRUE	0.00153224095215881	0.00164744703878729	TRUE	3	3/3
NREM ratio	OPN4	BH	1.56826435775063e-05	2.02037660503009e-05	TRUE	2.60267900218264e-06	8.27073549582482e-06	TRUE	2.34233092216907e-06	6.09006039763959e-06	TRUE	3	3/3
NREM ratio	OPN5	BH	6.75880369452297e-06	1.02784015580414e-05	TRUE	6.75880369452281e-06	1.15060586704377e-05	TRUE	6.75880369452297e-06	1.0066475752721e-05	TRUE	3	3/3
NREM ratio	PARP1	BH	6.7588036945226e-06	1.02784015580414e-05	TRUE	6.75880369452281e-06	1.15060586704377e-05	TRUE	6.75880369452275e-06	1.0066475752721e-05	TRUE	3	3/3
NREM ratio	PAX4	BH	2.73384985844291e-05	3.23091346906889e-05	TRUE	8.40627171314231e-05	9.93468475189546e-05	TRUE	2.73384985844291e-05	3.15274620772045e-05	TRUE	3	3/3
NREM ratio	PER1	BH	1.05983643238163e-05	1.45727509452474e-05	TRUE	7.49492283602541e-05	9.0065039121986e-05	TRUE	1.0598364323816e-05	1.41641691430438e-05	TRUE	3	3/3
NREM ratio	PER2	BH	2.91163847282353e-07	4.46487171299404e-06	TRUE	2.00106297467738e-07	3.2756553389682e-06	TRUE	2.91163847282345e-07	4.2834834578681e-06	TRUE	3	3/3
NREM ratio	PER3	BH	0.0153371592287389	0.0156658126407833	TRUE	0.0124552865093326	0.0128137120203925	TRUE	0.0153371592287389	0.0155547075865934	TRUE	3	3/3
NREM ratio	PHLPP1	BH	5.11494425717618e-06	9.14296285970243e-06	TRUE	3.32022400209364e-06	9.39465509354044e-06	TRUE	5.11494425717617e-06	9.87083052033588e-06	TRUE	3	3/3
NREM ratio	PML	BH	2.06555928296205e-05	2.54633601261702e-05	TRUE	0.000925200981011519	0.00101772107911267	TRUE	2.06555928296205e-05	2.48214266776111e-05	TRUE	3	3/3
NREM ratio	PPARA	BH	3.36319352309652e-06	7.35763695995708e-06	TRUE	8.47443888074809e-07	3.96244492041387e-06	TRUE	8.78010837019632e-07	4.2834834578681e-06	TRUE	3	3/3
NREM ratio	PPARG	BH	3.01099802752081e-06	7.05856914648322e-06	TRUE	0.000295475234838202	0.000335340941125896	TRUE	3.01099802752081e-06	7.17621196559127e-06	TRUE	3	3/3
NREM ratio	PPARGC1A	BH	6.75880369452297e-06	1.02784015580414e-05	TRUE	6.75880369452281e-06	1.15060586704377e-05	TRUE	6.75880369452309e-06	1.0066475752721e-05	TRUE	3	3/3
NREM ratio	PPP1CA	BH	0.000196745267805252	0.000213140706789023	TRUE	4.71990551804992e-06	1.05161746837418e-05	TRUE	4.71990551804992e-06	9.37425679279359e-06	TRUE	3	3/3
NREM ratio	PPP1CB	BH	2.74719240774709e-06	6.65844939504803e-06	TRUE	4.56304964395567e-06	1.05161746837418e-05	TRUE	6.75880369452271e-06	1.0066475752721e-05	TRUE	3	3/3
NREM ratio	PPP1CC	BH	2.06317372772484e-06	5.56667628423872e-06	TRUE	1.35527160593807e-05	1.95761454191055e-05	TRUE	8.01182898400697e-06	1.10162648530096e-05	TRUE	3	3/3
NREM ratio	PRKAA1	BH	2.3060067946853e-07	4.46487171299404e-06	TRUE	4.66036923137498e-06	1.05161746837418e-05	TRUE	2.30600679468527e-07	4.2834834578681e-06	TRUE	3	3/3
NREM ratio	PRKAA2	BH	1.21126300017369e-06	4.46487171299404e-06	TRUE	0.000648933847062234	0.000730689292361413	TRUE	8.86700961211506e-07	4.2834834578681e-06	TRUE	3	3/3
NREM ratio	PRKCG	BH	4.29710229601416e-06	8.41380728980277e-06	TRUE	8.3621367841966e-07	3.96244492041387e-06	TRUE	4.29710229601422e-06	8.8945962777915e-06	TRUE	3	3/3
NREM ratio	SERPINE1	BH	3.63182865688036e-06	7.63752202843959e-06	TRUE	2.72717543159048e-05	3.51338816862558e-05	TRUE	2.4604377624469e-06	6.10856385442802e-06	TRUE	3	3/3
NREM ratio	SFPQ	BH	1.80076774118885e-06	5.1501957398001e-06	TRUE	3.32149248355831e-06	9.39465509354044e-06	TRUE	3.96119650801204e-07	4.2834834578681e-06	TRUE	3	3/3
NREM ratio	SIAH2	BH	4.5190384041377e-06	8.61629989055588e-06	TRUE	1.27613138827278e-06	5.06907745897245e-06	TRUE	3.07463899455303e-06	7.20776026591939e-06	TRUE	3	3/3
NREM ratio	SIK1	BH	2.03015882111871e-06	5.56667628423872e-06	TRUE	1.62400398336594e-05	2.21173875829837e-05	TRUE	2.03015882111872e-06	5.80625422839954e-06	TRUE	3	3/3
NREM ratio	SIN3A	BH	5.18472795601841e-06	9.15328515692139e-06	TRUE	4.28367240445119e-06	1.05161746837418e-05	TRUE	5.18472795601837e-06	9.87083052033588e-06	TRUE	3	3/3
NREM ratio	SIRT1	BH	4.77043190624224e-07	4.46487171299404e-06	TRUE	4.77043190624195e-07	3.45756875595828e-06	TRUE	4.77043190624224e-07	4.2834834578681e-06	TRUE	3	3/3
NREM ratio	SLC6A4	BH	1.21126300017368e-06	4.46487171299404e-06	TRUE	6.75880369452271e-06	1.15060586704377e-05	TRUE	6.75880369452281e-06	1.0066475752721e-05	TRUE	3	3/3
NREM ratio	SOX14	BH	4.31472722211806e-06	8.41380728980277e-06	TRUE	4.31472722211805e-06	1.05161746837418e-05	TRUE	6.49615487889037e-06	1.0066475752721e-05	TRUE	3	3/3
NREM ratio	SPSB4	BH	0.505019300307875	0.505019300307875	FALSE	0.00290552003504028	0.00303276908766978	TRUE	0.00899238505362987	0.00925115872423793	TRUE	2	2/3
NREM ratio	SREBF1	BH	2.22600019195712e-06	5.58452679736612e-06	TRUE	1.13535319090117e-05	1.6699835791733e-05	TRUE	2.22600019195712e-06	5.89477828610868e-06	TRUE	3	3/3
NREM ratio	SUV39H2	BH	1.62947269109366e-06	5.01318415767916e-06	TRUE	7.84291838130613e-06	1.28912336612273e-05	TRUE	1.62947269109367e-06	5.03446659197937e-06	TRUE	3	3/3
NREM ratio	TH	BH	6.82830872737014e-06	1.02784015580414e-05	TRUE	4.83576049784375e-07	3.45756875595828e-06	TRUE	6.8283087273702e-06	1.0066475752721e-05	TRUE	3	3/3
NREM ratio	THRAP3	BH	1.21126300017369e-06	4.46487171299404e-06	TRUE	4.58055378009908e-06	1.05161746837418e-05	TRUE	1.21126300017369e-06	4.6461421033249e-06	TRUE	3	3/3
NREM ratio	TIMELESS	BH	6.31479672327835e-06	1.02784015580414e-05	TRUE	6.31479672327841e-06	1.15060586704377e-05	TRUE	6.31479672327835e-06	1.0066475752721e-05	TRUE	3	3/3
NREM ratio	TNFRSF11A	BH	1.57672363010792e-06	5.01318415767916e-06	TRUE	8.60399417727877e-06	1.3798704075802e-05	TRUE	1.06155331665369e-06	4.6461421033249e-06	TRUE	3	3/3
NREM ratio	TOP1	BH	2.1166433616392e-06	5.58452679736612e-06	TRUE	1.39010559409789e-05	1.96816930649503e-05	TRUE	2.1166433616392e-06	5.89477828610868e-06	TRUE	3	3/3
NREM ratio	TOP2A	BH	8.86700961211506e-07	4.46487171299404e-06	TRUE	8.86700961211495e-07	3.96244492041387e-06	TRUE	8.86700961211496e-07	4.2834834578681e-06	TRUE	3	3/3
NREM ratio	TP53	BH	7.77346438132799e-06	1.14598495518547e-05	TRUE	1.80847193755605e-06	6.30759724562231e-06	TRUE	5.41218261516778e-06	1.00511962853116e-05	TRUE	3	3/3
NREM ratio	TPH1	BH	9.97262963305765e-07	4.46487171299404e-06	TRUE	1.78697888948387e-06	6.30759724562231e-06	TRUE	7.78344710397475e-06	1.09120876065528e-05	TRUE	3	3/3
NREM ratio	TYMS	BH	1.59830771726571e-06	5.01318415767916e-06	TRUE	5.2103560434149e-05	6.42311132938216e-05	TRUE	1.1108953708799e-05	1.47090775959097e-05	TRUE	3	3/3
NREM ratio	UBE3A	BH	2.81197652411844e-06	6.70187738248229e-06	TRUE	2.41753641692872e-07	3.2756553389682e-06	TRUE	2.81197652411844e-06	6.81546852455826e-06	TRUE	3	3/3
NREM ratio	USP2	BH	2.16224555240287e-06	5.58452679736612e-06	TRUE	1.58541203618717e-05	2.17994154975736e-05	TRUE	2.16224555240286e-06	5.89477828610868e-06	TRUE	3	3/3
NREM ratio	USP7	BH	8.74737434953347e-07	4.46487171299404e-06	TRUE	3.35789039616415e-05	4.21209058466205e-05	TRUE	8.74737434953329e-07	4.2834834578681e-06	TRUE	3	3/3
Sleep duration	AANAT	BH	0.00319858942216384	0.0252512865423287	TRUE	8.99090244367164e-08	1.28569904944504e-05	TRUE	0.0017559502033254	0.0187963087257932	TRUE	3	3/3
Sleep duration	ADCY1	BH	0.0073494661895374	0.0252512865423287	TRUE	0.00734946618953745	0.0124023344754174	TRUE	0.0188432053786209	0.0274956976443142	TRUE	3	3/3
Sleep duration	ADIPOQ	BH	0.00440902883990208	0.0252512865423287	TRUE	6.64033738928731e-06	0.000237392061667021	TRUE	0.00173581855902756	0.0187963087257932	TRUE	3	3/3
Sleep duration	ADORA1	BH	0.0073527105468039	0.0252512865423287	TRUE	0.00276690072537351	0.00860145225496547	TRUE	0.0110553598851925	0.0234319874831396	TRUE	3	3/3
Sleep duration	ADORA2A	BH	0.0328318025926655	0.0438780165490763	TRUE	0.0364029794552603	0.0397376035274979	TRUE	0.0229917709470967	0.0312629433322041	TRUE	3	3/3
Sleep duration	ADRB1	BH	0.000964886888136529	0.021421189710993	TRUE	1.86251208931012e-05	0.000443898714618912	TRUE	0.000964886888136539	0.0187963087257932	TRUE	3	3/3
Sleep duration	AGRP	BH	0.0183409208435755	0.0334579396588253	TRUE	0.0468949029236577	0.0504208354743087	FALSE	0.0341224354143806	0.039995969379151	TRUE	2	2/3
Sleep duration	AHR	BH	0.0171299963617895	0.0331025605369716	TRUE	0.0162032708960876	0.0196568463727203	TRUE	0.0070281954873686	0.0207820697463775	TRUE	3	3/3
Sleep duration	ARNTL	BH	0.0815255715110099	0.0917965096541293	FALSE	0.00424719205349277	0.0104203039476846	TRUE	0.0312256708015013	0.0381647087573905	TRUE	2	2/3
Sleep duration	ARNTL2	BH	0.0256279606832431	0.0396661725660035	TRUE	0.00120144917459515	0.005206279756579	TRUE	0.0438402837406477	0.0489805266675051	TRUE	3	3/3
Sleep duration	ATF4	BH	0.00371130576095389	0.0252512865423287	TRUE	0.000415809766165831	0.00276771003095322	TRUE	0.000372019468747779	0.0187963087257932	TRUE	3	3/3
Sleep duration	ATF5	BH	0.0113677544059737	0.0290283728581114	TRUE	0.00216366611680911	0.00744223744296775	TRUE	0.0099589609870278	0.0232907750462521	TRUE	3	3/3
Sleep duration	ATG7	BH	0.0201221816392591	0.0355243453631365	TRUE	0.00476601401472765	0.0104203039476846	TRUE	0.0540937136034472	0.0590488629411675	FALSE	2	2/3
Sleep duration	ATOH7	BH	0.146472676249587	0.156310393311127	FALSE	0.0218334549400204	0.0253836102148204	TRUE	0.0517560954788437	0.0569317050267281	FALSE	1	1/3
Sleep duration	BHLHE40	BH	0.00791914784713766	0.0252512865423287	TRUE	0.000671282991842951	0.00361130688245347	TRUE	0.00981437220531542	0.0232907750462521	TRUE	3	3/3
Sleep duration	BHLHE41	BH	0.00382989123951644	0.0252512865423287	TRUE	9.9915160153669e-05	0.00109906676169036	TRUE	0.00116621064141936	0.0187963087257932	TRUE	3	3/3
Sleep duration	BTBD9	BH	0.012622967949662	0.0300847402800279	TRUE	0.0202019862293308	0.0236793773015927	TRUE	0.0131634031523456	0.0244923187403189	TRUE	3	3/3
Sleep duration	BTRC	BH	0.00586145964567556	0.0252512865423287	TRUE	0.00659003869426361	0.0119288042187303	TRUE	0.00788343714046507	0.0207820697463775	TRUE	3	3/3
Sleep duration	CARTPT	BH	0.0296845941416044	0.0412125918664993	TRUE	0.056816068555114	0.0601829466917133	FALSE	0.0170470703009758	0.0265050094786833	TRUE	2	2/3
Sleep duration	CAVIN3	BH	0.011994802854237	0.0294626963754537	TRUE	0.0112642288188696	0.0157920070695916	TRUE	0.0134777521578584	0.0244923187403189	TRUE	3	3/3
Sleep duration	CCAR2	BH	0.0111368060465714	0.0289556957210856	TRUE	0.0037515577586287	0.0101221275374322	TRUE	0.0111368060465714	0.0234319874831396	TRUE	3	3/3
Sleep duration	CDK1	BH	0.00662326052735215	0.0252512865423287	TRUE	0.00104500700583131	0.00466987505730866	TRUE	0.00248570565166967	0.0187963087257932	TRUE	3	3/3
Sleep duration	CHRNB2	BH	0.0238248604659005	0.0388455985808382	TRUE	0.0109039440423385	0.015750141394489	TRUE	0.0245467449742175	0.0322035278102119	TRUE	3	3/3
Sleep duration	CIART	BH	0.00634429765047937	0.0252512865423287	TRUE	0.00055770180182873	0.00332297323589618	TRUE	0.00634429765047937	0.0207820697463775	TRUE	3	3/3
Sleep duration	CIPC	BH	0.0149631075894409	0.0307632124442851	TRUE	0.00533808722080166	0.010764079848544	TRUE	0.0149631075894409	0.0245945331642534	TRUE	3	3/3
Sleep duration	CLDN4	BH	0.219818914667074	0.227783368097041	FALSE	0.297664102155304	0.297664102155304	FALSE	0.219818914667075	0.222936913456678	FALSE	0	0/3
Sleep duration	CLOCK	BH	0.0340475108515282	0.0442734233569255	TRUE	0.0234272289178108	0.0265880455178328	TRUE	0.0137551389400872	0.0244923187403189	TRUE	3	3/3
Sleep duration	CPT1A	BH	0.00763350249477241	0.0252512865423287	TRUE	1.59350835660591e-05	0.000443898714618912	TRUE	0.00637977755494929	0.0207820697463775	TRUE	3	3/3
Sleep duration	CREB1	BH	0.012155937665397	0.0294626963754537	TRUE	0.00598925504914467	0.0114195129603692	TRUE	0.0125152301054258	0.0244923187403189	TRUE	3	3/3
Sleep duration	CREM	BH	0.565763364732165	0.565763364732165	FALSE	0.114013405629559	0.116456550035906	FALSE	0.580255574553582	0.580255574553582	FALSE	0	0/3
Sleep duration	CRH	BH	0.0289853610445475	0.0410386794987158	TRUE	0.003224713072462	0.00926801517352068	TRUE	0.00111428131356109	0.0187963087257932	TRUE	3	3/3
Sleep duration	CRTC1	BH	0.0144737569659007	0.0307632124442851	TRUE	0.0129234162039873	0.0174151195343266	TRUE	0.00860429254061568	0.0215862076018955	TRUE	3	3/3
Sleep duration	CRY1	BH	0.0187177284804617	0.0334579396588253	TRUE	0.00472303633337529	0.0104203039476846	TRUE	0.0170521739303417	0.0265050094786833	TRUE	3	3/3
Sleep duration	CRY2	BH	0.00484306002611302	0.0252512865423287	TRUE	0.00384513338367955	0.0101824828493736	TRUE	0.0106790788629871	0.0234319874831396	TRUE	3	3/3
Sleep duration	CSNK1D	BH	0.0101223811763044	0.0289500101642306	TRUE	0.000241491704844338	0.00203137139957296	TRUE	0.0236374599926392	0.0315902502705365	TRUE	3	3/3
Sleep duration	CSNK1E	BH	0.00562494166820409	0.0252512865423287	TRUE	0.00323187258867178	0.00926801517352068	TRUE	0.00450829672309902	0.0207031160572224	TRUE	3	3/3
Sleep duration	DBP	BH	0.0636359002515477	0.0739832011054579	FALSE	0.0154163713595142	0.0193380798632503	TRUE	0.0297512041830303	0.0369949756362898	TRUE	2	2/3
Sleep duration	DRD2	BH	0.0151484404768422	0.0307632124442851	TRUE	0.0026722912440619	0.00849194773113003	TRUE	0.00813843290767231	0.0207820697463775	TRUE	3	3/3
Sleep duration	DRD3	BH	0.00561839512746145	0.0252512865423287	TRUE	0.00311990372214202	0.00926801517352068	TRUE	0.00165292484743812	0.0187963087257932	TRUE	3	3/3
Sleep duration	DRD4	BH	0.00579665019881731	0.0252512865423287	TRUE	7.27978334639397e-05	0.000902356507087893	TRUE	0.00107093409409241	0.0187963087257932	TRUE	3	3/3
Sleep duration	DYRK1A	BH	0.0260224599051243	0.0396661725660035	TRUE	0.0313218435675836	0.0347211134121276	TRUE	0.0429520685861986	0.0487471889510031	TRUE	3	3/3
Sleep duration	EGR1	BH	0.00368039611414133	0.0252512865423287	TRUE	0.0156919542290304	0.0193443918513047	TRUE	0.00368039611414132	0.0187963087257932	TRUE	3	3/3
Sleep duration	EGR3	BH	0.0110301256538113	0.0289556957210856	TRUE	0.0107281235203528	0.0156543026878617	TRUE	0.0110301256538113	0.0234319874831396	TRUE	3	3/3
Sleep duration	EP300	BH	0.0279501716183376	0.0403724701153765	TRUE	0.00959777971784484	0.0147746766198923	TRUE	0.00880107079739346	0.0216991917935735	TRUE	3	3/3
Sleep duration	EZH2	BH	0.0293637543149252	0.0411668320297481	TRUE	0.0531930450744704	0.0567657122809646	FALSE	0.00234138778564902	0.0187963087257932	TRUE	2	2/3
Sleep duration	F7	BH	0.027389709622313	0.0400066368464111	TRUE	0.0156161227302691	0.0193443918513047	TRUE	0.0134528882222938	0.0244923187403189	TRUE	3	3/3
Sleep duration	FBXL3	BH	0.0349152104044152	0.0445792418556373	TRUE	0.0309351713773522	0.0345603867731357	TRUE	0.0438427091848996	0.0489805266675051	TRUE	3	3/3
Sleep duration	FBXW11	BH	0.0253357035750186	0.0396661725660035	TRUE	0.0162203347690979	0.0196568463727203	TRUE	0.0175512398896661	0.026707921280664	TRUE	3	3/3
Sleep duration	FBXW7	BH	0.0128596550981258	0.030146404574295	TRUE	0.00232155421898206	0.00762490145191244	TRUE	0.0125152301054258	0.0244923187403189	TRUE	3	3/3
Sleep duration	GFPT1	BH	0.0223470015853344	0.0375955438435626	TRUE	0.00608257835409379	0.0114252911835607	TRUE	0.0151484404768423	0.0246162157748687	TRUE	3	3/3
Sleep duration	GHRH	BH	0.0284327533585387	0.0406588373027104	TRUE	0.0083850214929057	0.0134725626234328	TRUE	0.0284327533585387	0.0359812719493012	TRUE	3	3/3
Sleep duration	GHRL	BH	0.00499021457586674	0.0252512865423287	TRUE	0.00615207986807117	0.0114252911835607	TRUE	0.00499021457586673	0.0207031160572224	TRUE	3	3/3
Sleep duration	GNA11	BH	0.02296084499031	0.0381790794606317	TRUE	3.96329298663196e-05	0.000739831146233322	TRUE	0.0175562559467302	0.026707921280664	TRUE	3	3/3
Sleep duration	GNAQ	BH	0.0501502581133641	0.0607753127983989	FALSE	0.0225279065848199	0.0259797632389456	TRUE	0.0379752900566771	0.0437940845008453	TRUE	2	2/3
Sleep duration	GSK3B	BH	0.0105822182261561	0.0289556957210856	TRUE	0.000720211316481301	0.00361130688245347	TRUE	0.00697166286634282	0.0207820697463775	TRUE	3	3/3
Sleep duration	HCRTR2	BH	0.0208445036525764	0.0359128195460051	TRUE	4.38380101615888e-05	0.000739831146233322	TRUE	0.0145128587708401	0.0244923187403189	TRUE	3	3/3
Sleep duration	HDAC1	BH	0.0471721394847508	0.0581518616062014	FALSE	0.0578931119683622	0.0608729044961456	FALSE	0.00356600270741565	0.0187963087257932	TRUE	1	1/3
Sleep duration	HDAC2	BH	0.0805108328292536	0.0913734055125656	FALSE	0.0943277106880527	0.0977453813651561	FALSE	0.0333459278751044	0.0396434212886543	TRUE	1	1/3
Sleep duration	HDAC3	BH	0.0168235952023495	0.0329558097799448	TRUE	0.012659048411361	0.0174061915656214	TRUE	0.0168235952023493	0.0265050094786833	TRUE	3	3/3
Sleep duration	HEBP1	BH	0.00652705044546369	0.0252512865423287	TRUE	0.00960870577377612	0.0147746766198923	TRUE	0.0065270504454637	0.0207820697463775	TRUE	3	3/3
Sleep duration	HNRNPD	BH	0.237508448970406	0.244343224480346	FALSE	0.00539274647084556	0.010764079848544	TRUE	0.0612597768689476	0.064889985868589	FALSE	1	1/3
Sleep duration	HNRNPU	BH	0.00123531747971841	0.021421189710993	TRUE	0.000278642529061013	0.00209715166609079	TRUE	0.00296231748674924	0.0187963087257932	TRUE	3	3/3
Sleep duration	HTR7	BH	0.0583138957842823	0.0683515335832161	FALSE	0.0138013515054239	0.0176213684399609	TRUE	0.0268077483035884	0.0342277500661888	TRUE	2	2/3
Sleep duration	ID2	BH	0.0072340344010098	0.0252512865423287	TRUE	0.00541967656709909	0.010764079848544	TRUE	0.00719538445259125	0.0207820697463775	TRUE	3	3/3
Sleep duration	ID3	BH	0.00224657234779703	0.0252512865423287	TRUE	0.000680338948041139	0.00361130688245347	TRUE	0.00142399496595757	0.0187963087257932	TRUE	3	3/3
Sleep duration	ID4	BH	0.00654438131193522	0.0252512865423287	TRUE	0.00160212250620248	0.00636398662185986	TRUE	0.00317279893818403	0.0187963087257932	TRUE	3	3/3
Sleep duration	KCNA2	BH	0.0104731655881307	0.0289556957210856	TRUE	0.0185860596557926	0.0221483877564862	TRUE	0.0104731655881306	0.0234319874831396	TRUE	3	3/3
Sleep duration	KCNH7	BH	0.0147458095047408	0.0307632124442851	TRUE	0.0053185395841348	0.010764079848544	TRUE	0.0100980982718016	0.0232907750462521	TRUE	3	3/3
Sleep duration	KDM5A	BH	0.0185568452965145	0.0334579396588253	TRUE	7.43400200886378e-05	0.000902356507087893	TRUE	0.0128325480258188	0.0244923187403189	TRUE	3	3/3
Sleep duration	KLF10	BH	0.0247782737783947	0.0396661725660035	TRUE	0.00409161574938553	0.0103512867551497	TRUE	0.0247782737783948	0.0322117559119133	TRUE	3	3/3
Sleep duration	KLF9	BH	0.0432931523497218	0.0538340937913932	FALSE	0.000430194318988083	0.00276771003095322	TRUE	0.0407322832361129	0.0465977320221132	TRUE	2	2/3
Sleep duration	LEP	BH	0.0214915782978238	0.0365868535308191	TRUE	0.000353360258614081	0.00252652584909068	TRUE	0.0214915782978238	0.03011974392522	TRUE	3	3/3
Sleep duration	LGR4	BH	0.0316025802242699	0.0427809653163718	TRUE	0.00463444773755321	0.0104203039476846	TRUE	0.0223921242596087	0.0307891708569619	TRUE	3	3/3
Sleep duration	MAGEL2	BH	0.00245252093103467	0.0252512865423287	TRUE	0.00234612352366537	0.00762490145191244	TRUE	0.00224049250691457	0.0187963087257932	TRUE	3	3/3
Sleep duration	MAPK10	BH	0.0239049837420543	0.0388455985808382	TRUE	0.000445156158824643	0.00276771003095322	TRUE	0.023173930022473	0.0312629433322041	TRUE	3	3/3
Sleep duration	MAPK8	BH	0.049951926656881	0.0607753127983989	FALSE	0.0112583340416935	0.0157920070695916	TRUE	0.0335444333980921	0.0396434212886543	TRUE	2	2/3
Sleep duration	MAPK9	BH	0.0651018399642399	0.0750771218942444	FALSE	0.0143044087793101	0.0181020394286844	TRUE	0.0353895397999698	0.041143936515412	TRUE	2	2/3
Sleep duration	MC3R	BH	0.0157247240285072	0.0312310491121741	TRUE	0.0102202411116734	0.0152239008225968	TRUE	0.0288766757492115	0.0362224967731337	TRUE	3	3/3
Sleep duration	METTL3	BH	0.0266471534781109	0.0396931557017693	TRUE	0.00326564853853701	0.00926801517352068	TRUE	0.0181285310983207	0.0270039577818735	TRUE	3	3/3
Sleep duration	MTA1	BH	0.0260742672811492	0.0396661725660035	TRUE	3.47155922070582e-06	0.000165477656186977	TRUE	0.0117369233994	0.0243243484944086	TRUE	3	3/3
Sleep duration	MTNR1A	BH	0.00448350249053595	0.0252512865423287	TRUE	0.00737201699587747	0.0124023344754174	TRUE	0.00207673708675523	0.0187963087257932	TRUE	3	3/3
Sleep duration	MTNR1B	BH	0.00812279147515467	0.0252512865423287	TRUE	0.00812279147515465	0.013240246910298	TRUE	0.00812279147515467	0.0207820697463775	TRUE	3	3/3
Sleep duration	MTTP	BH	0.0186848348307496	0.0334579396588253	TRUE	0.00532640609000581	0.010764079848544	TRUE	0.0146460120545872	0.0244923187403189	TRUE	3	3/3
Sleep duration	MYBBP1A	BH	0.0138547326506148	0.0307632124442851	TRUE	0.00201318445303346	0.00723047469331179	TRUE	0.0244976542534013	0.0322035278102119	TRUE	3	3/3
Sleep duration	NFIL3	BH	0.0965751703249308	0.104623101185342	FALSE	0.00152635321492887	0.00623624313528081	TRUE	0.115336033042772	0.119514874819684	FALSE	1	1/3
Sleep duration	NGFR	BH	0.00803479189874953	0.0252512865423287	TRUE	0.00330537604090598	0.00926801517352068	TRUE	0.00766162416238804	0.0207820697463775	TRUE	3	3/3
Sleep duration	NKX2-1	BH	0.000781141540146213	0.021421189710993	TRUE	0.0066927113751886	0.0119632215831496	TRUE	0.00669271137518858	0.0207820697463775	TRUE	3	3/3
Sleep duration	NLGN1	BH	0.0317117645002476	0.0427809653163718	TRUE	0.0133962457956358	0.0174151195343266	TRUE	0.0214964946239972	0.03011974392522	TRUE	3	3/3
Sleep duration	NOCT	BH	0.267565868382825	0.273299422705314	FALSE	4.6562799413286e-05	0.000739831146233322	TRUE	0.194426374809746	0.198592654269955	FALSE	1	1/3
Sleep duration	NOS2	BH	0.00628456002917171	0.0252512865423287	TRUE	0.00974580466661826	0.0148260645460256	TRUE	0.00549628885798556	0.0207820697463775	TRUE	3	3/3
Sleep duration	NPAS2	BH	0.00013003386812402	0.0185948431417349	TRUE	0.0041260373779268	0.0103512867551497	TRUE	0.00488643514019568	0.0207031160572224	TRUE	3	3/3
Sleep duration	NPS	BH	0.00134818676502753	0.021421189710993	TRUE	0.0070372583126112	0.0122722919354073	TRUE	0.00134818676502754	0.0187963087257932	TRUE	3	3/3
Sleep duration	NPSR1	BH	0.0035279983670517	0.0252512865423287	TRUE	0.0110995617267931	0.0157920070695916	TRUE	0.0048927126548023	0.0207031160572224	TRUE	3	3/3
Sleep duration	NR1D1	BH	0.0204884655009531	0.0357298849589792	TRUE	0.00202251040372358	0.00723047469331179	TRUE	0.0138784196345572	0.0244923187403189	TRUE	3	3/3
Sleep duration	NR1D2	BH	0.00773259103587593	0.0252512865423287	TRUE	0.000944398512748527	0.0043564189459045	TRUE	0.0050671962377817	0.0207031160572224	TRUE	3	3/3
Sleep duration	NR1H3	BH	0.0151254969276505	0.0307632124442851	TRUE	0.00564501828052053	0.0110580495084169	TRUE	0.00807036546305622	0.0207820697463775	TRUE	3	3/3
Sleep duration	NR2F6	BH	0.00904448265090004	0.0263951228383409	TRUE	0.00073236293420385	0.00361130688245347	TRUE	0.00736820382744752	0.0207820697463775	TRUE	3	3/3
Sleep duration	NR3C1	BH	0.0132218336905466	0.0304955196410994	TRUE	0.117817910893978	0.119489086935027	FALSE	0.00586514521542375	0.0207820697463775	TRUE	2	2/3
Sleep duration	NRIP1	BH	0.0914644188713337	0.0998428389206161	FALSE	0.0100514446407069	0.0151300693012746	TRUE	0.0914644188713339	0.0954701598438011	FALSE	1	1/3
Sleep duration	NTRK1	BH	0.000911688867270943	0.021421189710993	TRUE	0.00492038496607771	0.0105017171664047	TRUE	0.00107877050684658	0.0187963087257932	TRUE	3	3/3
Sleep duration	OGT	BH	0.011747867403509	0.0294626963754537	TRUE	0.00873176373794182	0.0138736494041472	TRUE	0.0138081579168285	0.0244923187403189	TRUE	3	3/3
Sleep duration	OPN3	BH	0.00256650353835213	0.0252512865423287	TRUE	0.00185967081565782	0.00699823491155444	TRUE	0.00185967081565782	0.0187963087257932	TRUE	3	3/3
Sleep duration	OPN4	BH	0.0056818197604364	0.0252512865423287	TRUE	0.00218583197625626	0.00744223744296775	TRUE	0.0122109243768519	0.0244923187403189	TRUE	3	3/3
Sleep duration	OPN5	BH	0.00807770862303789	0.0252512865423287	TRUE	0.00480937105277752	0.0104203039476846	TRUE	0.00807770862303789	0.0207820697463775	TRUE	3	3/3
Sleep duration	PARP1	BH	0.030033894087911	0.0412966043708776	TRUE	0.00476601401472764	0.0104203039476846	TRUE	0.00334874310049306	0.0187963087257932	TRUE	3	3/3
Sleep duration	PAX4	BH	0.034824482989495	0.0445792418556373	TRUE	0.0169144663956597	0.0203257873494062	TRUE	0.0303999537843358	0.0374758050962071	TRUE	3	3/3
Sleep duration	PER1	BH	0.00530924959898955	0.0252512865423287	TRUE	0.00165727147531748	0.0064051302964973	TRUE	0.00386527559074306	0.0190598072233192	TRUE	3	3/3
Sleep duration	PER2	BH	0.0395885672571737	0.0500988063519986	FALSE	0.00479526628107851	0.0104203039476846	TRUE	0.00586304916710414	0.0207820697463775	TRUE	2	2/3
Sleep duration	PER3	BH	0.0854538282008013	0.0949366433234253	FALSE	0.00736280222545203	0.0124023344754174	TRUE	0.0031808183021703	0.0187963087257932	TRUE	2	2/3
Sleep duration	PHLPP1	BH	0.00662529537628669	0.0252512865423287	TRUE	0.00882868598445729	0.0138736494041472	TRUE	0.0147296462354366	0.0244923187403189	TRUE	3	3/3
Sleep duration	PML	BH	0.000820229793131569	0.021421189710993	TRUE	0.000176523116424256	0.00180305754633347	TRUE	0.000176523116424255	0.0187963087257932	TRUE	3	3/3
Sleep duration	PPARA	BH	0.00839350675305775	0.0255376907593034	TRUE	0.00629221907285253	0.0115357349668963	TRUE	0.00671725391508227	0.0207820697463775	TRUE	3	3/3
Sleep duration	PPARG	BH	0.117031305308148	0.125830651571919	FALSE	0.0129452393888981	0.0174151195343266	TRUE	0.0619139855334711	0.0651007347888703	FALSE	1	1/3
Sleep duration	PPARGC1A	BH	0.0516145933037037	0.0620242591800809	FALSE	0.0333405794517966	0.0366746373969762	TRUE	0.033544433398092	0.0396434212886543	TRUE	2	2/3
Sleep duration	PPP1CA	BH	0.152779881287844	0.161833503882679	FALSE	0.103659312699016	0.106642314503304	FALSE	0.0581085693252024	0.0620113836828652	FALSE	0	0/3
Sleep duration	PPP1CB	BH	0.0186131556576086	0.0334579396588253	TRUE	0.0232099117552726	0.0265521390480318	TRUE	0.00940223477555518	0.0227884673373626	TRUE	3	3/3
Sleep duration	PPP1CC	BH	0.0140767751994667	0.0307632124442851	TRUE	0.000927815900625393	0.0043564189459045	TRUE	0.0140767751994667	0.0244923187403189	TRUE	3	3/3
Sleep duration	PRKAA1	BH	0.411837319849501	0.417678983960842	FALSE	0.272948145437386	0.274870315475677	FALSE	0.0128573476201623	0.0244923187403189	TRUE	1	1/3
Sleep duration	PRKAA2	BH	0.0036970403155386	0.0252512865423287	TRUE	0.000219879916759857	0.00196517675604122	TRUE	0.0027397960706274	0.0187963087257932	TRUE	3	3/3
Sleep duration	PRKCG	BH	0.0856421467742788	0.0949366433234253	FALSE	0.000216954634919575	0.00196517675604122	TRUE	0.0488058549106517	0.0541026143583193	FALSE	1	1/3
Sleep duration	SERPINE1	BH	0.0561854508779385	0.0664009874012	FALSE	0.0390960889734115	0.0423540963878625	TRUE	0.00321623816471317	0.0187963087257932	TRUE	2	2/3
Sleep duration	SFPQ	BH	0.0265936567742938	0.0396931557017693	TRUE	0.00578068598901133	0.0111707850868732	TRUE	0.0186535544995554	0.0274956976443142	TRUE	3	3/3
Sleep duration	SIAH2	BH	0.444329205638509	0.447458284551456	FALSE	0.012501934335027	0.0173570544651346	TRUE	0.2365566765823	0.238222568670907	FALSE	1	1/3
Sleep duration	SIK1	BH	0.0420905356546339	0.0527977771808126	FALSE	0.0135539600194053	0.0174614079529276	TRUE	0.0139746492098657	0.0244923187403189	TRUE	2	2/3
Sleep duration	SIN3A	BH	0.0340564795053273	0.0442734233569255	TRUE	0.0133962457956358	0.0174151195343266	TRUE	0.0554827887236039	0.0601063544505709	FALSE	2	2/3
Sleep duration	SIRT1	BH	0.159022787606336	0.16720778402725	FALSE	0.0693389120605752	0.072375652734761	FALSE	0.120874565261415	0.124352970017139	FALSE	0	0/3
Sleep duration	SLC6A4	BH	0.0179332876632278	0.0334579396588253	TRUE	0.00476601401472764	0.0104203039476846	TRUE	0.0179332876632278	0.026994317219385	TRUE	3	3/3
Sleep duration	SOX14	BH	0.00262777958428101	0.0252512865423287	TRUE	0.00145545179800915	0.00612145903280319	TRUE	0.00170283150957246	0.0187963087257932	TRUE	3	3/3
Sleep duration	SPSB4	BH	0.21614824791486	0.225614594538868	FALSE	0.00814784425249111	0.013240246910298	TRUE	0.0201647521511938	0.0289487062852724	TRUE	2	2/3
Sleep duration	SREBF1	BH	0.000847479297612419	0.021421189710993	TRUE	0.0106897153221569	0.0156543026878617	TRUE	0.00280643943421652	0.0187963087257932	TRUE	3	3/3
Sleep duration	SUV39H2	BH	0.00134422868902439	0.021421189710993	TRUE	0.00363603119190522	0.00999908577773936	TRUE	0.00421588156143433	0.0200957021095036	TRUE	3	3/3
Sleep duration	TH	BH	0.00781509468047869	0.0252512865423287	TRUE	2.23999311838011e-06	0.000160159507964178	TRUE	0.00761712146344542	0.0207820697463775	TRUE	3	3/3
Sleep duration	THRAP3	BH	0.0144351410150751	0.0307632124442851	TRUE	0.0130836759630915	0.0174151195343266	TRUE	0.014435141015075	0.0244923187403189	TRUE	3	3/3
Sleep duration	TIMELESS	BH	0.0152740425422674	0.0307632124442851	TRUE	0.00680467258517184	0.0120131874034515	TRUE	0.0075487056510286	0.0207820697463775	TRUE	3	3/3
Sleep duration	TNFRSF11A	BH	0.0109914979131167	0.0289556957210856	TRUE	0.00795105371019576	0.0132209381460232	TRUE	0.0325080017218012	0.0393952902221829	TRUE	3	3/3
Sleep duration	TOP1	BH	0.02550898966007	0.0396661725660035	TRUE	0.00476601401472765	0.0104203039476846	TRUE	0.0216946407293543	0.03011974392522	TRUE	3	3/3
Sleep duration	TOP2A	BH	0.0335892510453853	0.0442734233569255	TRUE	0.0187990127201653	0.0222170150329226	TRUE	0.00813843290767233	0.0207820697463775	TRUE	3	3/3
Sleep duration	TP53	BH	0.0768088553421135	0.0878693305113778	FALSE	0.0304062476522238	0.0342369560178582	TRUE	0.05652727238951	0.0607774432458641	FALSE	1	1/3
Sleep duration	TPH1	BH	0.0557382375598977	0.0664009874012	FALSE	0.000265438987930272	0.00209715166609079	TRUE	0.0202438505491415	0.0289487062852724	TRUE	2	2/3
Sleep duration	TYMS	BH	0.0274171357408971	0.0400066368464111	TRUE	0.000697583712641783	0.00361130688245347	TRUE	0.011142483558416	0.0234319874831396	TRUE	3	3/3
Sleep duration	UBE3A	BH	0.00540752516243399	0.0252512865423287	TRUE	0.00405755914276345	0.0103512867551497	TRUE	0.00357343720714206	0.0187963087257932	TRUE	3	3/3
Sleep duration	USP2	BH	0.00885882827323549	0.0263919258973474	TRUE	7.5722224371012e-05	0.000902356507087893	TRUE	0.0162886009108556	0.0261715722500264	TRUE	3	3/3
Sleep duration	USP7	BH	0.088736142060577	0.0976097562666347	FALSE	0.0133962457956359	0.0174151195343266	TRUE	0.0267335634566726	0.0342277500661888	TRUE	2	2/3
Sleep timing	AANAT	raw	4.99975001249938e-05		TRUE	0.000349982500874956	0.00621218939053047	TRUE	0.00114994250287486	0.0140992950352482	TRUE	3	3/3
Sleep timing	ADCY1	raw	0.0648967551622419		FALSE	0.0023998800059997	0.0139153042347883	TRUE	0.101144942752862	0.187650485896758	FALSE	1	1/3
Sleep timing	ADIPOQ	raw	0.0712464376781161		FALSE	0.00924953752312384	0.0336778032893227	TRUE	0.072246387680616	0.144269547086026	FALSE	1	1/3
Sleep timing	ADORA1	raw	0.0404479776011199		TRUE	0.0553472326383681	0.110694465276736	FALSE	0.0804459777011149	0.155768238985311	FALSE	1	1/3
Sleep timing	ADORA2A	raw	0.748512574371281		FALSE	0.0376481175941203	0.0825743328218204	TRUE	0.213739313034348	0.346275621001559	FALSE	1	1/3
Sleep timing	ADRB1	raw	0.48157592120394		FALSE	0.501974901254937	0.579515739660172	FALSE	0.501974901254937	0.570794040943114	FALSE	0	0/3
Sleep timing	AGRP	raw	0.370131493425329		FALSE	0.617569121543923	0.67980476945145	FALSE	0.696365181740913	0.749522829202051	FALSE	0	0/3
Sleep timing	AHR	raw	1		FALSE	1	1	FALSE			FALSE	0	0/3
Sleep timing	ARNTL	raw	0.292885355732213		FALSE	0.136093195340233	0.206947099453538	FALSE	0.249837508124594	0.359460088220079	FALSE	0	0/3
Sleep timing	ARNTL2	raw	0.047847607619619		TRUE	0.0146992650367482	0.0448165091745413	TRUE	0.0375481225938703	0.122047022648868	TRUE	3	3/3
Sleep timing	ATF4	raw	0.197890105494725		FALSE	0.605369731513424	0.671582045897705	FALSE	0.180190990450477	0.298905054747263	FALSE	0	0/3
Sleep timing	ATF5	raw	0.000249987500624969		TRUE	0.000749962501874906	0.00819189809740282	TRUE	0.000299985000749963	0.0112794360281986	TRUE	3	3/3
Sleep timing	ATG7	raw	0.248887555622219		FALSE	0.00404979751012449	0.0212989350532473	TRUE	0.225938703064847	0.346275621001559	FALSE	1	1/3
Sleep timing	ATOH7	raw	0.100194990250487		FALSE	0.0686965651717414	0.131390763795144	FALSE	0.0686965651717414	0.144269547086026	FALSE	0	0/3
Sleep timing	BHLHE40	raw	0.0176491175441228		TRUE	0.00429978501074946	0.0218060525545151	TRUE	0.0138493075346233	0.0887614710173582	TRUE	3	3/3
Sleep timing	BHLHE41	raw	0.0456477176141193		TRUE	0.0063996800159992	0.0292338324260258	TRUE	0.0180990950452477	0.0991356682165892	TRUE	3	3/3
Sleep timing	BTBD9	raw	0.0416979151042448		TRUE	0.0341482925853707	0.0794927466741417	TRUE	0.225938703064847	0.346275621001559	FALSE	2	2/3
Sleep timing	BTRC	raw	0.0154492275386231		TRUE	0.0333483325833708	0.0794927466741417	TRUE	0.0675466226688666	0.144269547086026	FALSE	2	2/3
Sleep timing	CARTPT	raw	0.0702964851757412		FALSE	0.795460226988651	0.830554060532268	FALSE	0.0726463676816159	0.144269547086026	FALSE	0	0/3
Sleep timing	CAVIN3	raw	0.000999950002499875		TRUE	0.000199990000499975	0.00621218939053047	TRUE	0.000899955002249888	0.0140992950352482	TRUE	3	3/3
Sleep timing	CCAR2	raw	0.00874956252187391		TRUE	0.0743962801859907	0.13543938187706	FALSE	0.0712964351782411	0.144269547086026	FALSE	1	1/3
Sleep timing	CDK1	raw	0.0417979101044948		TRUE	0.997650117494125	1	FALSE	0.433928303584821	0.514150342903023	FALSE	1	1/3
Sleep timing	CHRNB2	raw	0.000899955002249888		TRUE	0.00129993500324984	0.0101423500253559	TRUE	0.00119994000299985	0.0140992950352482	TRUE	3	3/3
Sleep timing	CIART	raw	0.00504974751262437		TRUE	0.00104994750262487	0.00931828408579571	TRUE	0.00384980750962452	0.0417556045274659	TRUE	3	3/3
Sleep timing	CIPC	raw	0.00629968501574921		TRUE	0.00689965501724914	0.0292338324260258	TRUE	0.00894955252237388	0.0678108951695272	TRUE	3	3/3
Sleep timing	CLDN4	raw	0.056047197640118		FALSE	0.0223488825558722	0.061029640825651	TRUE	0.0223488825558722	0.0991356682165892	TRUE	2	2/3
Sleep timing	CLOCK	raw	0.0330983450827459		TRUE	0.032198390080496	0.0788305412315591	TRUE	0.032198390080496	0.122047022648868	TRUE	3	3/3
Sleep timing	CPT1A	raw	0.171241437928104		FALSE	0.112044397780111	0.178767466121076	FALSE	0.313884305784711	0.417525350147587	FALSE	0	0/3
Sleep timing	CREB1	raw	0.0674966251687416		FALSE	0.0150992450377481	0.0448165091745413	TRUE	0.225188740562972	0.346275621001559	FALSE	1	1/3
Sleep timing	CREM	raw	0.552522373881306		FALSE	0.15849207539623	0.229651782716987	FALSE	0.501574921253937	0.570794040943114	FALSE	0	0/3
Sleep timing	CRH	raw	0.0255487225638718		TRUE	0.00794960251987401	0.0313567654950586	TRUE	0.00794960251987401	0.0659349385471903	TRUE	3	3/3
Sleep timing	CRTC1	raw	0.778411079446028		FALSE	0.742612869356532	0.781118721841686	FALSE	0.516974151292435	0.583146842657867	FALSE	0	0/3
Sleep timing	CRY1	raw	0.0621968901554922		FALSE	0.0912954352282386	0.15619219039048	FALSE	0.0662466876656167	0.144269547086026	FALSE	0	0/3
Sleep timing	CRY2	raw	0.0117494125293735		TRUE	0.000349982500874956	0.00621218939053047	TRUE	0.140192990350482	0.241063556578269	FALSE	2	2/3
Sleep timing	CSNK1D	raw	0.727513624318784		FALSE	0.130493475326234	0.201413842351361	FALSE	1	1	FALSE	0	0/3
Sleep timing	CSNK1E	raw	0.023898805059747		TRUE	0.0265986700664967	0.0686729299898641	TRUE	0.0424978751062447	0.122289803877153	TRUE	3	3/3
Sleep timing	DBP	raw	0.815459227038648		FALSE	0.355832208389581	0.435587703373452	FALSE	0.942252887355632	0.984130793460327	FALSE	0	0/3
Sleep timing	DRD2	raw	0.0613469326533673		FALSE	0.000699965001749913	0.00819189809740282	TRUE	0.00104994750262487	0.0140992950352482	TRUE	2	2/3
Sleep timing	DRD3	raw	0.0348482575871206		TRUE	0.100194990250487	0.167384571947873	FALSE	0.349282535873206	0.447716705073837	FALSE	1	1/3
Sleep timing	DRD4	raw	0.0384980750962452		TRUE	0.0407479626018699	0.0876698589312959	TRUE	0.0618969051547423	0.144269547086026	FALSE	2	2/3
Sleep timing	DYRK1A	raw	0.0427478626068697		TRUE	0.0377981100944953	0.0825743328218204	TRUE	0.0457477126143693	0.129008549572521	TRUE	3	3/3
Sleep timing	EGR1	raw	0.0382480875956202		TRUE	0.000749962501874906	0.00819189809740282	TRUE	0.0415479226038698	0.122047022648868	TRUE	3	3/3
Sleep timing	EGR3	raw	0.6013199340033		FALSE	0.599670016499175	0.670497183802227	FALSE	0.730463476826159	0.774931178253118	FALSE	0	0/3
Sleep timing	EP300	raw	0.266286685665717		FALSE	0.242437878106095	0.324775270670429	FALSE	0.242437878106095	0.359460088220079	FALSE	0	0/3
Sleep timing	EZH2	raw	0.169841507924604		FALSE	0.00299985000749963	0.0163837961948056	TRUE	0.299535023248838	0.40610036805852	FALSE	1	1/3
Sleep timing	F7	raw	0.0263986800659967		TRUE	4.99975001249938e-05	0.00621218939053047	TRUE	9.99950002499875e-05	0.00704964751762412	TRUE	3	3/3
Sleep timing	FBXL3	raw	0.0255987200639968		TRUE	0.0193990300484976	0.0550932453377331	TRUE	0.0100994950252487	0.0678108951695272	TRUE	3	3/3
Sleep timing	FBXW11	raw	0.645167741612919		FALSE	0.197790110494475	0.274887226512461	FALSE	0.655317234138293	0.716276976848832	FALSE	0	0/3
Sleep timing	FBXW7	raw	0.0215989200539973		TRUE	0.00449977501124944	0.0220333810895662	TRUE	0.0175991200439978	0.0991356682165892	TRUE	3	3/3
Sleep timing	GFPT1	raw	0.0752462376881156		FALSE	0.00169991500424979	0.0109721786637941	TRUE	0.0564471776411179	0.144269547086026	FALSE	1	1/3
Sleep timing	GHRH	raw	0.0527473626318684		FALSE	0.0502474876256187	0.101930617754827	FALSE	0.064196790160492	0.144269547086026	FALSE	0	0/3
Sleep timing	GHRL	raw	0.373581320933953		FALSE	0.328433578321084	0.412721841784017	FALSE	0.328433578321084	0.428788282808082	FALSE	0	0/3
Sleep timing	GNA11	raw	0.0200489975501225		TRUE	0.00244987750612469	0.0139153042347883	TRUE	0.0223488825558722	0.0991356682165892	TRUE	3	3/3
Sleep timing	GNAQ	raw	0.948452577371132		FALSE	0.349482525873706	0.431534944991881	FALSE	0.587970601469927	0.652786258324879	FALSE	0	0/3
Sleep timing	GSK3B	raw	0.0435478226088696		TRUE	0.327633618319084	0.412721841784017	FALSE	0.03964801759912	0.122047022648868	TRUE	2	2/3
Sleep timing	HCRTR2	raw	0.820758962051897		FALSE	1	1	FALSE	0.0806459677016149	0.155768238985311	FALSE	0	0/3
Sleep timing	HDAC1	raw	1		FALSE	0.0359982000899955	0.0823784207615016	TRUE	0.0185490725463727	0.0991356682165892	TRUE	2	2/3
Sleep timing	HDAC2	raw	0.197690115494225		FALSE	0.411429428528574	0.482834535959153	FALSE	0.0221488925553722	0.0991356682165892	TRUE	1	1/3
Sleep timing	HDAC3	raw	0.0553972301384931		FALSE	0.205839708014599	0.281050370558395	FALSE	0.0549472526373681	0.144269547086026	FALSE	0	0/3
Sleep timing	HEBP1	raw	0.000999950002499875		TRUE	0.000299985000749963	0.00621218939053047	TRUE	0.0590970451477426	0.144269547086026	FALSE	2	2/3
Sleep timing	HNRNPD	raw	0.822908854557272		FALSE	0.364481775911204	0.442362497259752	FALSE	0.364481775911204	0.450806407048069	FALSE	0	0/3
Sleep timing	HNRNPU	raw	0.0341482925853707		TRUE	0.0114494275286236	0.0396541148552328	TRUE	0.0330483475826209	0.122047022648868	TRUE	3	3/3
Sleep timing	HTR7	raw	0.249637518124094		FALSE	0.0830958452077396	0.146112447464047	FALSE	0.223638818059097	0.346275621001559	FALSE	0	0/3
Sleep timing	ID2	raw	0.242437878106095		FALSE	0.0731463426828659	0.13543938187706	FALSE	0.739963001849907	0.778617785528634	FALSE	0	0/3
Sleep timing	ID3	raw	0.247937603119844		FALSE	0.109844507774611	0.17724909209085	FALSE	0.235788210589471	0.357485351538875	FALSE	0	0/3
Sleep timing	ID4	raw	0.457177141142943		FALSE	0.0431478426078696	0.091447666422649	TRUE	0.416979151042448	0.498254748279535	FALSE	1	1/3
Sleep timing	KCNA2	raw	0.00109994500274986		TRUE	0.0145992700364982	0.0448165091745413	TRUE	0.00109994500274986	0.0140992950352482	TRUE	3	3/3
Sleep timing	KCNH7	raw	0.0422978851057447		TRUE	0.0341482925853707	0.0794927466741417	TRUE	0.03964801759912	0.122047022648868	TRUE	3	3/3
Sleep timing	KDM5A	raw	0.246637668116594		FALSE	0.225938703064847	0.305555198430555	FALSE	0.225938703064847	0.346275621001559	FALSE	0	0/3
Sleep timing	KLF10	raw	0.0576471176441178		FALSE	0.106394680265987	0.17365568503184	FALSE	0.0415479226038698	0.122047022648868	TRUE	1	1/3
Sleep timing	KLF9	raw	0.500824958752062		FALSE	0.32108394580271	0.410756038774638	FALSE	0.474226288685566	0.552610799212105	FALSE	0	0/3
Sleep timing	LEP	raw	0.135543222838858		FALSE	1	1	FALSE	0.474026298685066	0.552610799212105	FALSE	0	0/3
Sleep timing	LGR4	raw	0.0462476876156192		TRUE	0.00839958002099895	0.032135235343496	TRUE	0.224138793060347	0.346275621001559	FALSE	2	2/3
Sleep timing	MAGEL2	raw	0.0100494975251237		TRUE	0.00979951002449878	0.0347882605869707	TRUE	0.00714964251787411	0.0630062246887656	TRUE	3	3/3
Sleep timing	MAPK10	raw	0.247087645617719		FALSE	0.00859957002149893	0.032135235343496	TRUE	0.03964801759912	0.122047022648868	TRUE	2	2/3
Sleep timing	MAPK8	raw	0.0112994350282486		TRUE	0.00764961751912404	0.031035591077589	TRUE	0.00614969251537423	0.0578071096445178	TRUE	3	3/3
Sleep timing	MAPK9	raw	4.99975001249938e-05		TRUE	0.000149992500374981	0.00621218939053047	TRUE	9.99950002499875e-05	0.00704964751762412	TRUE	3	3/3
Sleep timing	MC3R	raw	1		FALSE	0.388130593470327	0.463147430863751	FALSE	1	1	FALSE	0	0/3
Sleep timing	METTL3	raw	0.0303984800759962		TRUE	0.120893955302235	0.188647710471619	FALSE	0.0273986300684966	0.113623730578177	TRUE	2	2/3
Sleep timing	MTA1	raw	0.960701964901755		FALSE	0.64116794160292	0.696849127009298	FALSE	0.969251537423129	1	FALSE	0	0/3
Sleep timing	MTNR1A	raw	0.000749962501874906		TRUE	0.000349982500874956	0.00621218939053047	TRUE	0.00114994250287486	0.0140992950352482	TRUE	3	3/3
Sleep timing	MTNR1B	raw	0.0112494375281236		TRUE	0.0474476276186191	0.0978516291576726	TRUE	0.0100994950252487	0.0678108951695272	TRUE	3	3/3
Sleep timing	MTTP	raw	0.285435728213589		FALSE	0.249837508124594	0.328490056978633	FALSE	0.249837508124594	0.359460088220079	FALSE	0	0/3
Sleep timing	MYBBP1A	raw	0.0503474826258687		FALSE	0.295685215739213	0.38520459298136	FALSE	0.573021348932553	0.641238176186429	FALSE	0	0/3
Sleep timing	NFIL3	raw	0.0167491625418729		TRUE	0.000999950002499875	0.00931828408579571	TRUE	0.0173491325433728	0.0991356682165892	TRUE	3	3/3
Sleep timing	NGFR	raw	0.353032348382581		FALSE	0.527523623818809	0.599266836658167	FALSE	1	1	FALSE	0	0/3
Sleep timing	NKX2-1	raw	0.0178991050447478		TRUE	0.00659967001649917	0.0292338324260258	TRUE	0.134693265336733	0.234466054475054	FALSE	2	2/3
Sleep timing	NLGN1	raw	0.815909204539773		FALSE	0.552722363881806	0.62290933072394	FALSE	0.0681965901704915	0.144269547086026	FALSE	0	0/3
Sleep timing	NOCT	raw	0.461976901154942		FALSE	0.733513324333783	0.777305164592517	FALSE	0.35843207839608	0.448681990679227	FALSE	0	0/3
Sleep timing	NOS2	raw	0.0367981600919954		TRUE	0.147042647867607	0.215697462549553	FALSE	0.03964801759912	0.122047022648868	TRUE	2	2/3
Sleep timing	NPAS2	raw	0.291785410729464		FALSE	0.245987700614969	0.326450967171268	FALSE	0.245987700614969	0.359460088220079	FALSE	0	0/3
Sleep timing	NPS	raw	0.0213989300534973		TRUE	0.00139993000349983	0.0101423500253559	TRUE	0.0224988750562472	0.0991356682165892	TRUE	3	3/3
Sleep timing	NPSR1	raw	0.218189090545473		FALSE	0.147342632868357	0.215697462549553	FALSE	0.286135693215339	0.397752171214969	FALSE	0	0/3
Sleep timing	NR1D1	raw	0.517774111294435		FALSE	0.519674016299185	0.595110567052293	FALSE	0.495475226238688	0.570794040943114	FALSE	0	0/3
Sleep timing	NR1D2	raw	0.334133293335333		FALSE	0.712914354282286	0.766923017485489	FALSE	0.28293585320734	0.397752171214969	FALSE	0	0/3
Sleep timing	NR1H3	raw	0.152392380380981		FALSE	0.349182540872956	0.431534944991881	FALSE	0.113794310284486	0.205705099360417	FALSE	0	0/3
Sleep timing	NR2F6	raw	0.750712464376781		FALSE	0.64286785660717	0.696849127009298	FALSE	0.327783610819459	0.428788282808082	FALSE	0	0/3
Sleep timing	NR3C1	raw	0.0599470026498675		FALSE	0.136993150342483	0.206947099453538	FALSE	0.0598970051497425	0.144269547086026	FALSE	0	0/3
Sleep timing	NRIP1	raw	0.656167191640418		FALSE	0.0833458327083646	0.146112447464047	FALSE	0.730963451827409	0.774931178253118	FALSE	0	0/3
Sleep timing	NTRK1	raw	0.016049197540123		TRUE	0.0584470776461177	0.113691575695188	FALSE	0.0575471226438678	0.144269547086026	FALSE	1	1/3
Sleep timing	OGT	raw	0.0759962001899905		FALSE	0.023948802559872	0.0641647162924873	TRUE	0.246337683115844	0.359460088220079	FALSE	1	1/3
Sleep timing	OPN3	raw	0.015849207539623		TRUE	0.00224988750562472	0.0138906098173352	TRUE	0.0222488875556222	0.0991356682165892	TRUE	3	3/3
Sleep timing	OPN4	raw	0.047647617619119		TRUE	0.00699965001749913	0.0292338324260258	TRUE	0.0395480225988701	0.122047022648868	TRUE	3	3/3
Sleep timing	OPN5	raw	0.102494875256237		FALSE	0.0301984900754962	0.0752313261529906	TRUE	0.102694865256737	0.18805163637922	FALSE	1	1/3
Sleep timing	PARP1	raw	0.0353482325883706		TRUE	0.00149992500374981	0.0101423500253559	TRUE	0.000499975001249938	0.0117494125293735	TRUE	3	3/3
Sleep timing	PAX4	raw	0.272686365681716		FALSE	0.11924403779811	0.188140592970351	FALSE	0.287735613219339	0.397752171214969	FALSE	0	0/3
Sleep timing	PER1	raw	0.0462976851157442		TRUE	0.139293035348233	0.208206431783674	FALSE	0.0586970651467427	0.144269547086026	FALSE	1	1/3
Sleep timing	PER2	raw	0.0842457877106145		FALSE	0.0693965301734913	0.131390763795144	FALSE	0.0693965301734913	0.144269547086026	FALSE	0	0/3
Sleep timing	PER3	raw	0.0105994700264987		TRUE	0.015849207539623	0.0459303565433973	TRUE	0.0681465926703665	0.144269547086026	FALSE	2	2/3
Sleep timing	PHLPP1	raw	0.0700964951752412		FALSE	0.0151492425378731	0.0448165091745413	TRUE	0.0701464926753662	0.144269547086026	FALSE	1	1/3
Sleep timing	PML	raw	0.0388480575971201		TRUE	0.0135493225338733	0.0437273590865911	TRUE	0.03994800259987	0.122047022648868	TRUE	3	3/3
Sleep timing	PPARA	raw	0.59682015899205		FALSE	1	1	FALSE	1	1	FALSE	0	0/3
Sleep timing	PPARG	raw	0.372931353432328		FALSE	0.393530323483826	0.465677549455861	FALSE	0.353382330883456	0.448681990679227	FALSE	0	0/3
Sleep timing	PPARGC1A	raw	0.0229988500574971		TRUE	0.0967951602419879	0.163629913742408	FALSE	0.0217989100544973	0.0991356682165892	TRUE	2	2/3
Sleep timing	PPP1CA	raw	0.694615269236538		FALSE	0.000999950002499875	0.00931828408579571	TRUE	0.00039998000099995	0.0112794360281986	TRUE	2	2/3
Sleep timing	PPP1CB	raw	0.167041647917604		FALSE	0.0785460726963652	0.141184080036505	FALSE	0.253237338133093	0.360671360371375	FALSE	0	0/3
Sleep timing	PPP1CC	raw	0.699865006749663		FALSE	0.0129993500324984	0.0429280861538318	TRUE	0.0503474826258687	0.139195981377402	FALSE	1	1/3
Sleep timing	PRKAA1	raw	1		FALSE			FALSE			FALSE	0	0/3
Sleep timing	PRKAA2	raw	0.0577471126443678		FALSE	0.0253487325633718	0.0666577782222	TRUE	0.0359482025898705	0.122047022648868	TRUE	2	2/3
Sleep timing	PRKCG	raw	0.793810309484526		FALSE	1	1	FALSE	0.690065496725164	0.74845565414037	FALSE	0	0/3
Sleep timing	SERPINE1	raw	0.000449977501124944		TRUE	0.000699965001749913	0.00819189809740282	TRUE	0.00974951252437378	0.0678108951695272	TRUE	3	3/3
Sleep timing	SFPQ	raw	0.0547472626368682		FALSE	0.0578471076446178	0.113691575695188	FALSE	0.382180890955452	0.468587005432337	FALSE	0	0/3
Sleep timing	SIAH2	raw	0.952202389880506		FALSE	0.732263386830659	0.777305164592517	FALSE	0.291785410729464	0.399434397212178	FALSE	0	0/3
Sleep timing	SIK1	raw	0.126243687815609		FALSE	0.313884305784711	0.405196103831172	FALSE	0.313884305784711	0.417525350147587	FALSE	0	0/3
Sleep timing	SIN3A	raw	0.0250987450627469		TRUE	0.000599970001499925	0.00819189809740282	TRUE	0.174341282935853	0.292644296356611	FALSE	2	2/3
Sleep timing	SIRT1	raw	0.0626468676566172		FALSE	0.0739463026848658	0.13543938187706	FALSE	0.0521973901304935	0.141535230930761	FALSE	0	0/3
Sleep timing	SLC6A4	raw	0.0951952402379881		FALSE	0.0475476226188691	0.0978516291576726	TRUE	0.0385480725963702	0.122047022648868	TRUE	2	2/3
Sleep timing	SOX14	raw	0.154542272886356		FALSE	0.434978251087446	0.506286161101781	FALSE	0.335333233338333	0.433779687162431	FALSE	0	0/3
Sleep timing	SPSB4	raw	0.0112494375281236		TRUE	0.0295485225738713	0.0749266108123165	TRUE	0.153042347882606	0.259987603029487	FALSE	2	2/3
Sleep timing	SREBF1	raw	0.0437978101094945		TRUE	0.0209989500524974	0.0584676648520515	TRUE	0.359582020898955	0.448681990679227	FALSE	2	2/3
Sleep timing	SUV39H2	raw	0.229238538073096		FALSE	0.0854457277136143	0.147966991894308	FALSE	0.407329633518324	0.490884430137468	FALSE	0	0/3
Sleep timing	TH	raw	0.00149992500374981		TRUE	0.00114994250287486	0.00960540208283703	TRUE	0.00039998000099995	0.0112794360281986	TRUE	3	3/3
Sleep timing	THRAP3	raw	0.0591970401479926		FALSE	0.199390030498475	0.274887226512461	FALSE	0.0618469076546173	0.144269547086026	FALSE	0	0/3
Sleep timing	TIMELESS	raw	0.0933953302334883		FALSE	0.161341932903355	0.231419742144206	FALSE	0.0410479476026199	0.122047022648868	TRUE	1	1/3
Sleep timing	TNFRSF11A	raw	0.00039998000099995		TRUE	0.000249987500624969	0.00621218939053047	TRUE	0.00459977001149943	0.0463262551158156	TRUE	3	3/3
Sleep timing	TOP1	raw	0.0271486425678716		TRUE	0.0365481725913704	0.0823784207615016	TRUE	0.131943402829859	0.232550247487626	FALSE	2	2/3
Sleep timing	TOP2A	raw	0.140792960351982		FALSE	0.102694865256737	0.169565940307636	FALSE	0.0973951302434878	0.183102844857757	FALSE	0	0/3
Sleep timing	TP53	raw	0.999650017499125		FALSE	0.180740962951852	0.256641623364376	FALSE	0.99790010499475	1	FALSE	0	0/3
Sleep timing	TPH1	raw	0.0452977351132443		TRUE	0.00149992500374981	0.0101423500253559	TRUE	0.0871956402179891	0.166143044199141	FALSE	2	2/3
Sleep timing	TYMS	raw	0.493825308734563		FALSE	0.182540872956352	0.256641623364376	FALSE	0.595020248987551	0.655451993025349	FALSE	0	0/3
Sleep timing	UBE3A	raw	0.0293985300734963		TRUE	0.0118494075296235	0.0400622826001557	TRUE	0.0249487525623719	0.106599215493771	TRUE	3	3/3
Sleep timing	USP2	raw	0.0360481975901205		TRUE	0.00654967251637418	0.0292338324260258	TRUE	0.12064396780161	0.21532657544338	FALSE	2	2/3
Sleep timing	USP7	raw	0.594720263986801		FALSE	0.385680715964202	0.463147430863751	FALSE	0.385680715964202	0.468801559922004	FALSE	0	0/3
Sleep frequency	AANAT	raw	0.534373281335933		FALSE	0.100594970251487	0.822511815585691	FALSE	0.948852557372131	1	FALSE	0	0/3
Sleep frequency	ADCY1	raw	0.774461276936153		FALSE	0.726713664316784	1	FALSE	0.900804959752012	1	FALSE	0	0/3
Sleep frequency	ADIPOQ	raw	0.579021048947553		FALSE	0.913004349782511	1	FALSE	0.537123143842808	1	FALSE	0	0/3
Sleep frequency	ADORA1	raw	0.696015199240038		FALSE	1	1	FALSE	0.451477426128694	1	FALSE	0	0/3
Sleep frequency	ADORA2A	raw	0.660566971651417		FALSE	0.0313484325783711	0.544679016049198	TRUE	0.550972451377431	1	FALSE	1	1/3
Sleep frequency	ADRB1	raw	0.888105594720264		FALSE	0.192540372981351	1	FALSE	0.421528923553822	1	FALSE	0	0/3
Sleep frequency	AGRP	raw	0.652517374131293		FALSE	0.675466226688666	1	FALSE	0.675466226688666	1	FALSE	0	0/3
Sleep frequency	AHR	raw	0.822908854557272		FALSE	0.549072546372681	1	FALSE	0.706364681765912	1	FALSE	0	0/3
Sleep frequency	ARNTL	raw	1		FALSE			FALSE			FALSE	0	0/3
Sleep frequency	ARNTL2	raw	0.44192790360482		FALSE	0.636668166591671	1	FALSE	0.375531223438828	1	FALSE	0	0/3
Sleep frequency	ATF4	raw	0.268286585670716		FALSE	0.204289785510724	1	FALSE	0.747962601869907	1	FALSE	0	0/3
Sleep frequency	ATF5	raw	0.000449977501124944		TRUE	0.000949952502374881	0.0660216989150542	TRUE	0.000849957502124894	0.111344432778361	TRUE	3	3/3
Sleep frequency	ATG7	raw	0.806009699515024		FALSE	0.0144492775361232	0.502112394380281	TRUE	0.67671616419179	1	FALSE	1	1/3
Sleep frequency	ATOH7	raw	0.816009199540023		FALSE	0.812159392030399	1	FALSE	0.812159392030399	1	FALSE	0	0/3
Sleep frequency	BHLHE40	raw	1		FALSE	1	1	FALSE			FALSE	0	0/3
Sleep frequency	BHLHE41	raw	0.489625518724064		FALSE	1	1	FALSE	0.173541322933853	1	FALSE	0	0/3
Sleep frequency	BTBD9	raw	0.727213639318034		FALSE	0.67831608419579	1	FALSE	1	1	FALSE	0	0/3
Sleep frequency	BTRC	raw	0.525623718814059		FALSE	0.403829808509575	1	FALSE	1	1	FALSE	0	0/3
Sleep frequency	CARTPT	raw	0.0190490475476226		TRUE	0.000199990000499975	0.0277986100694965	TRUE	0.0393980300984951	1	TRUE	3	3/3
Sleep frequency	CAVIN3	raw	0.573371331433428		FALSE	0.551872406379681	1	FALSE	0.551872406379681	1	FALSE	0	0/3
Sleep frequency	CCAR2	raw	0.180490975451227		FALSE	0.107444627768612	0.829711292213167	FALSE	0.107444627768612	1	FALSE	0	0/3
Sleep frequency	CDK1	raw	0.588670566471676		FALSE	0.479926003699815	1	FALSE	0.479926003699815	1	FALSE	0	0/3
Sleep frequency	CHRNB2	raw	0.694115294235288		FALSE	0.592370381480926	1	FALSE	0.52342382880856	1	FALSE	0	0/3
Sleep frequency	CIART	raw	0.620618969051547		FALSE	0.68281585920704	1	FALSE	0.68281585920704	1	FALSE	0	0/3
Sleep frequency	CIPC	raw	0.51782410879456		FALSE	0.865156742162892	1	FALSE	0.487425628718564	1	FALSE	0	0/3
Sleep frequency	CLDN4	raw	0.932503374831258		FALSE	0.931603419829008	1	FALSE	0.931603419829008	1	FALSE	0	0/3
Sleep frequency	CLOCK	raw	0.737513124343783		FALSE	0.67831608419579	1	FALSE	0.503774811259437	1	FALSE	0	0/3
Sleep frequency	CPT1A	raw	0.83700814959252		FALSE	0.0859457027148643	0.796430178491075	FALSE	0.775861206939653	1	FALSE	0	0/3
Sleep frequency	CREB1	raw	1		FALSE			FALSE			FALSE	0	0/3
Sleep frequency	CREM	raw	0.813959302034898		FALSE	0.67671616419179	1	FALSE	0.67671616419179	1	FALSE	0	0/3
Sleep frequency	CRH	raw	0.584220788960552		FALSE	0.431778411079446	1	FALSE	0.692765361731913	1	FALSE	0	0/3
Sleep frequency	CRTC1	raw	0.874956252187391		FALSE	0.576421178941053	1	FALSE	0.833758312084396	1	FALSE	0	0/3
Sleep frequency	CRY1	raw	0.815909204539773		FALSE	0.431028448577571	1	FALSE	0.799210039498025	1	FALSE	0	0/3
Sleep frequency	CRY2	raw	0.578921053947303		FALSE	1	1	FALSE	1	1	FALSE	0	0/3
Sleep frequency	CSNK1D	raw	0.896955152242388		FALSE	1	1	FALSE	0.846657667116644	1	FALSE	0	0/3
Sleep frequency	CSNK1E	raw	0.607269636518174		FALSE	0.657167141642918	1	FALSE	0.858207089645518	1	FALSE	0	0/3
Sleep frequency	DBP	raw	0.825008749562522		FALSE	0.739363031848408	1	FALSE	0.739363031848408	1	FALSE	0	0/3
Sleep frequency	DRD2	raw	0.485375731213439		FALSE	0.479926003699815	1	FALSE	0.479926003699815	1	FALSE	0	0/3
Sleep frequency	DRD3	raw	0.657417129143543		FALSE	0.685115744212789	1	FALSE	0.685115744212789	1	FALSE	0	0/3
Sleep frequency	DRD4	raw	0.668316584170792		FALSE	0.153342332883356	0.964611769411529	FALSE	0.412829358532073	1	FALSE	0	0/3
Sleep frequency	DYRK1A	raw	0.83730813459327		FALSE	0.991100444977751	1	FALSE	0.72116394180291	1	FALSE	0	0/3
Sleep frequency	EGR1	raw	0.106844657767112		FALSE	0.07989600519974	0.796430178491075	FALSE	0.655317234138293	1	FALSE	0	0/3
Sleep frequency	EGR3	raw	1		FALSE	1	1	FALSE	1	1	FALSE	0	0/3
Sleep frequency	EP300	raw	0.812359382030899		FALSE	0.751662416879156	1	FALSE	0.751662416879156	1	FALSE	0	0/3
Sleep frequency	EZH2	raw	0.619469026548673		FALSE	0.76241187940603	1	FALSE	0.92320383980801	1	FALSE	0	0/3
Sleep frequency	F7	raw	0.729713514324284		FALSE	0.812109394530274	1	FALSE	0.858307084645768	1	FALSE	0	0/3
Sleep frequency	FBXL3	raw	0.375631218439078		FALSE	0.551972401379931	1	FALSE	0.345482725863707	1	FALSE	0	0/3
Sleep frequency	FBXW11	raw	0.833608319584021		FALSE	0.355232238388081	1	FALSE	0.815709214539273	1	FALSE	0	0/3
Sleep frequency	FBXW7	raw	0.810159492025399		FALSE	0.0448977551122444	0.624078796060197	TRUE	0.67671616419179	1	FALSE	1	1/3
Sleep frequency	GFPT1	raw	0.675316234188291		FALSE	0.300884955752212	1	FALSE	0.682765861706915	1	FALSE	0	0/3
Sleep frequency	GHRH	raw	0.688865556722164		FALSE	0.684615769211539	1	FALSE	0.838058097095145	1	FALSE	0	0/3
Sleep frequency	GHRL	raw	0.587370631468427		FALSE	0.637518124093795	1	FALSE	0.637518124093795	1	FALSE	0	0/3
Sleep frequency	GNA11	raw	0.932453377331133		FALSE	0.0258987050647468	0.514274286285686	TRUE	0.914104294785261	1	FALSE	1	1/3
Sleep frequency	GNAQ	raw	0.483325833708315		FALSE	0.400829958502075	1	FALSE	0.400829958502075	1	FALSE	0	0/3
Sleep frequency	GSK3B	raw	1		FALSE	1	1	FALSE			FALSE	0	0/3
Sleep frequency	HCRTR2	raw	0.792760361981901		FALSE	0.575621218939053	1	FALSE	0.68341582920854	1	FALSE	0	0/3
Sleep frequency	HDAC1	raw	0.00174991250437478		TRUE	0.00259987000649968	0.120460643634485	TRUE	0.258487075646218	1	FALSE	2	2/3
Sleep frequency	HDAC2	raw	0.48327583620819		FALSE	0.56257187140643	1	FALSE	0.383830808459577	1	FALSE	0	0/3
Sleep frequency	HDAC3	raw	0.593470326483676		FALSE	0.647017649117544	1	FALSE	0.725613719314034	1	FALSE	0	0/3
Sleep frequency	HEBP1	raw	0.139643017849108		FALSE	1	1	FALSE	0.448127593620319	1	FALSE	0	0/3
Sleep frequency	HNRNPD	raw	0.552422378881056		FALSE	0.470476476176191	1	FALSE	1	1	FALSE	0	0/3
Sleep frequency	HNRNPU	raw	0.504724763761812		FALSE	0.493375331233438	1	FALSE	0.493375331233438	1	FALSE	0	0/3
Sleep frequency	HTR7	raw	0.107344632768362		FALSE	0.616469176541173	1	FALSE	0.448977551122444	1	FALSE	0	0/3
Sleep frequency	ID2	raw	1		FALSE	0.248787560621969	1	FALSE			FALSE	0	0/3
Sleep frequency	ID3	raw	0.783260836958152		FALSE	0.143492825358732	0.964611769411529	FALSE	0.670516474176291	1	FALSE	0	0/3
Sleep frequency	ID4	raw	0.76181190940453		FALSE	1	1	FALSE	0.536473176341183	1	FALSE	0	0/3
Sleep frequency	KCNA2	raw	0.235638218089096		FALSE	0.978601069946503	1	FALSE	0.215189240537973	1	FALSE	0	0/3
Sleep frequency	KCNH7	raw	0.814559272036398		FALSE	0.706364681765912	1	FALSE	0.67671616419179	1	FALSE	0	0/3
Sleep frequency	KDM5A	raw	0.128543572821359		FALSE	0.166941652917354	0.964611769411529	FALSE	0.195340232988351	1	FALSE	0	0/3
Sleep frequency	KLF10	raw	0.493875306234688		FALSE	0.365981700914954	1	FALSE	0.514524273786311	1	FALSE	0	0/3
Sleep frequency	KLF9	raw	0.791260436978151		FALSE	0.162041897905105	0.964611769411529	FALSE	0.699915004249788	1	FALSE	0	0/3
Sleep frequency	LEP	raw	0.104794760261987		FALSE	0.0820958952052397	0.796430178491075	FALSE	0.0820958952052397	1	FALSE	0	0/3
Sleep frequency	LGR4	raw	0.75821208939553		FALSE	0.354232288385581	1	FALSE	0.688865556722164	1	FALSE	0	0/3
Sleep frequency	MAGEL2	raw	0.765461726913654		FALSE	0.217189140542973	1	FALSE	0.659967001649918	1	FALSE	0	0/3
Sleep frequency	MAPK10	raw	0.818609069546523		FALSE	1	1	FALSE	0.706364681765912	1	FALSE	0	0/3
Sleep frequency	MAPK8	raw	1		FALSE	1	1	FALSE			FALSE	0	0/3
Sleep frequency	MAPK9	raw	0.943902804859757		FALSE	0.855757212139393	1	FALSE	0.886305684715764	1	FALSE	0	0/3
Sleep frequency	MC3R	raw	0.805759712014399		FALSE	0.858507074646268	1	FALSE	0.68121593920304	1	FALSE	0	0/3
Sleep frequency	METTL3	raw	0.677966101694915		FALSE	0.351632418379081	1	FALSE	0.579221038948053	1	FALSE	0	0/3
Sleep frequency	MTA1	raw	0.791210439478026		FALSE	0.99950002499875	1	FALSE	0.731113444327784	1	FALSE	0	0/3
Sleep frequency	MTNR1A	raw	0.395230238488076		FALSE	1	1	FALSE	0.32418379081046	1	FALSE	0	0/3
Sleep frequency	MTNR1B	raw	0.710064496775161		FALSE	0.36163191840408	1	FALSE	0.274386280685966	1	FALSE	0	0/3
Sleep frequency	MTTP	raw	0.835508224588771		FALSE	0.775861206939653	1	FALSE	0.737613119344033	1	FALSE	0	0/3
Sleep frequency	MYBBP1A	raw	0.420878956052197		FALSE	0.149492525373731	0.964611769411529	FALSE	0.43992800359982	1	FALSE	0	0/3
Sleep frequency	NFIL3	raw	0.0298985050747463		TRUE	0.0228488575571221	0.514274286285686	TRUE	0.0282485875706215	1	TRUE	3	3/3
Sleep frequency	NGFR	raw	0.497025148742563		FALSE	0.480925953702315	1	FALSE	0.460826958652067	1	FALSE	0	0/3
Sleep frequency	NKX2-1	raw	0.804509774511275		FALSE	0.344882755862207	1	FALSE	0.848257587120644	1	FALSE	0	0/3
Sleep frequency	NLGN1	raw	0.879106044697765		FALSE	0.580970951452427	1	FALSE	0.815709214539273	1	FALSE	0	0/3
Sleep frequency	NOCT	raw	1		FALSE	1	1	FALSE			FALSE	0	0/3
Sleep frequency	NOS2	raw	0.48377581120944		FALSE	0.479926003699815	1	FALSE	0.479926003699815	1	FALSE	0	0/3
Sleep frequency	NPAS2	raw	0.290885455727214		FALSE	0.36263186840658	1	FALSE	0.560221988900555	1	FALSE	0	0/3
Sleep frequency	NPS	raw	0.377981100944953		FALSE	0.574371281435928	1	FALSE	0.296935153242338	1	FALSE	0	0/3
Sleep frequency	NPSR1	raw	0.714264286785661		FALSE	0.601269936503175	1	FALSE	0.747912604369781	1	FALSE	0	0/3
Sleep frequency	NR1D1	raw	1		FALSE			FALSE			FALSE	0	0/3
Sleep frequency	NR1D2	raw	1		FALSE	1	1	FALSE			FALSE	0	0/3
Sleep frequency	NR1H3	raw	0.833958302084896		FALSE	0.706364681765912	1	FALSE	0.706364681765912	1	FALSE	0	0/3
Sleep frequency	NR2F6	raw	0.348582570871456		FALSE	0.750462476876156	1	FALSE	0.916004199790011	1	FALSE	0	0/3
Sleep frequency	NR3C1	raw	0.817209139543023		FALSE	0.268486575671216	1	FALSE	0.701064946752662	1	FALSE	0	0/3
Sleep frequency	NRIP1	raw	0.338233088345583		FALSE	0.742762861856907	1	FALSE	0.329533523323834	1	FALSE	0	0/3
Sleep frequency	NTRK1	raw	0.191640417979101		FALSE	0.197890105494725	1	FALSE	0.197890105494725	1	FALSE	0	0/3
Sleep frequency	OGT	raw	0.411829408529574		FALSE	0.296435178241088	1	FALSE	0.730813459327034	1	FALSE	0	0/3
Sleep frequency	OPN3	raw	0.784260786960652		FALSE	0.625068746562672	1	FALSE	0.787410629468527	1	FALSE	0	0/3
Sleep frequency	OPN4	raw	0.537873106344683		FALSE	0.0580470976451178	0.672378881055947	FALSE	0.415679216039198	1	FALSE	0	0/3
Sleep frequency	OPN5	raw	1		FALSE	0.740312984350782	1	FALSE	1	1	FALSE	0	0/3
Sleep frequency	PARP1	raw	0.8033598320084		FALSE	0.706364681765912	1	FALSE	0.67671616419179	1	FALSE	0	0/3
Sleep frequency	PAX4	raw	0.0527473626318684		FALSE	0.0257987100644968	0.514274286285686	TRUE	0.0691465426728664	1	FALSE	1	1/3
Sleep frequency	PER1	raw	0.711814409279536		FALSE	0.268186590670466	1	FALSE	0.388530573471326	1	FALSE	0	0/3
Sleep frequency	PER2	raw	0.83800809959502		FALSE	0.827858607069647	1	FALSE	0.770261486925654	1	FALSE	0	0/3
Sleep frequency	PER3	raw	0.876706164691765		FALSE	0.0407479626018699	0.624078796060197	TRUE	1	1	FALSE	1	1/3
Sleep frequency	PHLPP1	raw	0.154942252887356		FALSE	0.594020298985051	1	FALSE	0.156842157892105	1	FALSE	0	0/3
Sleep frequency	PML	raw	0.224188790560472		FALSE	1	1	FALSE	0.274836258187091	1	FALSE	0	0/3
Sleep frequency	PPARA	raw	0.856657167141643		FALSE	0.548022598870056	1	FALSE	0.774111294435278	1	FALSE	0	0/3
Sleep frequency	PPARG	raw	0.877906104694765		FALSE	0.569221538923054	1	FALSE	0.823258837058147	1	FALSE	0	0/3
Sleep frequency	PPARGC1A	raw	0.832408379581021		FALSE	0.706364681765912	1	FALSE	0.706364681765912	1	FALSE	0	0/3
Sleep frequency	PPP1CA	raw	0.746312684365782		FALSE	0.992800359982001	1	FALSE	0.970501474926254	1	FALSE	0	0/3
Sleep frequency	PPP1CB	raw	1		FALSE	1	1	FALSE			FALSE	0	0/3
Sleep frequency	PPP1CC	raw	0.362381880905955		FALSE	0.173491325433728	0.964611769411529	FALSE	0.386930653467327	1	FALSE	0	0/3
Sleep frequency	PRKAA1	raw	0.825008749562522		FALSE	1	1	FALSE	0.712264386780661	1	FALSE	0	0/3
Sleep frequency	PRKAA2	raw	0.184040797960102		FALSE	0.253037348132593	1	FALSE	0.272886355682216	1	FALSE	0	0/3
Sleep frequency	PRKCG	raw	0.819459027048648		FALSE	0.378181090945453	1	FALSE	0.998850057497125	1	FALSE	0	0/3
Sleep frequency	SERPINE1	raw	0.744412779361032		FALSE	0.152792360381981	0.964611769411529	FALSE	0.639718014099295	1	FALSE	0	0/3
Sleep frequency	SFPQ	raw	1		FALSE	1	1	FALSE			FALSE	0	0/3
Sleep frequency	SIAH2	raw	0.947052647367632		FALSE	0.64266786660667	1	FALSE	0.44042797860107	1	FALSE	0	0/3
Sleep frequency	SIK1	raw	0.940852957352132		FALSE	0.755962201889906	1	FALSE	0.898555072246388	1	FALSE	0	0/3
Sleep frequency	SIN3A	raw	0.830408479576021		FALSE	0.711614419279036	1	FALSE	0.706364681765912	1	FALSE	0	0/3
Sleep frequency	SIRT1	raw	0.788360581970902		FALSE	0.68001599920004	1	FALSE	0.68001599920004	1	FALSE	0	0/3
Sleep frequency	SLC6A4	raw	0.666316684165792		FALSE	0.706364681765912	1	FALSE	0.67671616419179	1	FALSE	0	0/3
Sleep frequency	SOX14	raw	0.805309734513274		FALSE	0.684815759212039	1	FALSE	0.748012599370032	1	FALSE	0	0/3
Sleep frequency	SPSB4	raw	0.629818509074546		FALSE	0.341832908354582	1	FALSE	0.341832908354582	1	FALSE	0	0/3
Sleep frequency	SREBF1	raw	0.529073546322684		FALSE	1	1	FALSE	0.540972951352432	1	FALSE	0	0/3
Sleep frequency	SUV39H2	raw	1		FALSE			FALSE			FALSE	0	0/3
Sleep frequency	TH	raw	0.508074596270187		FALSE	0.495175241237938	1	FALSE	0.330533473326334	1	FALSE	0	0/3
Sleep frequency	THRAP3	raw	0.503074846257687		FALSE	0.735813209339533	1	FALSE	0.479926003699815	1	FALSE	0	0/3
Sleep frequency	TIMELESS	raw	0.631568421578921		FALSE	0.531723413829309	1	FALSE	0.531723413829309	1	FALSE	0	0/3
Sleep frequency	TNFRSF11A	raw	0.0525473726313684		FALSE	0.0977951102444878	0.822511815585691	FALSE	0.240037998100095	1	FALSE	0	0/3
Sleep frequency	TOP1	raw	0.745362731863407		FALSE	0.706364681765912	1	FALSE	0.712264386780661	1	FALSE	0	0/3
Sleep frequency	TOP2A	raw	0.647517624118794		FALSE	1	1	FALSE	1	1	FALSE	0	0/3
Sleep frequency	TP53	raw	0.797810109494525		FALSE	0.624918754062297	1	FALSE	0.723313834308285	1	FALSE	0	0/3
Sleep frequency	TPH1	raw	0.832008399580021		FALSE	0.665566721663917	1	FALSE	0.794160291985401	1	FALSE	0	0/3
Sleep frequency	TYMS	raw	0.735313234338283		FALSE	0.849207539623019	1	FALSE	1	1	FALSE	0	0/3
Sleep frequency	UBE3A	raw	0.757962101894905		FALSE	1	1	FALSE	0.503774811259437	1	FALSE	0	0/3
Sleep frequency	USP2	raw	0.366881655917204		FALSE	0.274686265686716	1	FALSE	0.338983050847458	1	FALSE	0	0/3
Sleep frequency	USP7	raw	0.825058747062647		FALSE	0.0548472576371182	0.672378881055947	FALSE	0.834658267086646	1	FALSE	0	0/3
