Gene	Cluster	K_used	N_species	N_grp1	N_grp2	P.fisher.2xK.observed	P.fisher.2xK.perm	N.extreme	N.perm.valid	N_permutations	EqualBest_n_tested	EqualBest_obs_median	EqualBest_obs_min	EqualBest_obs_max	EqualBest_frac_sig	Error	adj.P
AHR										20000						종/클러스터 부족	
PRKAA1										20000						종/클러스터 부족	
F7	13	13	48	26	22	0.000126462808921548	9.99950002499875e-05	1	20000	20000	1						0.00704964751762412
MAPK9	14	14	49	26	23	1.55383289624038e-05	9.99950002499875e-05	1	20000	20000	1						0.00704964751762412
ATF5	13	13	38	21	17	0.000504256860416644	0.000299985000749963	5	20000	20000	1						0.0112794360281986
PPP1CA	13	13	48	27	21	0.00052298707334853	0.00039998000099995	7	20000	20000	1						0.0112794360281986
TH	14	14	45	27	18	0.000387905340343598	0.00039998000099995	7	20000	20000	1						0.0112794360281986
PARP1	13	13	50	27	23	0.000448819063471855	0.000499975001249938	9	20000	20000	1						0.0117494125293735
CAVIN3	14	14	41	20	21	0.000920257266120523	0.000899955002249888	17	20000	20000	1						0.0140992950352482
DRD2	11	11	50	27	23	0.000617925900862027	0.00104994750262487	20	20000	20000	1						0.0140992950352482
KCNA2	8	8	47	25	22	0.00122478977005967	0.00109994500274986	21	20000	20000	1						0.0140992950352482
AANAT	14	14	45	25	20	0.00108656805484503	0.00114994250287486	22	20000	20000	1						0.0140992950352482
MTNR1A	14	14	44	25	19	0.000892792685147843	0.00114994250287486	22	20000	20000	1						0.0140992950352482
CHRNB2	13	13	49	27	22	0.00107345538364021	0.00119994000299985	23	20000	20000	1						0.0140992950352482
CIART	10	10	38	19	19	0.0030020486082778	0.00384980750962452	76	20000	20000	1						0.0417556045274659
TNFRSF11A	11	11	48	25	23	0.00508181211379085	0.00459977001149943	91	20000	20000	1						0.0463262551158156
MAPK8	13	13	50	27	23	0.00590774103210458	0.00614969251537423	122	20000	20000	1						0.0578071096445178
MAGEL2	8	8	33	18	15	0.00736728409988563	0.00714964251787411	142	20000	20000	1						0.0630062246887656
CRH	10	10	43	24	19	0.00877637405795936	0.00794960251987401	158	20000	20000	1						0.0659349385471903
CIPC	14	14	49	26	23	0.0101228955254018	0.00894955252237388	178	20000	20000	1						0.0678108951695272
SERPINE1	10	10	43	23	20	0.0102088896817015	0.00974951252437378	194	20000	20000	1						0.0678108951695272
FBXL3	11	11	47	25	22	0.0112297621966773	0.0100994950252487	201	20000	20000	1						0.0678108951695272
MTNR1B	6	6	40	23	17	0.0106451201103153	0.0100994950252487	201	20000	20000	1						0.0678108951695272
BHLHE40	14	14	48	27	21	0.0151309794797473	0.0138493075346233	276	20000	20000	1						0.0887614710173582
NFIL3	8	7	41	23	18	0.0163172828785454	0.0173491325433728	346	20000	20000	1						0.0991356682165892
FBXW7	10	10	50	27	23	0.0185574444334388	0.0175991200439978	351	20000	20000	1						0.0991356682165892
BHLHE41	11	11	45	25	20	0.016299562472691	0.0180990950452477	361	20000	20000	1						0.0991356682165892
HDAC1	2	2	46	23	23	0.0959160521837777	0.0185490725463727	370	20000	20000	1						0.0991356682165892
PPARGC1A	10	10	50	27	23	0.0222204497563238	0.0217989100544973	435	20000	20000	1						0.0991356682165892
HDAC2	9	9	48	25	23	0.0237943638555813	0.0221488925553722	442	20000	20000	1						0.0991356682165892
OPN3	10	10	40	22	18	0.0230658797085259	0.0222488875556222	444	20000	20000	1						0.0991356682165892
CLDN4	2	2	43	23	20	0.0923750101288388	0.0223488825558722	446	20000	20000	1						0.0991356682165892
GNA11	11	11	46	27	19	0.0228877502103501	0.0223488825558722	446	20000	20000	1						0.0991356682165892
NPS	8	8	43	23	20	0.0227595599487352	0.0224988750562472	449	20000	20000	1						0.0991356682165892
UBE3A	9	9	49	27	22	0.0251206241350187	0.0249487525623719	498	20000	20000	1						0.106599215493771
METTL3	12	12	46	23	23	0.0303141485217492	0.0273986300684966	547	20000	20000	1						0.113623730578177
CLOCK	9	9	50	27	23	0.0309918920496542	0.032198390080496	643	20000	20000	1						0.122047022648868
HNRNPU	11	11	49	26	23	0.0341938582236025	0.0330483475826209	660	20000	20000	1						0.122047022648868
PRKAA2	14	14	50	27	23	0.0349407907339273	0.0359482025898705	718	20000	20000	1						0.122047022648868
ARNTL2	5	5	43	24	19	0.0430693220256459	0.0375481225938703	750	20000	20000	1						0.122047022648868
SLC6A4	10	10	50	27	23	0.0402357257293979	0.0385480725963702	770	20000	20000	1						0.122047022648868
OPN4	9	9	47	25	22	0.04045050422719	0.0395480225988701	790	20000	20000	1						0.122047022648868
GSK3B	8	8	50	27	23	0.0388183513731129	0.03964801759912	792	20000	20000	1						0.122047022648868
KCNH7	8	8	50	27	23	0.0388183513731129	0.03964801759912	792	20000	20000	1						0.122047022648868
MAPK10	8	8	50	27	23	0.0388183513731129	0.03964801759912	792	20000	20000	1						0.122047022648868
NOS2	7	7	50	27	23	0.0388183513731129	0.03964801759912	792	20000	20000	1						0.122047022648868
PML	8	8	42	21	21	0.0383848826020349	0.03994800259987	798	20000	20000	1						0.122047022648868
TIMELESS	14	12	48	27	21	0.0430320664190596	0.0410479476026199	820	20000	20000	1						0.122047022648868
EGR1	6	6	47	25	22	0.0402917884824458	0.0415479226038698	830	20000	20000	1						0.122047022648868
KLF10	2	2	47	25	22	0.193612001520269	0.0415479226038698	830	20000	20000	1						0.122047022648868
CSNK1E	14	14	49	27	22	0.0429329438452199	0.0424978751062447	849	20000	20000	1						0.122289803877153
DYRK1A	10	10	48	27	21	0.0496559550273403	0.0457477126143693	914	20000	20000	1						0.129008549572521
PPP1CC	2	2	47	26	21	0.446808510638298	0.0503474826258687	1006	20000	20000	1						0.139195981377402
SIRT1	8	8	46	26	20	0.0544334361691134	0.0521973901304935	1043	20000	20000	1						0.141535230930761
HDAC3	9	9	43	24	19	0.0578121753775417	0.0549472526373681	1098	20000	20000	1						0.144269547086026
GFPT1	11	11	50	27	23	0.0587494958379437	0.0564471776411179	1128	20000	20000	1						0.144269547086026
NTRK1	9	9	49	26	23	0.0567674798074867	0.0575471226438678	1150	20000	20000	1						0.144269547086026
PER1	8	8	43	23	20	0.0577624819755588	0.0586970651467427	1173	20000	20000	1						0.144269547086026
HEBP1	11	11	45	23	22	0.0604484238643838	0.0590970451477426	1181	20000	20000	1						0.144269547086026
NR3C1	10	10	49	26	23	0.0614888049964369	0.0598970051497425	1197	20000	20000	1						0.144269547086026
THRAP3	11	11	50	27	23	0.064416064694847	0.0618469076546173	1236	20000	20000	1						0.144269547086026
DRD4	9	9	39	23	16	0.0627884323101239	0.0618969051547423	1237	20000	20000	1						0.144269547086026
GHRH	7	7	47	25	22	0.0667962978820918	0.064196790160492	1283	20000	20000	1						0.144269547086026
CRY1	14	14	50	27	23	0.0658718826249841	0.0662466876656167	1324	20000	20000	1						0.144269547086026
BTRC	11	11	48	26	22	0.0706063540364173	0.0675466226688666	1350	20000	20000	1						0.144269547086026
PER3	12	11	46	25	21	0.0699949520804856	0.0681465926703665	1362	20000	20000	1						0.144269547086026
NLGN1	4	4	50	27	23	0.0719201950943685	0.0681965901704915	1363	20000	20000	1						0.144269547086026
ATOH7	11	11	39	22	17	0.0719647516088013	0.0686965651717414	1373	20000	20000	1						0.144269547086026
PER2	5	5	49	27	22	0.0791301525618657	0.0693965301734913	1387	20000	20000	1						0.144269547086026
PHLPP1	9	9	48	26	22	0.0697867214364343	0.0701464926753662	1402	20000	20000	1						0.144269547086026
CCAR2	10	10	46	24	22	0.0728195841364373	0.0712964351782411	1425	20000	20000	1						0.144269547086026
ADIPOQ	9	9	49	26	23	0.0723037698728079	0.072246387680616	1444	20000	20000	1						0.144269547086026
CARTPT	9	9	47	26	21	0.0727042350242644	0.0726463676816159	1452	20000	20000	1						0.144269547086026
ADORA1	12	12	49	27	22	0.0838208865060305	0.0804459777011149	1608	20000	20000	1						0.155768238985311
HCRTR2	4	4	48	26	22	0.0711545430806183	0.0806459677016149	1612	20000	20000	1						0.155768238985311
TPH1	11	11	50	27	23	0.0900807666435847	0.0871956402179891	1743	20000	20000	1						0.166143044199141
TOP2A	10	10	50	27	23	0.0999280578690706	0.0973951302434878	1947	20000	20000	1						0.183102844857757
ADCY1	12	12	49	27	22	0.104178872587335	0.101144942752862	2022	20000	20000	1						0.187650485896758
OPN5	10	10	50	27	23	0.105042372445014	0.102694865256737	2053	20000	20000	1						0.18805163637922
NR1H3	5	5	50	27	23	0.136693418089656	0.113794310284486	2275	20000	20000	1						0.205705099360417
USP2	9	9	45	25	20	0.121579965723928	0.12064396780161	2412	20000	20000	1						0.21532657544338
TOP1	11	11	50	27	23	0.133909113790227	0.131943402829859	2638	20000	20000	1						0.232550247487626
NKX2-1	10	10	46	26	20	0.134320682405873	0.134693265336733	2693	20000	20000	1						0.234466054475054
CRY2	11	11	50	27	23	0.141831579828005	0.140192990350482	2803	20000	20000	1						0.241063556578269
SPSB4	6	6	37	19	18	0.15262861373806	0.153042347882606	3060	20000	20000	1						0.259987603029487
SIN3A	10	10	50	27	23	0.178336587286952	0.174341282935853	3486	20000	20000	1						0.292644296356611
ATF4	4	4	48	27	21	0.201442640522856	0.180190990450477	3603	20000	20000	1						0.298905054747263
ADORA2A	7	7	45	25	20	0.224820427316174	0.213739313034348	4274	20000	20000	1						0.346275621001559
HTR7	8	8	48	26	22	0.225994822713112	0.223638818059097	4472	20000	20000	1						0.346275621001559
LGR4	13	13	50	27	23	0.229097880898151	0.224138793060347	4482	20000	20000	1						0.346275621001559
CREB1	11	11	50	27	23	0.225564899811319	0.225188740562972	4503	20000	20000	1						0.346275621001559
ATG7	8	8	50	27	23	0.227392893532795	0.225938703064847	4518	20000	20000	1						0.346275621001559
BTBD9	8	8	50	27	23	0.227392893532795	0.225938703064847	4518	20000	20000	1						0.346275621001559
KDM5A	8	7	50	27	23	0.227392893532795	0.225938703064847	4518	20000	20000	1						0.346275621001559
ID3	6	6	48	26	22	0.221683429213013	0.235788210589471	4715	20000	20000	1						0.357485351538875
EP300	7	7	49	27	22	0.249058905450189	0.242437878106095	4848	20000	20000	1						0.359460088220079
NPAS2	6	6	47	26	21	0.256473438484902	0.245987700614969	4919	20000	20000	1						0.359460088220079
OGT	9	9	49	27	22	0.246970700828487	0.246337683115844	4926	20000	20000	1						0.359460088220079
ARNTL	8	7	49	27	22	0.249058905450189	0.249837508124594	4996	20000	20000	1						0.359460088220079
MTTP	7	7	49	27	22	0.249058905450189	0.249837508124594	4996	20000	20000	1						0.359460088220079
PPP1CB	9	9	50	27	23	0.251736095290151	0.253237338133093	5064	20000	20000	1						0.360671360371375
NR1D2	7	7	47	27	20	0.282485698106828	0.28293585320734	5658	20000	20000	1						0.397752171214969
NPSR1	5	5	48	26	22	0.304396085126448	0.286135693215339	5722	20000	20000	1						0.397752171214969
PAX4	3	3	43	22	21	0.35734543391946	0.287735613219339	5754	20000	20000	1						0.397752171214969
SIAH2	6	6	50	27	23	0.306180512779094	0.291785410729464	5835	20000	20000	1						0.399434397212178
EZH2	14	14	48	26	22	0.30132769422168	0.299535023248838	5990	20000	20000	1						0.40610036805852
CPT1A	6	6	48	27	21	0.366904524926339	0.313884305784711	6277	20000	20000	1						0.417525350147587
SIK1	5	4	48	27	21	0.366904524926339	0.313884305784711	6277	20000	20000	1						0.417525350147587
NR2F6	3	3	43	25	18	0.418604651162791	0.327783610819459	6555	20000	20000	1						0.428788282808082
GHRL	4	4	44	23	21	0.353723984467044	0.328433578321084	6568	20000	20000	1						0.428788282808082
SOX14	5	5	44	25	19	0.364601093897754	0.335333233338333	6706	20000	20000	1						0.433779687162431
DRD3	7	7	49	26	23	0.349296312325631	0.349282535873206	6985	20000	20000	1						0.447716705073837
PPARG	4	4	49	26	23	0.353198726299044	0.353382330883456	7067	20000	20000	1						0.448681990679227
NOCT	11	11	49	27	22	0.359400390196027	0.35843207839608	7168	20000	20000	1						0.448681990679227
SREBF1	7	7	47	26	21	0.359776589201666	0.359582020898955	7191	20000	20000	1						0.448681990679227
HNRNPD	4	4	50	27	23	0.35733825445073	0.364481775911204	7289	20000	20000	1						0.450806407048069
SFPQ	8	8	47	25	22	0.378242029670321	0.382180890955452	7643	20000	20000	1						0.468587005432337
USP7	5	5	50	27	23	0.379653447167124	0.385680715964202	7713	20000	20000	1						0.468801559922004
SUV39H2	4	3	47	24	23	0.49925779317169	0.407329633518324	8146	20000	20000	1						0.490884430137468
ID4	7	7	40	22	18	0.422278148593932	0.416979151042448	8339	20000	20000	1						0.498254748279535
CDK1	8	8	50	27	23	0.433346292500194	0.433928303584821	8678	20000	20000	1						0.514150342903023
LEP	2	2	43	21	22	0.488372093023256	0.474026298685066	9480	20000	20000	1						0.552610799212105
KLF9	8	8	47	27	20	0.47462436173494	0.474226288685566	9484	20000	20000	1						0.552610799212105
NR1D1	8	8	49	26	23	0.500190344176935	0.495475226238688	9909	20000	20000	1						0.570794040943114
CREM	6	6	49	26	23	0.501210924745964	0.501574921253937	10031	20000	20000	1						0.570794040943114
ADRB1	6	6	34	21	13	0.512783564229612	0.501974901254937	10039	20000	20000	1						0.570794040943114
CRTC1	4	4	47	27	20	0.675300647548567	0.516974151292435	10339	20000	20000	1						0.583146842657867
MYBBP1A	7	7	47	27	20	0.572284801162072	0.573021348932553	11460	20000	20000	1						0.641238176186429
GNAQ	6	6	39	22	17	0.593974541342968	0.587970601469927	11759	20000	20000	1						0.652786258324879
TYMS	9	9	48	27	21	0.60567204373852	0.595020248987551	11900	20000	20000	1						0.655451993025349
FBXW11	3	3	50	27	23	0.713469387755106	0.655317234138293	13106	20000	20000	1						0.716276976848832
PRKCG	4	3	44	24	20	0.708245243128977	0.690065496725164	13801	20000	20000	1						0.74845565414037
AGRP	6	6	48	26	22	0.705701918473926	0.696365181740913	13927	20000	20000	1						0.749522829202051
EGR3	7	7	48	25	23	0.739952718676138	0.730463476826159	14609	20000	20000	1						0.774931178253118
NRIP1	3	3	43	24	19	0.694352159468434	0.730963451827409	14619	20000	20000	1						0.774931178253118
ID2	8	8	50	27	23	0.742212874819398	0.739963001849907	14799	20000	20000	1						0.778617785528634
DBP	7	7	41	23	18	0.955098625830325	0.942252887355632	18845	20000	20000	1						0.984130793460327
MTA1	6	6	45	26	19	0.999999999999986	0.969251537423129	19385	20000	20000	1						1
TP53	8	8	45	25	20	0.99999999999999	0.99790010499475	19958	20000	20000	1						1
CSNK1D	3	3	49	27	22	1	1	20000	20000	20000	1						1
MC3R	2	2	42	21	21	1	1	20000	20000	20000	1						1
NGFR	5	5	48	26	22	1	1	20000	20000	20000	1						1
PPARA	3	2	48	26	22	1	1	20000	20000	20000	1						1
