	Run	BioProject	Tissue	Sex	Species	Total sleep time per day (hr)	Platform	Instrument	LibrarySelection	Type
7	SRR13705738	PRJNA701734	blood		Arabian camel	1.7	ILLUMINA	Illumina HiSeq 4000	RANDOM	short sleep
8	SRR13705739	PRJNA701734	blood		Arabian camel	1.7	ILLUMINA	Illumina HiSeq 4000	RANDOM	short sleep
9	SRR13705740	PRJNA701734	blood		Arabian camel	1.7	ILLUMINA	Illumina HiSeq 4000	RANDOM	short sleep
10	SRR13705741	PRJNA701734	blood		Arabian camel	1.7	ILLUMINA	Illumina HiSeq 4000	RANDOM	short sleep
11	SRR13705742	PRJNA701734	blood		Arabian camel	1.7	ILLUMINA	Illumina HiSeq 4000	RANDOM	short sleep
12	SRR13705743	PRJNA701734	blood		Arabian camel	1.7	ILLUMINA	Illumina HiSeq 4000	RANDOM	short sleep
13	SRR13705744	PRJNA701734	blood		Arabian camel	1.7	ILLUMINA	Illumina HiSeq 4000	RANDOM	short sleep
14	SRR13705745	PRJNA701734	blood		Arabian camel	1.7	ILLUMINA	Illumina HiSeq 4000	RANDOM	short sleep
15	SRR13705746	PRJNA701734	blood		Arabian camel	1.7	ILLUMINA	Illumina HiSeq 4000	RANDOM	short sleep
16	SRR13705747	PRJNA701734	blood		Arabian camel	1.7	ILLUMINA	Illumina HiSeq 4000	RANDOM	short sleep
17	SRR13705748	PRJNA701734	blood		Arabian camel	1.7	ILLUMINA	Illumina HiSeq 4000	RANDOM	short sleep
194	SRR20210898	PRJNA858827	blood		Opossum	19.4	ILLUMINA	Illumina NovaSeq 6000	cDNA	long sleep
195	SRR20210899	PRJNA858827	blood		Opossum	19.4	ILLUMINA	Illumina NovaSeq 6000	cDNA	long sleep
196	SRR20210900	PRJNA858827	blood		Opossum	19.4	ILLUMINA	Illumina NovaSeq 6000	cDNA	long sleep
197	SRR20210901	PRJNA858827	blood		Opossum	19.4	ILLUMINA	Illumina NovaSeq 6000	cDNA	long sleep
198	SRR20210902	PRJNA858827	blood		Opossum	19.4	ILLUMINA	Illumina NovaSeq 6000	cDNA	long sleep
199	SRR20210903	PRJNA858827	blood		Opossum	19.4	ILLUMINA	Illumina NovaSeq 6000	cDNA	long sleep
200	SRR20210904	PRJNA858827	blood		Opossum	19.4	ILLUMINA	Illumina NovaSeq 6000	cDNA	long sleep
201	SRR20210905	PRJNA858827	blood		Opossum	19.4	ILLUMINA	Illumina NovaSeq 6000	cDNA	long sleep
202	SRR20210906	PRJNA858827	blood		Opossum	19.4	ILLUMINA	Illumina NovaSeq 6000	cDNA	long sleep
203	SRR20210907	PRJNA858827	blood		Opossum	19.4	ILLUMINA	Illumina NovaSeq 6000	cDNA	long sleep
204	SRR20210908	PRJNA858827	blood		Opossum	19.4	ILLUMINA	Illumina NovaSeq 6000	cDNA	long sleep
205	SRR20210909	PRJNA858827	blood		Opossum	19.4	ILLUMINA	Illumina NovaSeq 6000	cDNA	long sleep
206	SRR20210910	PRJNA858827	blood		Opossum	19.4	ILLUMINA	Illumina NovaSeq 6000	cDNA	long sleep
207	SRR20210911	PRJNA858827	blood		Opossum	19.4	ILLUMINA	Illumina NovaSeq 6000	cDNA	long sleep
208	SRR20210912	PRJNA858827	blood		Opossum	19.4	ILLUMINA	Illumina NovaSeq 6000	cDNA	long sleep
240	SRR17278628	PRJNA790829	blood		Dog	0.712871287	ILLUMINA	Illumina NovaSeq 6000	cDNA	low ratio
241	SRR17278629	PRJNA790829	blood		Dog	0.712871287	ILLUMINA	Illumina NovaSeq 6000	cDNA	low ratio
242	SRR17278630	PRJNA790829	blood		Dog	0.712871287	ILLUMINA	Illumina NovaSeq 6000	cDNA	low ratio
243	SRR17278632	PRJNA790829	blood		Dog	0.712871287	ILLUMINA	Illumina NovaSeq 6000	cDNA	low ratio
244	SRR17278633	PRJNA790829	blood		Dog	0.712871287	ILLUMINA	Illumina NovaSeq 6000	cDNA	low ratio
245	SRR17278634	PRJNA790829	blood		Dog	0.712871287	ILLUMINA	Illumina NovaSeq 6000	cDNA	low ratio
246	SRR17278635	PRJNA790829	blood		Dog	0.712871287	ILLUMINA	Illumina NovaSeq 6000	cDNA	low ratio
247	SRR13899251	PRJNA707872	blood	female	Ferret	0.677348609	ILLUMINA	Illumina HiSeq 2500	cDNA	low ratio
248	SRR13899252	PRJNA707872	blood	female	Ferret	0.677348609	ILLUMINA	Illumina HiSeq 2500	cDNA	low ratio
252	SRR13899256	PRJNA707872	blood	female	Ferret	0.677348609	ILLUMINA	Illumina HiSeq 2500	cDNA	low ratio
253	SRR13899257	PRJNA707872	blood	female	Ferret	0.677348609	ILLUMINA	Illumina HiSeq 2500	cDNA	low ratio
254	SRR13899259	PRJNA707872	blood	female	Ferret	0.677348609	ILLUMINA	Illumina HiSeq 2500	cDNA	low ratio
255	SRR13899260	PRJNA707872	blood	female	Ferret	0.677348609	ILLUMINA	Illumina HiSeq 2500	cDNA	low ratio
256	SRR13899261	PRJNA707872	blood	female	Ferret	0.677348609	ILLUMINA	Illumina HiSeq 2500	cDNA	low ratio
257	SRR13899263	PRJNA707872	blood	female	Ferret	0.677348609	ILLUMINA	Illumina HiSeq 2500	cDNA	low ratio
258	SRR13899264	PRJNA707872	blood	female	Ferret	0.677348609	ILLUMINA	Illumina HiSeq 2500	cDNA	low ratio
259	SRR13899266	PRJNA707872	blood	female	Ferret	0.677348609	ILLUMINA	Illumina HiSeq 2500	cDNA	low ratio
260	SRR13899267	PRJNA707872	blood	female	Ferret	0.677348609	ILLUMINA	Illumina HiSeq 2500	cDNA	low ratio
261	SRR13899268	PRJNA707872	blood	female	Ferret	0.677348609	ILLUMINA	Illumina HiSeq 2500	cDNA	low ratio
262	SRR13899269	PRJNA707872	blood	female	Ferret	0.677348609	ILLUMINA	Illumina HiSeq 2500	cDNA	low ratio
263	SRR13899271	PRJNA707872	blood	female	Ferret	0.677348609	ILLUMINA	Illumina HiSeq 2500	cDNA	low ratio
264	SRR13899272	PRJNA707872	blood	female	Ferret	0.677348609	ILLUMINA	Illumina HiSeq 2500	cDNA	low ratio
265	SRR13899273	PRJNA707872	blood	female	Ferret	0.677348609	ILLUMINA	Illumina HiSeq 2500	cDNA	low ratio
266	SRR13899274	PRJNA707872	blood	female	Ferret	0.677348609	ILLUMINA	Illumina HiSeq 2500	cDNA	low ratio
267	SRR13899275	PRJNA707872	blood	female	Ferret	0.677348609	ILLUMINA	Illumina HiSeq 2500	cDNA	low ratio
268	SRR13899276	PRJNA707872	blood	female	Ferret	0.677348609	ILLUMINA	Illumina HiSeq 2500	cDNA	low ratio
269	SRR13899277	PRJNA707872	blood	female	Ferret	0.677348609	ILLUMINA	Illumina HiSeq 2500	cDNA	low ratio
270	SRR13899278	PRJNA707872	blood	female	Ferret	0.677348609	ILLUMINA	Illumina HiSeq 2500	cDNA	low ratio
271	SRR13899281	PRJNA707872	blood	female	Ferret	0.677348609	ILLUMINA	Illumina HiSeq 2500	cDNA	low ratio
272	SRR13899282	PRJNA707872	blood	female	Ferret	0.677348609	ILLUMINA	Illumina HiSeq 2500	cDNA	low ratio
273	SRR13899283	PRJNA707872	blood	female	Ferret	0.677348609	ILLUMINA	Illumina HiSeq 2500	cDNA	low ratio
274	SRR13899285	PRJNA707872	blood	female	Ferret	0.677348609	ILLUMINA	Illumina HiSeq 2500	cDNA	low ratio
275	SRR13899286	PRJNA707872	blood	female	Ferret	0.677348609	ILLUMINA	Illumina HiSeq 2500	cDNA	low ratio
276	SRR13899287	PRJNA707872	blood	female	Ferret	0.677348609	ILLUMINA	Illumina HiSeq 2500	cDNA	low ratio
277	SRR13899288	PRJNA707872	blood	female	Ferret	0.677348609	ILLUMINA	Illumina HiSeq 2500	cDNA	low ratio
278	SRR13899289	PRJNA707872	blood	female	Ferret	0.677348609	ILLUMINA	Illumina HiSeq 2500	cDNA	low ratio
279	SRR13899290	PRJNA707872	blood	female	Ferret	0.677348609	ILLUMINA	Illumina HiSeq 2500	cDNA	low ratio
281	SRR13899292	PRJNA707872	blood	female	Ferret	0.677348609	ILLUMINA	Illumina HiSeq 2500	cDNA	low ratio
282	SRR13899293	PRJNA707872	blood	female	Ferret	0.677348609	ILLUMINA	Illumina HiSeq 2500	cDNA	low ratio
283	SRR13899296	PRJNA707872	blood	female	Ferret	0.677348609	ILLUMINA	Illumina HiSeq 2500	cDNA	low ratio
284	SRR13899297	PRJNA707872	blood	female	Ferret	0.677348609	ILLUMINA	Illumina HiSeq 2500	cDNA	low ratio
285	SRR13899298	PRJNA707872	blood	female	Ferret	0.677348609	ILLUMINA	Illumina HiSeq 2500	cDNA	low ratio
286	SRR13899299	PRJNA707872	blood	female	Ferret	0.677348609	ILLUMINA	Illumina HiSeq 2500	cDNA	low ratio
287	SRR13899300	PRJNA707872	blood	female	Ferret	0.677348609	ILLUMINA	Illumina HiSeq 2500	cDNA	low ratio
288	SRR13899302	PRJNA707872	blood	female	Ferret	0.677348609	ILLUMINA	Illumina HiSeq 2500	cDNA	low ratio
289	SRR13899303	PRJNA707872	blood	female	Ferret	0.677348609	ILLUMINA	Illumina HiSeq 2500	cDNA	low ratio
290	SRR13899304	PRJNA707872	blood	female	Ferret	0.677348609	ILLUMINA	Illumina HiSeq 2500	cDNA	low ratio
291	SRR13899306	PRJNA707872	blood	female	Ferret	0.677348609	ILLUMINA	Illumina HiSeq 2500	cDNA	low ratio
292	SRR13899307	PRJNA707872	blood	female	Ferret	0.677348609	ILLUMINA	Illumina HiSeq 2500	cDNA	low ratio
293	SRR13899308	PRJNA707872	blood	female	Ferret	0.677348609	ILLUMINA	Illumina HiSeq 2500	cDNA	low ratio
294	SRR13899309	PRJNA707872	blood	female	Ferret	0.677348609	ILLUMINA	Illumina HiSeq 2500	cDNA	low ratio
329	SRR7970209	PRJNA494868	blood	male	Vervet-agm	0.941972921	ILLUMINA	Illumina HiSeq 4000	cDNA	high ratio
331	SRR7970211	PRJNA494868	blood	male	Vervet-agm	0.941972921	ILLUMINA	Illumina HiSeq 4000	cDNA	high ratio
332	SRR7970212	PRJNA494868	blood	male	Vervet-agm	0.941972921	ILLUMINA	Illumina HiSeq 4000	cDNA	high ratio
333	SRR7970213	PRJNA494868	blood	male	Vervet-agm	0.941972921	ILLUMINA	Illumina HiSeq 4000	cDNA	high ratio
334	SRR7970214	PRJNA494868	blood	male	Vervet-agm	0.941972921	ILLUMINA	Illumina HiSeq 4000	cDNA	high ratio
335	SRR7970215	PRJNA494868	blood	male	Vervet-agm	0.941972921	ILLUMINA	Illumina HiSeq 4000	cDNA	high ratio
336	SRR7970216	PRJNA494868	blood	male	Vervet-agm	0.941972921	ILLUMINA	Illumina HiSeq 4000	cDNA	high ratio
337	SRR7970217	PRJNA494868	blood	male	Vervet-agm	0.941972921	ILLUMINA	Illumina HiSeq 4000	cDNA	high ratio
338	SRR7970218	PRJNA494868	blood	male	Vervet-agm	0.941972921	ILLUMINA	Illumina HiSeq 4000	cDNA	high ratio
339	SRR7970219	PRJNA494868	blood	male	Vervet-agm	0.941972921	ILLUMINA	Illumina HiSeq 4000	cDNA	high ratio
340	SRR7970220	PRJNA494868	blood	male	Vervet-agm	0.941972921	ILLUMINA	Illumina HiSeq 4000	cDNA	high ratio
341	SRR7970221	PRJNA494868	blood	male	Vervet-agm	0.941972921	ILLUMINA	Illumina HiSeq 4000	cDNA	high ratio
342	SRR7970222	PRJNA494868	blood	male	Vervet-agm	0.941972921	ILLUMINA	Illumina HiSeq 4000	cDNA	high ratio
343	SRR7970223	PRJNA494868	blood	male	Vervet-agm	0.941972921	ILLUMINA	Illumina HiSeq 4000	cDNA	high ratio
344	SRR7970224	PRJNA494868	blood	male	Vervet-agm	0.941972921	ILLUMINA	Illumina HiSeq 4000	cDNA	high ratio
345	SRR7970225	PRJNA494868	blood	male	Vervet-agm	0.941972921	ILLUMINA	Illumina HiSeq 4000	cDNA	high ratio
346	SRR7970226	PRJNA494868	blood	male	Vervet-agm	0.941972921	ILLUMINA	Illumina HiSeq 4000	cDNA	high ratio
347	SRR7970227	PRJNA494868	blood	male	Vervet-agm	0.941972921	ILLUMINA	Illumina HiSeq 4000	cDNA	high ratio
348	SRR7970228	PRJNA494868	blood	male	Vervet-agm	0.941972921	ILLUMINA	Illumina HiSeq 4000	cDNA	high ratio
349	SRR7970229	PRJNA494868	blood	male	Vervet-agm	0.941972921	ILLUMINA	Illumina HiSeq 4000	cDNA	high ratio
350	SRR7970230	PRJNA494868	blood	male	Vervet-agm	0.941972921	ILLUMINA	Illumina HiSeq 4000	cDNA	high ratio
351	SRR7970231	PRJNA494868	blood	male	Vervet-agm	0.941972921	ILLUMINA	Illumina HiSeq 4000	cDNA	high ratio
352	SRR7970232	PRJNA494868	blood	male	Vervet-agm	0.941972921	ILLUMINA	Illumina HiSeq 4000	cDNA	high ratio
353	SRR7970233	PRJNA494868	blood	male	Vervet-agm	0.941972921	ILLUMINA	Illumina HiSeq 4000	cDNA	high ratio
354	SRR7970234	PRJNA494868	blood	male	Vervet-agm	0.941972921	ILLUMINA	Illumina HiSeq 4000	cDNA	high ratio
355	SRR7970235	PRJNA494868	blood	male	Vervet-agm	0.941972921	ILLUMINA	Illumina HiSeq 4000	cDNA	high ratio
356	SRR7970236	PRJNA494868	blood	male	Vervet-agm	0.941972921	ILLUMINA	Illumina HiSeq 4000	cDNA	high ratio
357	SRR7970237	PRJNA494868	blood	male	Vervet-agm	0.941972921	ILLUMINA	Illumina HiSeq 4000	cDNA	high ratio
358	SRR7970238	PRJNA494868	blood	male	Vervet-agm	0.941972921	ILLUMINA	Illumina HiSeq 4000	cDNA	high ratio
359	SRR7970239	PRJNA494868	blood	male	Vervet-agm	0.941972921	ILLUMINA	Illumina HiSeq 4000	cDNA	high ratio
360	SRR7970240	PRJNA494868	blood	male	Vervet-agm	0.941972921	ILLUMINA	Illumina HiSeq 4000	cDNA	high ratio
361	SRR7970241	PRJNA494868	blood	male	Vervet-agm	0.941972921	ILLUMINA	Illumina HiSeq 4000	cDNA	high ratio
362	SRR7970242	PRJNA494868	blood	male	Vervet-agm	0.941972921	ILLUMINA	Illumina HiSeq 4000	cDNA	high ratio
363	SRR7970243	PRJNA494868	blood	male	Vervet-agm	0.941972921	ILLUMINA	Illumina HiSeq 4000	cDNA	high ratio
364	SRR7970244	PRJNA494868	blood	male	Vervet-agm	0.941972921	ILLUMINA	Illumina HiSeq 4000	cDNA	high ratio
366	SRR7970246	PRJNA494868	blood	male	Vervet-agm	0.941972921	ILLUMINA	Illumina HiSeq 4000	cDNA	high ratio
367	SRR7970247	PRJNA494868	blood	male	Vervet-agm	0.941972921	ILLUMINA	Illumina HiSeq 4000	cDNA	high ratio
368	SRR7970248	PRJNA494868	blood	male	Vervet-agm	0.941972921	ILLUMINA	Illumina HiSeq 4000	cDNA	high ratio
369	SRR7970249	PRJNA494868	blood	male	Vervet-agm	0.941972921	ILLUMINA	Illumina HiSeq 4000	cDNA	high ratio
370	SRR7970250	PRJNA494868	blood	male	Vervet-agm	0.941972921	ILLUMINA	Illumina HiSeq 4000	cDNA	high ratio
371	SRR7970251	PRJNA494868	blood	male	Vervet-agm	0.941972921	ILLUMINA	Illumina HiSeq 4000	cDNA	high ratio
373	SRR7970253	PRJNA494868	blood	male	Vervet-agm	0.941972921	ILLUMINA	Illumina HiSeq 4000	cDNA	high ratio
374	SRR7970254	PRJNA494868	blood	male	Vervet-agm	0.941972921	ILLUMINA	Illumina HiSeq 4000	cDNA	high ratio
375	SRR7970255	PRJNA494868	blood	male	Vervet-agm	0.941972921	ILLUMINA	Illumina HiSeq 4000	cDNA	high ratio
376	SRR7970256	PRJNA494868	blood	male	Vervet-agm	0.941972921	ILLUMINA	Illumina HiSeq 4000	cDNA	high ratio
377	SRR7970257	PRJNA494868	blood	male	Vervet-agm	0.941972921	ILLUMINA	Illumina HiSeq 4000	cDNA	high ratio
378	SRR7970258	PRJNA494868	blood	male	Vervet-agm	0.941972921	ILLUMINA	Illumina HiSeq 4000	cDNA	high ratio
379	SRR7970259	PRJNA494868	blood	male	Vervet-agm	0.941972921	ILLUMINA	Illumina HiSeq 4000	cDNA	high ratio
380	SRR7970260	PRJNA494868	blood	male	Vervet-agm	0.941972921	ILLUMINA	Illumina HiSeq 4000	cDNA	high ratio
381	SRR7970261	PRJNA494868	blood	male	Vervet-agm	0.941972921	ILLUMINA	Illumina HiSeq 4000	cDNA	high ratio
382	SRR7970262	PRJNA494868	blood	male	Vervet-agm	0.941972921	ILLUMINA	Illumina HiSeq 4000	cDNA	high ratio
383	SRR7970263	PRJNA494868	blood	male	Vervet-agm	0.941972921	ILLUMINA	Illumina HiSeq 4000	cDNA	high ratio
384	SRR7970264	PRJNA494868	blood	male	Vervet-agm	0.941972921	ILLUMINA	Illumina HiSeq 4000	cDNA	high ratio
385	SRR7970265	PRJNA494868	blood	male	Vervet-agm	0.941972921	ILLUMINA	Illumina HiSeq 4000	cDNA	high ratio
386	SRR7970266	PRJNA494868	blood	male	Vervet-agm	0.941972921	ILLUMINA	Illumina HiSeq 4000	cDNA	high ratio
387	SRR7970267	PRJNA494868	blood	male	Vervet-agm	0.941972921	ILLUMINA	Illumina HiSeq 4000	cDNA	high ratio
388	SRR7970268	PRJNA494868	blood	male	Vervet-agm	0.941972921	ILLUMINA	Illumina HiSeq 4000	cDNA	high ratio
389	SRR7970269	PRJNA494868	blood	male	Vervet-agm	0.941972921	ILLUMINA	Illumina HiSeq 4000	cDNA	high ratio
390	SRR7970270	PRJNA494868	blood	male	Vervet-agm	0.941972921	ILLUMINA	Illumina HiSeq 4000	cDNA	high ratio
391	SRR7970271	PRJNA494868	blood	male	Vervet-agm	0.941972921	ILLUMINA	Illumina HiSeq 4000	cDNA	high ratio
392	SRR7970272	PRJNA494868	blood	male	Vervet-agm	0.941972921	ILLUMINA	Illumina HiSeq 4000	cDNA	high ratio
393	SRR7970273	PRJNA494868	blood	male	Vervet-agm	0.941972921	ILLUMINA	Illumina HiSeq 4000	cDNA	high ratio
394	SRR7970274	PRJNA494868	blood	male	Vervet-agm	0.941972921	ILLUMINA	Illumina HiSeq 4000	cDNA	high ratio
395	SRR7970275	PRJNA494868	blood	male	Vervet-agm	0.941972921	ILLUMINA	Illumina HiSeq 4000	cDNA	high ratio
396	SRR7970276	PRJNA494868	blood	male	Vervet-agm	0.941972921	ILLUMINA	Illumina HiSeq 4000	cDNA	high ratio
397	SRR7970277	PRJNA494868	blood	male	Vervet-agm	0.941972921	ILLUMINA	Illumina HiSeq 4000	cDNA	high ratio
398	SRR7970278	PRJNA494868	blood	male	Vervet-agm	0.941972921	ILLUMINA	Illumina HiSeq 4000	cDNA	high ratio
399	SRR7970279	PRJNA494868	blood	male	Vervet-agm	0.941972921	ILLUMINA	Illumina HiSeq 4000	cDNA	high ratio
400	SRR7970280	PRJNA494868	blood	male	Vervet-agm	0.941972921	ILLUMINA	Illumina HiSeq 4000	cDNA	high ratio
401	SRR7970281	PRJNA494868	blood	male	Vervet-agm	0.941972921	ILLUMINA	Illumina HiSeq 4000	cDNA	high ratio
402	SRR7970282	PRJNA494868	blood	male	Vervet-agm	0.941972921	ILLUMINA	Illumina HiSeq 4000	cDNA	high ratio
403	SRR7970283	PRJNA494868	blood	male	Vervet-agm	0.941972921	ILLUMINA	Illumina HiSeq 4000	cDNA	high ratio
404	SRR7970284	PRJNA494868	blood	male	Vervet-agm	0.941972921	ILLUMINA	Illumina HiSeq 4000	cDNA	high ratio
405	SRR7970285	PRJNA494868	blood	male	Vervet-agm	0.941972921	ILLUMINA	Illumina HiSeq 4000	cDNA	high ratio
406	SRR7970286	PRJNA494868	blood	male	Vervet-agm	0.941972921	ILLUMINA	Illumina HiSeq 4000	cDNA	high ratio
407	SRR7970287	PRJNA494868	blood	male	Vervet-agm	0.941972921	ILLUMINA	Illumina HiSeq 4000	cDNA	high ratio
408	SRR7970288	PRJNA494868	blood	male	Vervet-agm	0.941972921	ILLUMINA	Illumina HiSeq 4000	cDNA	high ratio
409	SRR7970289	PRJNA494868	blood	male	Vervet-agm	0.941972921	ILLUMINA	Illumina HiSeq 4000	cDNA	high ratio
410	SRR7970290	PRJNA494868	blood	male	Vervet-agm	0.941972921	ILLUMINA	Illumina HiSeq 4000	cDNA	high ratio
411	SRR7970291	PRJNA494868	blood	male	Vervet-agm	0.941972921	ILLUMINA	Illumina HiSeq 4000	cDNA	high ratio
412	SRR7970292	PRJNA494868	blood	male	Vervet-agm	0.941972921	ILLUMINA	Illumina HiSeq 4000	cDNA	high ratio
413	SRR7970293	PRJNA494868	blood	male	Vervet-agm	0.941972921	ILLUMINA	Illumina HiSeq 4000	cDNA	high ratio
414	SRR7970294	PRJNA494868	blood	male	Vervet-agm	0.941972921	ILLUMINA	Illumina HiSeq 4000	cDNA	high ratio
415	SRR7970295	PRJNA494868	blood	male	Vervet-agm	0.941972921	ILLUMINA	Illumina HiSeq 4000	cDNA	high ratio
416	SRR7970296	PRJNA494868	blood	male	Vervet-agm	0.941972921	ILLUMINA	Illumina HiSeq 4000	cDNA	high ratio
417	SRR7970297	PRJNA494868	blood	male	Vervet-agm	0.941972921	ILLUMINA	Illumina HiSeq 4000	cDNA	high ratio
418	SRR7970298	PRJNA494868	blood	male	Vervet-agm	0.941972921	ILLUMINA	Illumina HiSeq 4000	cDNA	high ratio
419	SRR7970299	PRJNA494868	blood	male	Vervet-agm	0.941972921	ILLUMINA	Illumina HiSeq 4000	cDNA	high ratio
420	SRR7970300	PRJNA494868	blood	male	Vervet-agm	0.941972921	ILLUMINA	Illumina HiSeq 4000	cDNA	high ratio
421	SRR7970301	PRJNA494868	blood	male	Vervet-agm	0.941972921	ILLUMINA	Illumina HiSeq 4000	cDNA	high ratio
422	SRR7970302	PRJNA494868	blood	male	Vervet-agm	0.941972921	ILLUMINA	Illumina HiSeq 4000	cDNA	high ratio
423	SRR7970303	PRJNA494868	blood	male	Vervet-agm	0.941972921	ILLUMINA	Illumina HiSeq 4000	cDNA	high ratio
424	SRR7970304	PRJNA494868	blood	male	Vervet-agm	0.941972921	ILLUMINA	Illumina HiSeq 4000	cDNA	high ratio
425	SRR7970305	PRJNA494868	blood	male	Vervet-agm	0.941972921	ILLUMINA	Illumina HiSeq 4000	cDNA	high ratio
426	SRR7970306	PRJNA494868	blood	male	Vervet-agm	0.941972921	ILLUMINA	Illumina HiSeq 4000	cDNA	high ratio
427	SRR7970307	PRJNA494868	blood	male	Vervet-agm	0.941972921	ILLUMINA	Illumina HiSeq 4000	cDNA	high ratio
428	SRR7970308	PRJNA494868	blood	male	Vervet-agm	0.941972921	ILLUMINA	Illumina HiSeq 4000	cDNA	high ratio
429	SRR7970309	PRJNA494868	blood	male	Vervet-agm	0.941972921	ILLUMINA	Illumina HiSeq 4000	cDNA	high ratio
430	SRR7970310	PRJNA494868	blood	male	Vervet-agm	0.941972921	ILLUMINA	Illumina HiSeq 4000	cDNA	high ratio
431	SRR7970311	PRJNA494868	blood	male	Vervet-agm	0.941972921	ILLUMINA	Illumina HiSeq 4000	cDNA	high ratio
432	SRR7970312	PRJNA494868	blood	male	Vervet-agm	0.941972921	ILLUMINA	Illumina HiSeq 4000	cDNA	high ratio
433	SRR7970313	PRJNA494868	blood	male	Vervet-agm	0.941972921	ILLUMINA	Illumina HiSeq 4000	cDNA	high ratio
434	SRR7970314	PRJNA494868	blood	male	Vervet-agm	0.941972921	ILLUMINA	Illumina HiSeq 4000	cDNA	high ratio
435	SRR7970315	PRJNA494868	blood	male	Vervet-agm	0.941972921	ILLUMINA	Illumina HiSeq 4000	cDNA	high ratio
436	SRR7970316	PRJNA494868	blood	male	Vervet-agm	0.941972921	ILLUMINA	Illumina HiSeq 4000	cDNA	high ratio
437	SRR7970317	PRJNA494868	blood	male	Vervet-agm	0.941972921	ILLUMINA	Illumina HiSeq 4000	cDNA	high ratio
438	SRR7970318	PRJNA494868	blood	male	Vervet-agm	0.941972921	ILLUMINA	Illumina HiSeq 4000	cDNA	high ratio
439	SRR7970319	PRJNA494868	blood	male	Vervet-agm	0.941972921	ILLUMINA	Illumina HiSeq 4000	cDNA	high ratio
440	SRR7970320	PRJNA494868	blood	male	Vervet-agm	0.941972921	ILLUMINA	Illumina HiSeq 4000	cDNA	high ratio
441	SRR7970321	PRJNA494868	blood	male	Vervet-agm	0.941972921	ILLUMINA	Illumina HiSeq 4000	cDNA	high ratio
442	SRR7970322	PRJNA494868	blood	male	Vervet-agm	0.941972921	ILLUMINA	Illumina HiSeq 4000	cDNA	high ratio
443	SRR7970323	PRJNA494868	blood	male	Vervet-agm	0.941972921	ILLUMINA	Illumina HiSeq 4000	cDNA	high ratio
444	SRR7970324	PRJNA494868	blood	male	Vervet-agm	0.941972921	ILLUMINA	Illumina HiSeq 4000	cDNA	high ratio
445	SRR7970325	PRJNA494868	blood	male	Vervet-agm	0.941972921	ILLUMINA	Illumina HiSeq 4000	cDNA	high ratio
446	SRR7970326	PRJNA494868	blood	male	Vervet-agm	0.941972921	ILLUMINA	Illumina HiSeq 4000	cDNA	high ratio
447	SRR7970327	PRJNA494868	blood	male	Vervet-agm	0.941972921	ILLUMINA	Illumina HiSeq 4000	cDNA	high ratio
448	SRR7970328	PRJNA494868	blood	male	Vervet-agm	0.941972921	ILLUMINA	Illumina HiSeq 4000	cDNA	high ratio
449	SRR7970329	PRJNA494868	blood	male	Vervet-agm	0.941972921	ILLUMINA	Illumina HiSeq 4000	cDNA	high ratio
450	SRR7970330	PRJNA494868	blood	male	Vervet-agm	0.941972921	ILLUMINA	Illumina HiSeq 4000	cDNA	high ratio
451	SRR7970331	PRJNA494868	blood	male	Vervet-agm	0.941972921	ILLUMINA	Illumina HiSeq 4000	cDNA	high ratio
452	SRR7970332	PRJNA494868	blood	male	Vervet-agm	0.941972921	ILLUMINA	Illumina HiSeq 4000	cDNA	high ratio
453	SRR7970333	PRJNA494868	blood	male	Vervet-agm	0.941972921	ILLUMINA	Illumina HiSeq 4000	cDNA	high ratio
454	SRR7970334	PRJNA494868	blood	male	Vervet-agm	0.941972921	ILLUMINA	Illumina HiSeq 4000	cDNA	high ratio
455	SRR7970335	PRJNA494868	blood	male	Vervet-agm	0.941972921	ILLUMINA	Illumina HiSeq 4000	cDNA	high ratio
456	SRR7970336	PRJNA494868	blood	male	Vervet-agm	0.941972921	ILLUMINA	Illumina HiSeq 4000	cDNA	high ratio
457	SRR7970337	PRJNA494868	blood	male	Vervet-agm	0.941972921	ILLUMINA	Illumina HiSeq 4000	cDNA	high ratio
458	SRR7970338	PRJNA494868	blood	male	Vervet-agm	0.941972921	ILLUMINA	Illumina HiSeq 4000	cDNA	high ratio
459	SRR7970339	PRJNA494868	blood	male	Vervet-agm	0.941972921	ILLUMINA	Illumina HiSeq 4000	cDNA	high ratio
460	SRR7970340	PRJNA494868	blood	male	Vervet-agm	0.941972921	ILLUMINA	Illumina HiSeq 4000	cDNA	high ratio
463	SRR7970343	PRJNA494868	blood	male	Vervet-agm	0.941972921	ILLUMINA	Illumina HiSeq 4000	cDNA	high ratio
464	SRR24772313	PRJNA977995	blood	male	Zebra finch	0.985003408	ILLUMINA	Illumina NovaSeq 6000	POLYA	high ratio
465	SRR24772314	PRJNA977995	blood	female	Zebra finch	0.985003408	ILLUMINA	Illumina NovaSeq 6000	POLYA	high ratio
466	SRR24772315	PRJNA977995	blood	female	Zebra finch	0.985003408	ILLUMINA	Illumina NovaSeq 6000	POLYA	high ratio
467	SRR24772319	PRJNA977995	blood	female	Zebra finch	0.985003408	ILLUMINA	Illumina NovaSeq 6000	POLYA	high ratio
468	SRR24772330	PRJNA977995	blood	male	Zebra finch	0.985003408	ILLUMINA	Illumina NovaSeq 6000	POLYA	high ratio
469	SRR24772341	PRJNA977995	blood	male	Zebra finch	0.985003408	ILLUMINA	Illumina NovaSeq 6000	POLYA	high ratio
470	SRR24772352	PRJNA977995	blood	male	Zebra finch	0.985003408	ILLUMINA	Illumina NovaSeq 6000	POLYA	high ratio
471	SRR24772363	PRJNA977995	blood	male	Zebra finch	0.985003408	ILLUMINA	Illumina NovaSeq 6000	POLYA	high ratio
472	SRR24772369	PRJNA977995	blood	female	Zebra finch	0.985003408	ILLUMINA	Illumina NovaSeq 6000	POLYA	high ratio
473	SRR24772370	PRJNA977995	blood	female	Zebra finch	0.985003408	ILLUMINA	Illumina NovaSeq 6000	POLYA	high ratio
474	SRR24772371	PRJNA977995	blood	female	Zebra finch	0.985003408	ILLUMINA	Illumina NovaSeq 6000	POLYA	high ratio
475	SRR24772372	PRJNA977995	blood	male	Zebra finch	0.985003408	ILLUMINA	Illumina NovaSeq 6000	POLYA	high ratio
476	SRR24772373	PRJNA977995	blood	male	Zebra finch	0.985003408	ILLUMINA	Illumina NovaSeq 6000	POLYA	high ratio
477	SRR24772374	PRJNA977995	blood	male	Zebra finch	0.985003408	ILLUMINA	Illumina NovaSeq 6000	POLYA	high ratio
478	SRR24772375	PRJNA977995	blood	male	Zebra finch	0.985003408	ILLUMINA	Illumina NovaSeq 6000	POLYA	high ratio
479	SRR13449229	PRJNA692626	blood		Pig	0.736263736	ILLUMINA	Illumina NovaSeq 6000	cDNA	low ratio
480	SRR13449230	PRJNA692626	blood		Pig	0.736263736	ILLUMINA	Illumina NovaSeq 6000	cDNA	low ratio
481	SRR13449233	PRJNA692626	blood		Pig	0.736263736	ILLUMINA	Illumina NovaSeq 6000	cDNA	low ratio
482	SRR13449234	PRJNA692626	blood		Pig	0.736263736	ILLUMINA	Illumina NovaSeq 6000	cDNA	low ratio
483	SRR13449237	PRJNA692626	blood		Pig	0.736263736	ILLUMINA	Illumina NovaSeq 6000	cDNA	low ratio
484	SRR13449238	PRJNA692626	blood		Pig	0.736263736	ILLUMINA	Illumina NovaSeq 6000	cDNA	low ratio
485	SRR13449243	PRJNA692626	blood		Pig	0.736263736	ILLUMINA	Illumina NovaSeq 6000	cDNA	low ratio
486	SRR13449244	PRJNA692626	blood		Pig	0.736263736	ILLUMINA	Illumina NovaSeq 6000	cDNA	low ratio
487	SRR13449263	PRJNA692626	blood		Pig	0.736263736	ILLUMINA	Illumina NovaSeq 6000	cDNA	low ratio
488	SRR13449264	PRJNA692626	blood		Pig	0.736263736	ILLUMINA	Illumina NovaSeq 6000	cDNA	low ratio
489	SRR13449265	PRJNA692626	blood		Pig	0.736263736	ILLUMINA	Illumina NovaSeq 6000	cDNA	low ratio
490	SRR13449266	PRJNA692626	blood		Pig	0.736263736	ILLUMINA	Illumina NovaSeq 6000	cDNA	low ratio
491	SRR13449269	PRJNA692626	blood		Pig	0.736263736	ILLUMINA	Illumina NovaSeq 6000	cDNA	low ratio
492	SRR13449270	PRJNA692626	blood		Pig	0.736263736	ILLUMINA	Illumina NovaSeq 6000	cDNA	low ratio
493	SRR13449273	PRJNA692626	blood		Pig	0.736263736	ILLUMINA	Illumina NovaSeq 6000	cDNA	low ratio
494	SRR13449274	PRJNA692626	blood		Pig	0.736263736	ILLUMINA	Illumina NovaSeq 6000	cDNA	low ratio
495	SRR13449275	PRJNA692626	blood		Pig	0.736263736	ILLUMINA	Illumina NovaSeq 6000	cDNA	low ratio
496	SRR13449276	PRJNA692626	blood		Pig	0.736263736	ILLUMINA	Illumina NovaSeq 6000	cDNA	low ratio
497	SRR13449277	PRJNA692626	blood		Pig	0.736263736	ILLUMINA	Illumina NovaSeq 6000	cDNA	low ratio
498	SRR13449278	PRJNA692626	blood		Pig	0.736263736	ILLUMINA	Illumina NovaSeq 6000	cDNA	low ratio
499	SRR13449283	PRJNA692626	blood		Pig	0.736263736	ILLUMINA	Illumina NovaSeq 6000	cDNA	low ratio
500	SRR13449284	PRJNA692626	blood		Pig	0.736263736	ILLUMINA	Illumina NovaSeq 6000	cDNA	low ratio
501	SRR13449291	PRJNA692626	blood		Pig	0.736263736	ILLUMINA	Illumina NovaSeq 6000	cDNA	low ratio
502	SRR13449292	PRJNA692626	blood		Pig	0.736263736	ILLUMINA	Illumina NovaSeq 6000	cDNA	low ratio
503	SRR13449293	PRJNA692626	blood		Pig	0.736263736	ILLUMINA	Illumina NovaSeq 6000	cDNA	low ratio
504	SRR13449294	PRJNA692626	blood		Pig	0.736263736	ILLUMINA	Illumina NovaSeq 6000	cDNA	low ratio
505	SRR13449297	PRJNA692626	blood		Pig	0.736263736	ILLUMINA	Illumina NovaSeq 6000	cDNA	low ratio
506	SRR13449298	PRJNA692626	blood		Pig	0.736263736	ILLUMINA	Illumina NovaSeq 6000	cDNA	low ratio
507	SRR13449309	PRJNA692626	blood		Pig	0.736263736	ILLUMINA	Illumina NovaSeq 6000	cDNA	low ratio
508	SRR13449310	PRJNA692626	blood		Pig	0.736263736	ILLUMINA	Illumina NovaSeq 6000	cDNA	low ratio
509	SRR13449315	PRJNA692626	blood		Pig	0.736263736	ILLUMINA	Illumina NovaSeq 6000	cDNA	low ratio
510	SRR13449316	PRJNA692626	blood		Pig	0.736263736	ILLUMINA	Illumina NovaSeq 6000	cDNA	low ratio
511	SRR13449321	PRJNA692626	blood		Pig	0.736263736	ILLUMINA	Illumina NovaSeq 6000	cDNA	low ratio
512	SRR13449322	PRJNA692626	blood		Pig	0.736263736	ILLUMINA	Illumina NovaSeq 6000	cDNA	low ratio
513	SRR13449325	PRJNA692626	blood		Pig	0.736263736	ILLUMINA	Illumina NovaSeq 6000	cDNA	low ratio
514	SRR13449326	PRJNA692626	blood		Pig	0.736263736	ILLUMINA	Illumina NovaSeq 6000	cDNA	low ratio
515	SRR13449331	PRJNA692626	blood		Pig	0.736263736	ILLUMINA	Illumina NovaSeq 6000	cDNA	low ratio
516	SRR13449332	PRJNA692626	blood		Pig	0.736263736	ILLUMINA	Illumina NovaSeq 6000	cDNA	low ratio
517	SRR13449341	PRJNA692626	blood		Pig	0.736263736	ILLUMINA	Illumina NovaSeq 6000	cDNA	low ratio
518	SRR13449342	PRJNA692626	blood		Pig	0.736263736	ILLUMINA	Illumina NovaSeq 6000	cDNA	low ratio
519	SRR13449355	PRJNA692626	blood		Pig	0.736263736	ILLUMINA	Illumina NovaSeq 6000	cDNA	low ratio
520	SRR13449356	PRJNA692626	blood		Pig	0.736263736	ILLUMINA	Illumina NovaSeq 6000	cDNA	low ratio
521	SRR13449369	PRJNA692626	blood		Pig	0.736263736	ILLUMINA	Illumina NovaSeq 6000	cDNA	low ratio
522	SRR13449370	PRJNA692626	blood		Pig	0.736263736	ILLUMINA	Illumina NovaSeq 6000	cDNA	low ratio
523	SRR13449383	PRJNA692626	blood		Pig	0.736263736	ILLUMINA	Illumina NovaSeq 6000	cDNA	low ratio
524	SRR13449384	PRJNA692626	blood		Pig	0.736263736	ILLUMINA	Illumina NovaSeq 6000	cDNA	low ratio
