Gene	P	logFC	LowNREM_VS_HighNREM	FDR
ADIPOQ	1.0024135260144e-15	-8.60929781115216	Sleep More than twice Associated	1.34323412485929e-13
CRY1	0.000685559026250472	-1.22483233898496	Sleep More than twice Associated	0.0569013991787892
CRY2	1.71281342471625e-05	1.63545743610534	Sleep Once Associated	0.00161004461923327
AHR	3.49033521039176e-32	-4.07588836987181	Sleep More than twice Associated	5.37511622400332e-30
AANAT	0.493676997367649	-0.731656007723094	Sleep More than twice Associated	1
NPAS2	0.00212021442189329	-2.06602072860252	Sleep More than twice Associated	0.16113629606389
CLOCK	3.98002062572706e-08	-2.5550371211212	Sleep More than twice Associated	4.29842227578522e-06
PER3	7.26098231550134e-22	-4.90040171355813	Sleep More than twice Associated	1.0746253826942e-19
TIMELESS	0.0107768332585578	-1.1230582181856	Sleep More than twice Associated	0.689717328547701
ADORA2A	0.173786268463233	-0.673164665082541	Sleep More than twice Associated	1
MTA1	0.463733235829402	-0.288383304311541	Sleep More than twice Associated	1
PTGDS	2.25546479343439e-12	10.5302019143081	Sleep Once Associated	2.88699493559602e-10
PER1	2.95012335829764e-12	-2.45993794903712	Sleep More than twice Associated	3.746656665038e-10
PER2	0.0301624850862978	1.13487213093488	Sleep Once Associated	1
TP53	2.871519164769e-13	-2.21096812790625	Sleep More than twice Associated	3.70425972255201e-11
ATG7	0.104670500738779	-0.584401000239103	Sleep More than twice Associated	1
ADRB1	3.70785233082885e-16	-9.95677196510817	Sleep More than twice Associated	5.04267916992724e-14
BTBD9	0.229192020474151	-0.437517715172874	Sleep More than twice Associated	1
HCRTR2	1	-8.45754773260087e-16	Sleep More than twice Associated	1
RAI1	0.632642912573195	0.182509314798953	Sleep Once Associated	1
CREB1	2.84467654437381e-07	-1.88547447124639	Sleep More than twice Associated	3.01535713703623e-05
ADCY1	1.43640528161357e-06	-3.41084542602996	Sleep More than twice Associated	0.000145076933442971
ADORA1	5.95144695181342e-16	5.13542247637836	Sleep Once Associated	8.03445338494812e-14
AGRP	0.0634562149145437	-2.03062366218035	Sleep More than twice Associated	1
ATF4	5.96298199346382e-05	-1.71564963906754	Sleep More than twice Associated	0.00548594343398672
ATF5	0.717288097641863	0.162579844075061	Sleep Once Associated	1
ATOH7	0.0655321373584702	1.76193685118602	Sleep Once Associated	1
CARTPT	0.315145889362196	-0.947351012441788	Sleep More than twice Associated	1
CAVIN3	0.370399120074927	-0.647031224330715	Sleep More than twice Associated	1
CCAR2	7.9063753139523e-05	-1.63781914509415	Sleep More than twice Associated	0.00711573778255707
CHRNB2	0.708449483410929	0.339506692280323	Sleep Once Associated	1
CIPC	0.193291637323948	0.464414316525925	Sleep Once Associated	1
CLDN4	0.167921065272299	1.71257562306087	Sleep Once Associated	1
CPT1A	1.30627188249649e-06	-1.5567902093718	Sleep More than twice Associated	0.000134546003897138
CREM	2.65125050465622e-06	-1.83023293425292	Sleep More than twice Associated	0.000262473799960966
CRH	0.999999999999998	1.83792848623807e-15	Sleep Once Associated	1
CRTC1	0.786873819134693	0.132977762632425	Sleep Once Associated	1
DRD2	0.119717353016012	1.49533472705373	Sleep Once Associated	1
DRD3	2.81009068478584e-06	3.91452801044048	Sleep Once Associated	0.000275388887109013
DRD4	0.0313054585048076	3.63057694023027	Sleep Once Associated	1
EGR1	1.40519852461443e-30	-7.12618361940501	Sleep More than twice Associated	2.14995374266007e-28
EGR3	2.53262930144355e-08	-3.88853735331323	Sleep More than twice Associated	2.81121852460235e-06
EP300	1.00256279953283e-09	-3.29336242860846	Sleep More than twice Associated	1.18302410344874e-07
EZH2	2.57368719851851e-23	-3.19057450606493	Sleep More than twice Associated	3.83479392579257e-21
F7	0.000311196528916316	3.20643770865749	Sleep Once Associated	0.0268155407451213
FBXW11	0.0777721523062693	-0.653085429080748	Sleep More than twice Associated	1
GFPT1	6.72987063097607e-18	-2.64354998539073	Sleep More than twice Associated	9.35452017705673e-16
GHRH	1.38980508217148e-06	-5.36267938324292	Sleep More than twice Associated	0.000141760118381491
GHRL	0.0101683530699337	-2.14539775563997	Sleep More than twice Associated	0.660942949545689
GNA11	2.21869142553557e-08	-3.79121010100668	Sleep More than twice Associated	2.48493439659984e-06
GNAQ	0.00962805941834208	1.09339410771347	Sleep Once Associated	0.635451921610577
HDAC1	0.889391439860271	-0.0396411750823261	Sleep More than twice Associated	1
HDAC2	5.40175392842532e-24	-3.83131767909378	Sleep More than twice Associated	8.10263089263797e-22
HDAC3	1.24355608491332e-11	1.01680844727653	Sleep Once Associated	1.56688066699078e-09
HEBP1	0.00273732384333217	-3.3574659992277	Sleep More than twice Associated	0.199824640563249
HNRNPD	6.79922384721334e-123	7.50889047428268	Sleep Once Associated	1.10827348709577e-120
HNRNPU	7.77951752821211e-22	-3.0442111236286	Sleep More than twice Associated	1.14358907664718e-19
HTR7	0.179828728542284	-1.23760868275751	Sleep More than twice Associated	1
ID2	0.0565117090487046	-0.555680820558131	Sleep More than twice Associated	1
ID4	0.451162623627308	-0.919930535191108	Sleep More than twice Associated	1
KCNA2	0.0167504204157936	-1.71792148690069	Sleep More than twice Associated	1
KCNH7	3.88176530293489e-15	5.25176713000187	Sleep Once Associated	5.12393019987406e-13
KDM5A	0.651411920911536	-0.170729080305158	Sleep More than twice Associated	1
KLF10	3.82072234205278e-11	-2.14717643851022	Sleep More than twice Associated	4.69948848072492e-09
KLF9	0.00251510301481113	-1.94601997448045	Sleep More than twice Associated	0.188632726110835
KMT2A	1.72114505434732e-19	-3.05898224578045	Sleep More than twice Associated	2.4440259771732e-17
LEP	1.07465970579707e-19	7.23386208823941	Sleep Once Associated	1.5367633792898e-17
LGR4	4.20984283311115e-21	-6.42477200818	Sleep More than twice Associated	6.10427210801117e-19
MAGEL2	4.01976906236956e-28	-7.83759281875451	Sleep More than twice Associated	6.06985128417803e-26
MAPK10	0.00155010802862831	-2.77781220886418	Sleep More than twice Associated	0.124008642290264
MAPK8	6.2773707052869e-09	-2.07443873803228	Sleep More than twice Associated	7.21897631107993e-07
MAPK9	1.0328175399387e-17	-3.22093082905325	Sleep More than twice Associated	1.4252882051154e-15
MC3R	1	2.09584762816668e-16	Sleep Once Associated	1
METTL3	0.000432679586015642	1.65486719788151	Sleep Once Associated	0.0367777648113296
MTNR1A	0.999999999999999	-1.62861748361339e-15	Sleep More than twice Associated	1
MTNR1B	0.978053998078888	-0.0301192242973313	Sleep More than twice Associated	1
MTTP	0.509031069714701	0.672156535558415	Sleep Once Associated	1
MYCBP2	3.25355646514397e-99	-3.42914803209823	Sleep More than twice Associated	5.2382259088818e-97
NAMPT	8.42440230514478e-97	14.6022513762754	Sleep Once Associated	1.34790436882317e-94
NCOA2	0.0538347875909609	-0.710604753919029	Sleep More than twice Associated	1
NCOR1	2.601943940065e-11	-2.03885305047759	Sleep More than twice Associated	3.25242992508125e-09
NFIL3	0.905815386706906	0.058370360541946	Sleep Once Associated	1
NGFR	0.298093042781425	0.891420148920212	Sleep Once Associated	1
NKX2-1	0.833745561397155	0.170003394520764	Sleep Once Associated	1
NLGN1	0.797426265575262	0.189571748435923	Sleep Once Associated	1
NOCT	0.01872464341006	-1.22288369163091	Sleep More than twice Associated	1
NOS2	0.335149120947468	-0.9212076740887	Sleep More than twice Associated	1
NPS	0.837115225354754	-0.168824103356226	Sleep More than twice Associated	1
NR1D2	3.14637728003354e-05	-1.50879858861469	Sleep More than twice Associated	0.00292613087043119
NR1H3	0.144404723684189	0.727730923300351	Sleep Once Associated	1
NR3C1	0.504356338354966	-0.242667596560543	Sleep More than twice Associated	1
NRIP1	3.8615796098094e-08	-2.14975069814358	Sleep More than twice Associated	4.20912177469224e-06
NTRK1	0.00148893418500211	2.9082826798413	Sleep Once Associated	0.120603668985171
OPN3	3.19266129920325e-11	5.9718636884127	Sleep Once Associated	3.95890001101204e-09
OPN4	0.893546865878116	-0.118600728445396	Sleep More than twice Associated	1
OPN5	1	-4.53433373620073e-16	Sleep More than twice Associated	1
PAX4	0.343502212989653	-0.841391433113309	Sleep More than twice Associated	1
PHLPP1	0.00733121538119733	-1.22695542841141	Sleep More than twice Associated	0.498522645921418
PML	0.000308224606265762	-0.737644475492065	Sleep More than twice Associated	0.0268155407451213
PPARA	0.00468808064834577	1.82541945630164	Sleep Once Associated	0.328165645384204
PPARGC1A	0.00190050193734003	-2.78100135155422	Sleep More than twice Associated	0.146338649175182
PPP1CB	0.0017374773393694	-1.21602135106361	Sleep More than twice Associated	0.137260709810182
PPP1CC	0.00178453741494145	-1.17210473850786	Sleep More than twice Associated	0.139193918365433
PRKCG	0.0567403492541156	-1.77279800162047	Sleep More than twice Associated	1
PRKDC	7.30043850164226e-09	-2.25689413362248	Sleep More than twice Associated	8.32249989187218e-07
PRMT5	0.979584254087951	-0.00958589192585629	Sleep More than twice Associated	1
PROK2	2.24676960775888e-21	13.2618630687949	Sleep Once Associated	3.28028362732797e-19
PROKR2	9.99722159346935e-09	5.85804462647958	Sleep Once Associated	1.12968604006204e-06
PROX1	5.41800724239854e-19	-4.9659895470272	Sleep More than twice Associated	7.63939021178194e-17
PSPC1	0.218875421673071	-0.476073183603598	Sleep More than twice Associated	1
RBM4	5.51990283811166e-07	-2.46600483994399	Sleep More than twice Associated	5.79589798001724e-05
RBM4B	8.7615126688054e-64	2.71215528335618	Sleep Once Associated	1.37555748900245e-61
RELB	0.00715544901820262	1.291606436749	Sleep Once Associated	0.493725982255981
SERPINE1	1.21433135259029e-18	-5.46857333253917	Sleep More than twice Associated	1.70006389362641e-16
SETX	0.0037521931074411	-0.289357823082265	Sleep More than twice Associated	0.270157903735759
SFPQ	4.29779379828433e-09	-1.83558251694179	Sleep More than twice Associated	4.98544080600982e-07
SIN3A	0.412253135634552	-0.304772222387453	Sleep More than twice Associated	1
SIRT1	0.341787159464044	-0.346450265887346	Sleep More than twice Associated	1
SLC6A4	4.71768407875183e-10	-2.91046509457023	Sleep More than twice Associated	5.70839773528971e-08
SOX14	0.170391357150119	-1.58094041520462	Sleep More than twice Associated	1
SREBF1	0.550526427803356	-0.234778375865897	Sleep More than twice Associated	1
SUV39H2	9.6460773650997e-64	9.71649875301265	Sleep Once Associated	1.50478806895555e-61
TH	0.385075548050978	-1.00401906441111	Sleep More than twice Associated	1
THRAP3	3.28462647162474e-65	-1.20214241935452	Sleep More than twice Associated	5.18970982516709e-63
TNFRSF11A	1.13963376952347e-05	-4.04642211321459	Sleep More than twice Associated	0.0010826520810473
TOP1	0.00391239292665279	-2.31134512069105	Sleep More than twice Associated	0.277779897792348
TOP2A	1.02425460541204e-28	-4.63119974366698	Sleep More than twice Associated	1.55686700022629e-26
TPH1	6.47711396710405e-07	5.30684667473698	Sleep Once Associated	6.73619852578821e-05
TYMS	1.22223180052046e-13	-3.9841906783173	Sleep More than twice Associated	1.6011236586818e-11
ID3	4.03303110137687e-06	2.23235054177487	Sleep Once Associated	0.000391204016833556
MYBBP1A	2.22416761228415e-13	-1.60930369311128	Sleep More than twice Associated	2.8914178959694e-11
NR2F6	2.36581067906051e-16	6.29212298416554	Sleep Once Associated	3.2411606303129e-14
PPARG	4.81130584341019e-10	-6.75621888942096	Sleep More than twice Associated	5.77356701209223e-08
PPP1CA	1.0752666218706e-92	16.4850896942692	Sleep Once Associated	1.70967392877426e-90
PRKAA1	0.671939881181879	0.146732656187017	Sleep Once Associated	1
PRKAA2	1.8779227382423e-15	-8.0538817011582	Sleep More than twice Associated	2.49763724186226e-13
SIK1	5.23277529915029e-36	-7.96500923933591	Sleep More than twice Associated	8.11080171368295e-34
BHLHE40	0.106326135646439	-0.660214032078396	Sleep More than twice Associated	1
BHLHE41	2.45602444929264e-06	4.34247967532929	Sleep Once Associated	0.000245602444929264
CIART	7.8793434994666e-08	-5.71679091496334	Sleep More than twice Associated	8.43089754442927e-06
DBP	0.646507073355243	0.215048979247191	Sleep Once Associated	1
ARNTL	0.358448591480701	-0.354811174583527	Sleep More than twice Associated	1
ARNTL2	0.000951554387950141	-2.59866460984102	Sleep More than twice Associated	0.0780274598119116
CSNK1D	2.6741226157729e-111	14.3379248232879	Sleep Once Associated	4.3320786375521e-109
CSNK1E	2.56140381921701e-09	-1.85954817681241	Sleep More than twice Associated	2.9968424684839e-07
GSK3B	3.97685253493642e-10	-2.2209205933475	Sleep More than twice Associated	4.85176009262243e-08
NR1D1	0.929573513080968	0.0514098154634419	Sleep Once Associated	1
RORA	4.76687764689497e-06	-2.0433519193988	Sleep More than twice Associated	0.000457620254101917
BTRC	0.462911410919366	0.267670318653129	Sleep Once Associated	1
CDK1	2.99797900128595e-08	-3.28173247433511	Sleep More than twice Associated	3.29777690141454e-06
DYRK1A	0.00256395555247482	-1.48699509130945	Sleep More than twice Associated	0.189732710883136
FBXL3	0.0147859045951726	-1.09230084978158	Sleep More than twice Associated	0.931511989495873
FBXW7	7.07049809832569e-05	-1.5093706334114	Sleep More than twice Associated	0.00643415326947638
OGT	0.0296314450354491	-0.912629134646482	Sleep More than twice Associated	1
PARP1	0.000517798122990751	-1.00998180427767	Sleep More than twice Associated	0.0434950423312231
RORB	0.152060513148949	-1.29281501050864	Sleep More than twice Associated	1
RORC	0.0656439315015751	-1.17263516577875	Sleep More than twice Associated	1
SIAH2	0.000209369689686949	1.33450481626388	Sleep Once Associated	0.0184245326924515
SPSB4	0.0181817342928438	-2.27754380726613	Sleep More than twice Associated	1
UBE3A	1.69377585231675e-20	-2.69110604823384	Sleep More than twice Associated	2.43903722733612e-18
USP2	0.00741626347118483	-2.48110368213454	Sleep More than twice Associated	0.498522645921418
USP7	0.000134834852946602	-1.51211553498008	Sleep More than twice Associated	0.0120003019122476
USP9X	6.00623317448901e-10	-1.81332204020718	Sleep More than twice Associated	7.14741747764193e-08
