	Gene	P	logFC	high.Control_vs_low	P.adj	color	size	category
1	ADIPOQ	7.86481740143055e-32	-2.65196271903829	Down-Regulated	1.28196523643318e-29	Down-Regulated	3	Down-Regulated
2	CRY1	1.08216545666915e-62	-5.35340473488264	Down-Regulated	1.76392969437072e-60	Down-Regulated	3	Down-Regulated
3	CRY2	1.47376550086315e-46	3.3835010935733	Up-Regulated	2.40223776640694e-44	Up-Regulated	3	Up-Regulated
4	AHR	2.25540164233865e-40	-5.45026451350223	Down-Regulated	3.67630467701199e-38	Down-Regulated	3	Down-Regulated
5	AANAT	6.23172034731401e-18	2.08097153621873	Up-Regulated	1.01577041661218e-15	Up-Regulated	3	Up-Regulated
6	NPAS2	3.47187412337195e-28	-3.60374749230963	Down-Regulated	5.65915482109628e-26	Down-Regulated	3	Down-Regulated
7	CLOCK	2.19054151865705e-42	-5.66145349330621	Down-Regulated	3.57058267541099e-40	Down-Regulated	3	Down-Regulated
8	PER3	2.26749241363243e-26	-3.54800860481034	Down-Regulated	3.69601263422086e-24	Down-Regulated	3	Down-Regulated
9	TIMELESS	2.22035384988699e-09	-1.26129177642768	Down-Regulated	3.6191767753158e-07	Down-Regulated	3	Down-Regulated
10	ADORA2A	5.39992059803907e-38	3.66685682367095	Up-Regulated	8.80187057480368e-36	Up-Regulated	3	Up-Regulated
11	MTA1	0.88752200358832	0.0300191493773463	Up-Regulated	1	Not Significant	1	Not Significant
12	PTGDS	4.95471419906731e-18	2.5871852361421	Up-Regulated	8.07618414447971e-16	Up-Regulated	3	Up-Regulated
13	PER1	2.31304680433728e-37	-3.69305921673245	Down-Regulated	3.77026629106977e-35	Down-Regulated	3	Down-Regulated
14	PER2	2.79431019576126e-13	-2.14012186047012	Down-Regulated	4.55472561909085e-11	Down-Regulated	3	Down-Regulated
15	TP53	2.87833971259367e-34	-1.9465938371699	Down-Regulated	4.69169373152768e-32	Down-Regulated	3	Down-Regulated
16	ATG7	7.9453961990671e-07	-1.07638307355836	Down-Regulated	0.000129509958044794	Down-Regulated	3	Down-Regulated
17	ADRB1	9.6131694219507e-18	2.80126060807522	Up-Regulated	1.56694661577796e-15	Up-Regulated	3	Up-Regulated
18	BTBD9	8.73398160355151e-28	-3.42821292771301	Down-Regulated	1.4236390013789e-25	Down-Regulated	3	Down-Regulated
19	HCRTR2	5.9997736286959e-05	0.352941017349897	Up-Regulated	0.00977963101477431	Up-Regulated	3	Up-Regulated
20	RAI1	0.00773287088127597	0.589514689317034	Up-Regulated	1	Not Significant	1	Not Significant
21	CREB1	5.63109965993123e-20	-3.07986696599578	Down-Regulated	9.17869244568791e-18	Down-Regulated	3	Down-Regulated
22	ADCY1	9.21541839862463e-06	-0.995869856817596	Down-Regulated	0.00150211319897582	Down-Regulated	3	Down-Regulated
23	ADORA1	0.396780234234695	0.101307407869722	Up-Regulated	1	Not Significant	1	Not Significant
24	AGRP	1.26206327927745e-28	-3.63609310749759	Down-Regulated	2.05716314522225e-26	Down-Regulated	3	Down-Regulated
25	ATF4	5.05761786109242e-11	-1.0291806840491	Down-Regulated	8.24391711358065e-09	Down-Regulated	3	Down-Regulated
26	ATF5	5.90003223665369e-11	-1.22211002099183	Down-Regulated	9.61705254574551e-09	Down-Regulated	3	Down-Regulated
27	ATOH7	0.00396328571643953	0.163000459417876	Up-Regulated	0.646015571779643	Not Significant	1	Not Significant
28	CARTPT	3.55327052120012e-06	0.628794183524362	Up-Regulated	0.00057918309495562	Up-Regulated	3	Up-Regulated
29	CAVIN3	3.53079416136003e-47	7.15416792602324	Up-Regulated	5.75519448301686e-45	Up-Regulated	3	Up-Regulated
30	CCAR2	2.45479375613461e-14	-1.34084277254626	Down-Regulated	4.00131382249942e-12	Down-Regulated	3	Down-Regulated
31	CHRNB2	0.13361092000074	-0.325659672826985	Down-Regulated	1	Not Significant	1	Not Significant
32	CIPC	0.0150256395947068	0.469568166899723	Up-Regulated	1	Not Significant	1	Not Significant
33	CLDN4	1.33548828873571e-12	1.47277922421798	Up-Regulated	2.17684591063921e-10	Up-Regulated	3	Up-Regulated
34	CPT1A	1.33535737493272e-16	-2.13350799295494	Down-Regulated	2.17663252114033e-14	Down-Regulated	3	Down-Regulated
35	CREM	2.58700458251542e-17	-2.46655820096372	Down-Regulated	4.21681746950014e-15	Down-Regulated	3	Down-Regulated
36	CRH	0.0019849181736288	0.33027689204858	Up-Regulated	0.323541662301494	Not Significant	1	Not Significant
37	CRTC1	4.63316749493075e-07	1.13329424963389	Up-Regulated	7.55206301673712e-05	Up-Regulated	3	Up-Regulated
38	DRD2	3.75724638849026e-11	0.974921232949236	Up-Regulated	6.12431161323912e-09	Up-Regulated	3	Up-Regulated
39	DRD3	0.403213668679345	-0.0725034031971291	Down-Regulated	1	Not Significant	1	Not Significant
40	DRD4	1.46739204622438e-09	1.48513838462959	Up-Regulated	2.39184903534575e-07	Up-Regulated	3	Up-Regulated
41	EGR1	3.92140261757169e-62	-9.7567158962092	Down-Regulated	6.39188626664185e-60	Down-Regulated	3	Down-Regulated
42	EGR3	4.7847446695423e-16	-4.1475913472274	Down-Regulated	7.79913381135394e-14	Down-Regulated	3	Down-Regulated
43	EP300	2.5312652402349e-111	10.4934830062259	Up-Regulated	4.12596234158289e-109	Up-Regulated	3	Up-Regulated
44	EZH2	2.32655265126795e-06	-0.736201329558274	Down-Regulated	0.000379228082156677	Down-Regulated	3	Down-Regulated
45	F7	1.80203956632084e-13	1.39534883212124	Up-Regulated	2.93732449310297e-11	Up-Regulated	3	Up-Regulated
46	FBXW11	0.51013857324792	0.15365143504363	Up-Regulated	1	Not Significant	1	Not Significant
47	GFPT1	6.50272753742993e-32	-3.99364876507018	Down-Regulated	1.05994458860108e-29	Down-Regulated	3	Down-Regulated
48	GHRH	0.00538524786214967	0.350177101659686	Up-Regulated	0.877795401530396	Not Significant	1	Not Significant
49	GHRL	3.13164446494588e-81	-5.96848692753665	Down-Regulated	5.10458047786179e-79	Down-Regulated	3	Down-Regulated
50	GNA11	9.79310115057941e-86	8.34345774437288	Up-Regulated	1.59627548754444e-83	Up-Regulated	3	Up-Regulated
51	GNAQ	1.98048623328543e-30	4.46654812049651	Up-Regulated	3.22819256025525e-28	Up-Regulated	3	Up-Regulated
52	HDAC1	0.0054196658500715	-0.49621736515851	Down-Regulated	0.883405533561654	Not Significant	1	Not Significant
53	HDAC2	2.00741376522509e-25	-2.30410957122132	Down-Regulated	3.27208443731689e-23	Down-Regulated	3	Down-Regulated
54	HDAC3	0.00672627562747955	-0.442335740205013	Down-Regulated	1	Not Significant	1	Not Significant
55	HEBP1	0.21189921472299	0.5126468014465	Up-Regulated	1	Not Significant	1	Not Significant
56	HNRNPD	1.15055658243321e-101	8.74347100948296	Up-Regulated	1.87540722936613e-99	Up-Regulated	3	Up-Regulated
57	HNRNPU	4.36672629564143e-16	-1.71415292610714	Down-Regulated	7.11776386189553e-14	Down-Regulated	3	Down-Regulated
58	HTR7	7.26433586354853e-14	-2.14021063595856	Down-Regulated	1.18408674575841e-11	Down-Regulated	3	Down-Regulated
59	ID2	1.7528356799835e-95	-9.42180749410048	Down-Regulated	2.85712215837311e-93	Down-Regulated	3	Down-Regulated
60	ID4	5.5787691736638e-25	1.7167960821305	Up-Regulated	9.09339375307199e-23	Up-Regulated	3	Up-Regulated
61	KCNA2	1.31315062071024e-26	-2.49297307912249	Down-Regulated	2.14043551175769e-24	Down-Regulated	3	Down-Regulated
62	KCNH7	0.0210091306370259	0.420753270636043	Up-Regulated	1	Not Significant	1	Not Significant
63	KDM5A	1.68726821306497e-07	-1.13000757929833	Down-Regulated	2.75024718729591e-05	Down-Regulated	3	Down-Regulated
64	KLF10	1.88518715992666e-27	-2.71819425760634	Down-Regulated	3.07285507068046e-25	Down-Regulated	3	Down-Regulated
65	KLF9	2.23594861974097e-40	-5.73550044625329	Down-Regulated	3.64459625017779e-38	Down-Regulated	3	Down-Regulated
66	KMT2A	1.13358115390723e-26	-3.53456756982162	Down-Regulated	1.84773728086878e-24	Down-Regulated	3	Down-Regulated
67	LEP	3.69746182561694e-05	0.0688190045794236	Up-Regulated	0.00602686277575561	Up-Regulated	3	Up-Regulated
68	LGR4	8.85785001871409e-63	-7.31003787542504	Down-Regulated	1.4438295530504e-60	Down-Regulated	3	Down-Regulated
69	MAGEL2	4.58094567444574e-22	2.28770015264621	Up-Regulated	7.46694144934655e-20	Up-Regulated	3	Up-Regulated
70	MAPK10	0.0156462870589462	-0.467631944521272	Down-Regulated	1	Not Significant	1	Not Significant
71	MAPK8	2.41742423715502e-32	-3.2847902538394	Down-Regulated	3.94040150656269e-30	Down-Regulated	3	Down-Regulated
72	MAPK9	4.6695390019594e-52	-5.58952912411372	Down-Regulated	7.61134857319383e-50	Down-Regulated	3	Down-Regulated
73	MC3R	6.10813547885308e-29	-1.00000144269432	Down-Regulated	9.95626083053052e-27	Down-Regulated	3	Down-Regulated
74	METTL3	3.96693222637721e-05	-0.773578200242887	Down-Regulated	0.00646609952899485	Down-Regulated	3	Down-Regulated
75	MTNR1A	1.21508114811244e-30	1.55299406021367	Up-Regulated	1.98058227142327e-28	Up-Regulated	3	Up-Regulated
76	MTNR1B	4.8838930362152e-32	2.26874613516803	Up-Regulated	7.96074564903077e-30	Up-Regulated	3	Up-Regulated
77	MTTP	0.222392841653094	0.287976752955333	Up-Regulated	1	Not Significant	1	Not Significant
78	MYCBP2	8.72482606618144e-26	-3.00999407689061	Down-Regulated	1.42214664878757e-23	Down-Regulated	3	Down-Regulated
79	NAMPT	1.08820421409892e-46	5.63450617329417	Up-Regulated	1.77377286898124e-44	Up-Regulated	3	Up-Regulated
80	NCOA2	5.30570982043909e-17	-2.16877461821259	Down-Regulated	8.64830700731571e-15	Down-Regulated	3	Down-Regulated
81	NCOR1	1.90529360586832e-19	-1.74228957136705	Down-Regulated	3.10562857756537e-17	Down-Regulated	3	Down-Regulated
82	NFIL3	0.251453489070625	0.222143995717303	Up-Regulated	1	Not Significant	1	Not Significant
83	NGFR	0.00337188231909596	1.01574592177706	Up-Regulated	0.549616818012642	Not Significant	1	Not Significant
84	NKX2-1	4.66866726739009e-05	0.437792352316848	Up-Regulated	0.00760992764584584	Up-Regulated	3	Up-Regulated
85	NLGN1	0.00666443569338813	0.255813970263883	Up-Regulated	1	Not Significant	1	Not Significant
86	NOCT	3.28582427697194e-23	-2.53047136614269	Down-Regulated	5.35589357146426e-21	Down-Regulated	3	Down-Regulated
87	NOS2	0.00300628044689745	0.871058870698699	Up-Regulated	0.490023712844285	Not Significant	1	Not Significant
88	NPS	0.262805746003479	0.0232558139534884	Up-Regulated	1	Not Significant	1	Not Significant
89	NPSR1		0	Down-Regulated				
90	NR1D2	0.000346910812815978	-0.728356241125411	Down-Regulated	0.0565464624890044	Not Significant	1	Not Significant
91	NR1H3	1.4956202759751e-10	2.60155231607953	Up-Regulated	2.43786104983941e-08	Up-Regulated	3	Up-Regulated
92	NR3C1	1.43141566687449e-39	-5.25287418653785	Down-Regulated	2.33320753700541e-37	Down-Regulated	3	Down-Regulated
93	NRIP1	1.05555525242308e-41	-4.89594453297666	Down-Regulated	1.72055506144961e-39	Down-Regulated	3	Down-Regulated
94	NTRK1	9.59216158538475e-69	5.91544812999943	Up-Regulated	1.56352233841771e-66	Up-Regulated	3	Up-Regulated
95	OPN3	1.12295952624385e-11	-1.05540677194764	Down-Regulated	1.83042402777748e-09	Down-Regulated	3	Down-Regulated
96	OPN4	5.38963856512528e-08	1.35602392810815	Up-Regulated	8.7851108611542e-06	Up-Regulated	3	Up-Regulated
97	OPN5	1	-4.35449863421576e-18	Down-Regulated	1	Not Significant	1	Not Significant
98	PAX4	1.66077487167706e-31	1.67382162404229	Up-Regulated	2.70706304083361e-29	Up-Regulated	3	Up-Regulated
99	PHLPP1	1.97217818705626e-13	-1.73391432461544	Down-Regulated	3.21465044490171e-11	Down-Regulated	3	Down-Regulated
100	PML	6.5877270688331e-06	1.00843044748517	Up-Regulated	0.0010737995122198	Up-Regulated	3	Up-Regulated
101	PPARA	0.0334270902579905	-0.663362779681737	Down-Regulated	1	Not Significant	1	Not Significant
102	PPARGC1A	0.0017413163955998	-0.824542425582769	Down-Regulated	0.283834572482767	Not Significant	1	Not Significant
103	PPP1CB	1.36047612906794e-37	-4.96033397529422	Down-Regulated	2.21757609038073e-35	Down-Regulated	3	Down-Regulated
104	PPP1CC	2.0995189757707e-29	-2.8289850560165	Down-Regulated	3.42221593050623e-27	Down-Regulated	3	Down-Regulated
105	PRKCG	7.67595827758421e-09	-1.17974028104	Down-Regulated	1.25118119924623e-06	Down-Regulated	3	Down-Regulated
106	PRKDC	1.47688920606458e-37	-3.92597194436603	Down-Regulated	2.40732940588526e-35	Down-Regulated	3	Down-Regulated
107	PRMT5	1.82533228097039e-25	-2.24669349916881	Down-Regulated	2.97529161798174e-23	Down-Regulated	3	Down-Regulated
108	PROK2	1.00222715325488e-66	6.62581566899092	Up-Regulated	1.63363025980545e-64	Up-Regulated	3	Up-Regulated
109	PROKR2	0.561699549172718	0.140902660616124	Up-Regulated	1	Not Significant	1	Not Significant
110	PROX1	7.42444043831931e-08	1.29321229944796	Up-Regulated	1.21018379144605e-05	Up-Regulated	3	Up-Regulated
111	PSPC1	9.85172830233913e-16	-1.78682438128871	Down-Regulated	1.60583171328128e-13	Down-Regulated	3	Down-Regulated
112	RBM4	3.66602093982772e-17	-1.3835240885693	Down-Regulated	5.97561413191919e-15	Down-Regulated	3	Down-Regulated
113	RBM4B	2.58245731030025e-56	3.45778599920729	Up-Regulated	4.20940541578941e-54	Up-Regulated	3	Up-Regulated
114	RELB	0.00020729065324061	0.609636509698204	Up-Regulated	0.0337883764782194	Up-Regulated	3	Up-Regulated
115	SERPINE1	1.15612951636927e-16	-4.47027200942039	Down-Regulated	1.88449111168191e-14	Down-Regulated	3	Down-Regulated
116	SETX	2.92910605114179e-23	-2.34135197225871	Down-Regulated	4.77444286336111e-21	Down-Regulated	3	Down-Regulated
117	SFPQ	7.76205874162539e-23	-2.26336989766502	Down-Regulated	1.26521557488494e-20	Down-Regulated	3	Down-Regulated
118	SIN3A	6.30506499467718e-12	1.35033376492004	Up-Regulated	1.02772559413238e-09	Up-Regulated	3	Up-Regulated
119	SIRT1	2.84436742913986e-42	-2.77983258597162	Down-Regulated	4.63631890949798e-40	Down-Regulated	3	Down-Regulated
120	SLC6A4	0.409385306549366	-0.229317684218612	Down-Regulated	1	Not Significant	1	Not Significant
121	SOX14	1.01614362811661e-39	1.3041145224886	Up-Regulated	1.65631411383007e-37	Up-Regulated	3	Up-Regulated
122	SREBF1	6.10182575295965e-15	-2.76112160670871	Down-Regulated	9.94597597732423e-13	Down-Regulated	3	Down-Regulated
123	SUV39H2	0.600080420105447	0.11627906976744	Up-Regulated	1	Not Significant	1	Not Significant
124	TH	1.43175390015581e-42	4.89050303662812	Up-Regulated	2.33375885725396e-40	Up-Regulated	3	Up-Regulated
125	THRAP3	1.43202727325101e-43	-2.21288177367527	Down-Regulated	2.33420445539915e-41	Down-Regulated	3	Down-Regulated
126	TNFRSF11A	3.16273713369293e-39	-5.26019287570887	Down-Regulated	5.15526152791948e-37	Down-Regulated	3	Down-Regulated
127	TOP1	1.079436254884e-28	-2.39336220381281	Down-Regulated	1.75948109546092e-26	Down-Regulated	3	Down-Regulated
128	TOP2A	6.19866844452168e-21	-3.03283351767132	Down-Regulated	1.01038295645703e-18	Down-Regulated	3	Down-Regulated
129	TPH1	0.00553505965926599	0.493494401042258	Up-Regulated	0.902214724460357	Not Significant	1	Not Significant
130	TYMS	6.47119757339611e-05	-0.976260858252927	Down-Regulated	0.0105480520446357	Down-Regulated	3	Down-Regulated
131	ID3	3.00857821521331e-30	2.96062474886631	Up-Regulated	4.90398249079769e-28	Up-Regulated	3	Up-Regulated
132	MYBBP1A	1.34473452109459e-16	-1.04694951253989	Down-Regulated	2.19191726938418e-14	Down-Regulated	3	Down-Regulated
133	NR2F6	1.60192426733863e-91	7.86607072195509	Up-Regulated	2.61113655576196e-89	Up-Regulated	3	Up-Regulated
134	PPARG	8.74266209648211e-27	-4.08623105725312	Down-Regulated	1.42505392172658e-24	Down-Regulated	3	Down-Regulated
135	PPP1CA	4.3183306877905e-169	11.0052762867295	Up-Regulated	7.03887902109851e-167	Up-Regulated	3	Up-Regulated
136	PRKAA1	5.63134074369308e-37	-3.91307818703957	Down-Regulated	9.17908541221972e-35	Down-Regulated	3	Down-Regulated
137	PRKAA2	0.0076654155904523	-0.991509858284063	Down-Regulated	1	Not Significant	1	Not Significant
138	SIK1	4.38603398260127e-23	-2.62748405472147	Down-Regulated	7.14923539164007e-21	Down-Regulated	3	Down-Regulated
139	BHLHE40	5.98190049047275e-14	-1.67948325072239	Down-Regulated	9.75049779947058e-12	Down-Regulated	3	Down-Regulated
140	BHLHE41	1.36176682003252e-108	7.56239983714596	Up-Regulated	2.21967991665301e-106	Up-Regulated	3	Up-Regulated
141	CIART	6.16129599843348e-48	-4.53432691345341	Down-Regulated	1.00429124774466e-45	Down-Regulated	3	Down-Regulated
142	DBP	1.07974535309442e-08	0.878180204921378	Up-Regulated	1.75998492554391e-06	Up-Regulated	3	Up-Regulated
143	ARNTL	2.68795466875514e-18	-2.45057352386185	Down-Regulated	4.38136611007087e-16	Down-Regulated	3	Down-Regulated
144	ARNTL2	3.69920996930459e-74	-4.78497100786206	Down-Regulated	6.02971224996648e-72	Down-Regulated	3	Down-Regulated
145	CSNK1D	7.19590572947866e-119	10.1820148713572	Up-Regulated	1.17293263390502e-116	Up-Regulated	3	Up-Regulated
146	CSNK1E	1.62927150811449e-15	-1.6644761643034	Down-Regulated	2.65571255822662e-13	Down-Regulated	3	Down-Regulated
147	GSK3B	1.60484988275105e-13	-1.48456416641768	Down-Regulated	2.61590530888421e-11	Down-Regulated	3	Down-Regulated
148	NR1D1	2.84463107999009e-21	-2.18179033182518	Down-Regulated	4.63674866038385e-19	Down-Regulated	3	Down-Regulated
149	RORA	7.69143295072143e-39	-4.1113997044144	Down-Regulated	1.25370357096759e-36	Down-Regulated	3	Down-Regulated
150	BTRC	2.32560419870309e-07	-1.15417797428068	Down-Regulated	3.79073484388603e-05	Down-Regulated	3	Down-Regulated
151	CDK1	3.44716299570561e-33	-4.74636198806577	Down-Regulated	5.61887568300015e-31	Down-Regulated	3	Down-Regulated
152	DYRK1A	1.6327734558261e-95	8.37669239803216	Up-Regulated	2.66142073299655e-93	Up-Regulated	3	Up-Regulated
153	FBXL3	1.71415522226713e-34	-3.36079683964607	Down-Regulated	2.79407301229542e-32	Down-Regulated	3	Down-Regulated
154	FBXW7	1.25650084097181e-51	-5.39193742667481	Down-Regulated	2.04809637078405e-49	Down-Regulated	3	Down-Regulated
155	OGT	4.29094000617567e-39	-4.13654237218718	Down-Regulated	6.99423221006634e-37	Down-Regulated	3	Down-Regulated
156	PARP1	0.0886895905146661	0.368378283377833	Up-Regulated	1	Not Significant	1	Not Significant
157	RORB	0.000117992208623956	0.57786305546119	Up-Regulated	0.0192327300057047	Up-Regulated	3	Up-Regulated
158	RORC	1.23368972467682e-06	-1.61389946736711	Down-Regulated	0.000201091425122321	Down-Regulated	3	Down-Regulated
159	SIAH2	8.8093561070612e-23	-1.74209652571476	Down-Regulated	1.43592504545098e-20	Down-Regulated	3	Down-Regulated
160	SPSB4	4.74708008603544e-05	0.454681675539064	Up-Regulated	0.00773774054023776	Up-Regulated	3	Up-Regulated
161	UBE3A	3.80980602024328e-40	-3.93593591864272	Down-Regulated	6.20998381299654e-38	Down-Regulated	3	Down-Regulated
162	USP2	0.00188914807543617	-0.8148700028266	Down-Regulated	0.307931136296096	Not Significant	1	Not Significant
163	USP7	1.5338467133106e-09	-1.11852810658422	Down-Regulated	2.50017014269627e-07	Down-Regulated	3	Down-Regulated
164	USP9X	4.01143222813898e-41	-3.84267078641269	Down-Regulated	6.53863453186653e-39	Down-Regulated	3	Down-Regulated
